store_id,week,treated,post,did,sales_thousand_eur,oracle_location_quality,oracle_week_shock
1,1,1,0,0,90.52190601832748,1.7356146609913912,0.0
1,2,1,0,0,94.77531859677676,1.7356146609913912,2.5
1,3,1,0,0,90.90006162673247,1.7356146609913912,-1.0
1,4,1,0,0,93.53068124939833,1.7356146609913912,3.0
1,5,1,0,0,84.87162922525104,1.7356146609913912,-2.0
1,6,1,1,1,98.85221314333144,1.7356146609913912,5.0
1,7,1,1,1,93.32055415134381,1.7356146609913912,1.5
1,8,1,1,1,97.37294403869953,1.7356146609913912,4.0
1,9,1,1,1,92.31364507497834,1.7356146609913912,-1.5
1,10,1,1,1,95.64064116247181,1.7356146609913912,3.5
2,1,0,0,0,58.490444659428555,-1.850707923479733,0.0
2,2,0,0,0,62.99545542029757,-1.850707923479733,2.5
2,3,0,0,0,57.76779904522486,-1.850707923479733,-1.0
2,4,0,0,0,60.46747036842198,-1.850707923479733,3.0
2,5,0,0,0,54.57089174728414,-1.850707923479733,-2.0
2,6,0,1,0,61.16572292385328,-1.850707923479733,5.0
2,7,0,1,0,59.25757220717643,-1.850707923479733,1.5
2,8,0,1,0,63.056738677469994,-1.850707923479733,4.0
2,9,0,1,0,56.35001405512534,-1.850707923479733,-1.5
2,10,0,1,0,60.619505548224495,-1.850707923479733,3.5
3,1,0,0,0,72.5866264883263,-0.7016130337949886,0.0
3,2,0,0,0,68.60751516951112,-0.7016130337949886,2.5
3,3,0,0,0,68.61263928777714,-0.7016130337949886,-1.0
3,4,0,0,0,72.939445461111,-0.7016130337949886,3.0
3,5,0,0,0,65.35917453411238,-0.7016130337949886,-2.0
3,6,0,1,0,75.94133810821728,-0.7016130337949886,5.0
3,7,0,1,0,68.33834486089135,-0.7016130337949886,1.5
3,8,0,1,0,74.683398665484,-0.7016130337949886,4.0
3,9,0,1,0,68.640280001203,-0.7016130337949886,-1.5
3,10,0,1,0,72.46737805203095,-0.7016130337949886,3.5
4,1,0,0,0,73.20067031968541,-0.22425255798633742,0.0
4,2,0,0,0,75.23301382557953,-0.22425255798633742,2.5
4,3,0,0,0,74.19087750413276,-0.22425255798633742,-1.0
4,4,0,0,0,75.51363521413369,-0.22425255798633742,3.0
4,5,0,0,0,75.38277348853832,-0.22425255798633742,-2.0
4,6,0,1,0,80.10856311531919,-0.22425255798633742,5.0
4,7,0,1,0,76.28615600227229,-0.22425255798633742,1.5
4,8,0,1,0,77.97027876233136,-0.22425255798633742,4.0
4,9,0,1,0,73.59614301076073,-0.22425255798633742,-1.5
4,10,0,1,0,76.81385847592466,-0.22425255798633742,3.5
5,1,1,0,0,75.28299448930436,-0.0758547941375477,0.0
5,2,1,0,0,80.81756134176997,-0.0758547941375477,2.5
5,3,1,0,0,72.83189427967417,-0.0758547941375477,-1.0
5,4,1,0,0,76.3911734921697,-0.0758547941375477,3.0
5,5,1,0,0,74.40767226531138,-0.0758547941375477,-2.0
5,6,1,1,1,85.03277754159315,-0.0758547941375477,5.0
5,7,1,1,1,80.24412967891327,-0.0758547941375477,1.5
5,8,1,1,1,82.570754733205,-0.0758547941375477,4.0
5,9,1,1,1,76.10957065986982,-0.0758547941375477,-1.5
5,10,1,1,1,83.18133677476081,-0.0758547941375477,3.5
6,1,1,0,0,79.88813871617542,0.758103055259488,0.0
6,2,1,0,0,82.59668404640504,0.758103055259488,2.5
6,3,1,0,0,81.6723237932072,0.758103055259488,-1.0
6,4,1,0,0,82.36140911483945,0.758103055259488,3.0
6,5,1,0,0,80.41375647419508,0.758103055259488,-2.0
6,6,1,1,1,89.5418854423094,0.758103055259488,5.0
6,7,1,1,1,86.34615490121253,0.758103055259488,1.5
6,8,1,1,1,88.06854962318283,0.758103055259488,4.0
6,9,1,1,1,81.38691832046466,0.758103055259488,-1.5
6,10,1,1,1,84.84936168902426,0.758103055259488,3.5
7,1,1,0,0,76.85272296683381,0.07734023460974272,0.0
7,2,1,0,0,77.94458838483716,0.07734023460974272,2.5
7,3,1,0,0,78.30308413552055,0.07734023460974272,-1.0
7,4,1,0,0,80.58677890474209,0.07734023460974272,3.0
7,5,1,0,0,73.0932133775885,0.07734023460974272,-2.0
7,6,1,1,1,85.70202921228251,0.07734023460974272,5.0
7,7,1,1,1,83.93089283158741,0.07734023460974272,1.5
7,8,1,1,1,85.20541282430877,0.07734023460974272,4.0
7,9,1,1,1,80.27162464305876,0.07734023460974272,-1.5
7,10,1,1,1,81.49330114602893,0.07734023460974272,3.5
8,1,1,0,0,72.3962327093092,0.014651559765823273,0.0
8,2,1,0,0,78.26594247625515,0.014651559765823273,2.5
8,3,1,0,0,74.62812121208593,0.014651559765823273,-1.0
8,4,1,0,0,76.14017985608122,0.014651559765823273,3.0
8,5,1,0,0,72.46792547795248,0.014651559765823273,-2.0
8,6,1,1,1,82.85944102441825,0.014651559765823273,5.0
8,7,1,1,1,80.8078029990907,0.014651559765823273,1.5
8,8,1,1,1,82.72013453989054,0.014651559765823273,4.0
8,9,1,1,1,74.38963710048834,0.014651559765823273,-1.5
8,10,1,1,1,80.62284170089514,0.014651559765823273,3.5
9,1,0,0,0,71.19355668089568,-0.6368745725238322,0.0
9,2,0,0,0,74.61463326157161,-0.6368745725238322,2.5
9,3,0,0,0,69.64397788298368,-0.6368745725238322,-1.0
9,4,0,0,0,71.71160968251716,-0.6368745725238322,3.0
9,5,0,0,0,70.12270999025993,-0.6368745725238322,-2.0
9,6,0,1,0,76.19326550004517,-0.6368745725238322,5.0
9,7,0,1,0,73.05975017278178,-0.6368745725238322,1.5
9,8,0,1,0,72.70569466616074,-0.6368745725238322,4.0
9,9,0,1,0,70.16858045564793,-0.6368745725238322,-1.5
9,10,0,1,0,72.3086136080768,-0.6368745725238322,3.5
10,1,1,0,0,80.176590901724,0.9071291507007297,0.0
10,2,1,0,0,85.40825488782748,0.9071291507007297,2.5
10,3,1,0,0,80.19891027480512,0.9071291507007297,-1.0
10,4,1,0,0,83.86800638620132,0.9071291507007297,3.0
10,5,1,0,0,77.74789367250254,0.9071291507007297,-2.0
10,6,1,1,1,87.79078472924589,0.9071291507007297,5.0
10,7,1,1,1,85.67585411332635,0.9071291507007297,1.5
10,8,1,1,1,85.02911668520086,0.9071291507007297,4.0
10,9,1,1,1,86.00812798227632,0.9071291507007297,-1.5
10,10,1,1,1,85.04947820991377,0.9071291507007297,3.5
11,1,0,0,0,59.465406672005734,-2.328093351912611,0.0
11,2,0,0,0,59.953923532067364,-2.328093351912611,2.5
11,3,0,0,0,56.38435886131735,-2.328093351912611,-1.0
11,4,0,0,0,59.77574552812663,-2.328093351912611,3.0
11,5,0,0,0,60.62541727598585,-2.328093351912611,-2.0
11,6,0,1,0,65.32162970506012,-2.328093351912611,5.0
11,7,0,1,0,57.32512850557844,-2.328093351912611,1.5
11,8,0,1,0,63.907752373497786,-2.328093351912611,4.0
11,9,0,1,0,54.251958239576894,-2.328093351912611,-1.5
11,10,0,1,0,61.88185804677239,-2.328093351912611,3.5
12,1,1,0,0,80.47118965524302,0.3679627821546728,0.0
12,2,1,0,0,81.72420979092146,0.3679627821546728,2.5
12,3,1,0,0,78.81183006287624,0.3679627821546728,-1.0
12,4,1,0,0,81.83822082359106,0.3679627821546728,3.0
12,5,1,0,0,74.96277316370552,0.3679627821546728,-2.0
12,6,1,1,1,87.78309333710556,0.3679627821546728,5.0
12,7,1,1,1,82.6840513957858,0.3679627821546728,1.5
12,8,1,1,1,87.32144198483005,0.3679627821546728,4.0
12,9,1,1,1,77.73447724239328,0.3679627821546728,-1.5
12,10,1,1,1,84.46731861522123,0.3679627821546728,3.5
13,1,1,0,0,88.83010213007776,1.2470578022835994,0.0
13,2,1,0,0,89.48620078618526,1.2470578022835994,2.5
13,3,1,0,0,87.95371526388648,1.2470578022835994,-1.0
13,4,1,0,0,89.9800844733023,1.2470578022835994,3.0
13,5,1,0,0,83.81420071529362,1.2470578022835994,-2.0
13,6,1,1,1,96.58627008841705,1.2470578022835994,5.0
13,7,1,1,1,95.31672971013893,1.2470578022835994,1.5
13,8,1,1,1,93.61816334668289,1.2470578022835994,4.0
13,9,1,1,1,89.31498340091674,1.2470578022835994,-1.5
13,10,1,1,1,97.4664145727151,1.2470578022835994,3.5
14,1,0,0,0,68.43381386778651,-1.3276320216698627,0.0
14,2,0,0,0,66.64740749132609,-1.3276320216698627,2.5
14,3,0,0,0,66.00483006770615,-1.3276320216698627,-1.0
14,4,0,0,0,66.6553823785033,-1.3276320216698627,3.0
14,5,0,0,0,62.34815172339127,-1.3276320216698627,-2.0
14,6,0,1,0,68.74991671052327,-1.3276320216698627,5.0
14,7,0,1,0,65.95181984801904,-1.3276320216698627,1.5
14,8,0,1,0,69.7512865715527,-1.3276320216698627,4.0
14,9,0,1,0,63.63298638210021,-1.3276320216698627,-1.5
14,10,0,1,0,67.90602785286181,-1.3276320216698627,3.5
15,1,1,0,0,83.81352523510623,0.9167758036950888,0.0
15,2,1,0,0,87.58129991224637,0.9167758036950888,2.5
15,3,1,0,0,81.24852178305844,0.9167758036950888,-1.0
15,4,1,0,0,86.46463531142933,0.9167758036950888,3.0
15,5,1,0,0,79.32788366189833,0.9167758036950888,-2.0
15,6,1,1,1,91.61158593638199,0.9167758036950888,5.0
15,7,1,1,1,87.63874884145868,0.9167758036950888,1.5
15,8,1,1,1,88.90426517455246,0.9167758036950888,4.0
15,9,1,1,1,86.34515008239713,0.9167758036950888,-1.5
15,10,1,1,1,90.35597097509397,0.9167758036950888,3.5
16,1,1,0,0,81.84411476311716,0.6520164679497881,0.0
16,2,1,0,0,84.71477231134604,0.6520164679497881,2.5
16,3,1,0,0,79.92662563167289,0.6520164679497881,-1.0
16,4,1,0,0,85.71776675028477,0.6520164679497881,3.0
16,5,1,0,0,77.98140974913005,0.6520164679497881,-2.0
16,6,1,1,1,92.46126651670585,0.6520164679497881,5.0
16,7,1,1,1,87.09902665163571,0.6520164679497881,1.5
16,8,1,1,1,90.90282452439354,0.6520164679497881,4.0
16,9,1,1,1,82.83480911100153,0.6520164679497881,-1.5
16,10,1,1,1,86.78051686281137,0.6520164679497881,3.5
17,1,1,0,0,81.37753237993846,0.8942329064223122,0.0
17,2,1,0,0,81.72418569553511,0.8942329064223122,2.5
17,3,1,0,0,79.07940194933775,0.8942329064223122,-1.0
17,4,1,0,0,83.43634191837491,0.8942329064223122,3.0
17,5,1,0,0,80.39940224978247,0.8942329064223122,-2.0
17,6,1,1,1,92.70786392232228,0.8942329064223122,5.0
17,7,1,1,1,86.13438441877152,0.8942329064223122,1.5
17,8,1,1,1,91.70375260393737,0.8942329064223122,4.0
17,9,1,1,1,87.05199056954575,0.8942329064223122,-1.5
17,10,1,1,1,84.9440516089656,0.8942329064223122,3.5
18,1,1,0,0,76.97662337356643,0.4330824548159174,0.0
18,2,1,0,0,82.9293058018572,0.4330824548159174,2.5
18,3,1,0,0,77.18580423877357,0.4330824548159174,-1.0
18,4,1,0,0,81.9981051386536,0.4330824548159174,3.0
18,5,1,0,0,75.57189429497383,0.4330824548159174,-2.0
18,6,1,1,1,87.5526855896197,0.4330824548159174,5.0
18,7,1,1,1,83.8320610077098,0.4330824548159174,1.5
18,8,1,1,1,85.24062427986779,0.4330824548159174,4.0
18,9,1,1,1,82.86684866260471,0.4330824548159174,-1.5
18,10,1,1,1,85.58496983805887,0.4330824548159174,3.5
19,1,1,0,0,82.6414234470839,0.842286573742092,0.0
19,2,1,0,0,83.44174858152368,0.842286573742092,2.5
19,3,1,0,0,77.81890251769015,0.842286573742092,-1.0
19,4,1,0,0,79.54150288163633,0.842286573742092,3.0
19,5,1,0,0,78.76436068109946,0.842286573742092,-2.0
19,6,1,1,1,90.65352361521384,0.842286573742092,5.0
19,7,1,1,1,85.48900716391395,0.842286573742092,1.5
19,8,1,1,1,88.16806920776547,0.842286573742092,4.0
19,9,1,1,1,82.76378774658215,0.842286573742092,-1.5
19,10,1,1,1,88.14187144350272,0.842286573742092,3.5
20,1,0,0,0,69.94548583161749,-0.6365870817188786,0.0
20,2,0,0,0,72.89656493189673,-0.6365870817188786,2.5
20,3,0,0,0,68.94898621218869,-0.6365870817188786,-1.0
20,4,0,0,0,75.15186173460982,-0.6365870817188786,3.0
20,5,0,0,0,69.6716261444116,-0.6365870817188786,-2.0
20,6,0,1,0,75.56873703119851,-0.6365870817188786,5.0
20,7,0,1,0,72.81239991082236,-0.6365870817188786,1.5
20,8,0,1,0,75.88813194964663,-0.6365870817188786,4.0
20,9,0,1,0,68.21454950597204,-0.6365870817188786,-1.5
20,10,0,1,0,74.81368775517664,-0.6365870817188786,3.5
21,1,1,0,0,76.83720300779805,0.36199486739590203,0.0
21,2,1,0,0,81.60455292383685,0.36199486739590203,2.5
21,3,1,0,0,74.61253501623202,0.36199486739590203,-1.0
21,4,1,0,0,83.29003900308358,0.36199486739590203,3.0
21,5,1,0,0,76.9629760856334,0.36199486739590203,-2.0
21,6,1,1,1,87.68345716787773,0.36199486739590203,5.0
21,7,1,1,1,85.39084366395873,0.36199486739590203,1.5
21,8,1,1,1,86.13010603480862,0.36199486739590203,4.0
21,9,1,1,1,78.68108465227021,0.36199486739590203,-1.5
21,10,1,1,1,87.24328880155905,0.36199486739590203,3.5
22,1,1,0,0,82.81317643827543,0.534958040609111,0.0
22,2,1,0,0,85.18188943868543,0.534958040609111,2.5
22,3,1,0,0,79.36035371704929,0.534958040609111,-1.0
22,4,1,0,0,81.90710143826148,0.534958040609111,3.0
22,5,1,0,0,79.32540643883526,0.534958040609111,-2.0
22,6,1,1,1,90.62270740327556,0.534958040609111,5.0
22,7,1,1,1,85.37611296990272,0.534958040609111,1.5
22,8,1,1,1,88.8113931279116,0.534958040609111,4.0
22,9,1,1,1,82.82602319081326,0.534958040609111,-1.5
22,10,1,1,1,89.5017592848252,0.534958040609111,3.5
23,1,1,0,0,87.42863226430768,1.4991020562559443,0.0
23,2,1,0,0,91.43569047321589,1.4991020562559443,2.5
23,3,1,0,0,89.94234991766469,1.4991020562559443,-1.0
23,4,1,0,0,89.36207800330838,1.4991020562559443,3.0
23,5,1,0,0,86.99918350275026,1.4991020562559443,-2.0
23,6,1,1,1,94.62948922928587,1.4991020562559443,5.0
23,7,1,1,1,91.50162299789328,1.4991020562559443,1.5
23,8,1,1,1,95.10463292319632,1.4991020562559443,4.0
23,9,1,1,1,87.50369235058243,1.4991020562559443,-1.5
23,10,1,1,1,92.46415020115131,1.4991020562559443,3.5
24,1,1,0,0,80.08211409223779,0.9841736710613564,0.0
24,2,1,0,0,87.7857298651271,0.9841736710613564,2.5
24,3,1,0,0,82.37262186618152,0.9841736710613564,-1.0
24,4,1,0,0,83.68210986028842,0.9841736710613564,3.0
24,5,1,0,0,82.18507713194886,0.9841736710613564,-2.0
24,6,1,1,1,90.85883404807156,0.9841736710613564,5.0
24,7,1,1,1,88.18769188258938,0.9841736710613564,1.5
24,8,1,1,1,90.94320239364733,0.9841736710613564,4.0
24,9,1,1,1,86.29507867454923,0.9841736710613564,-1.5
24,10,1,1,1,94.5844192642195,0.9841736710613564,3.5
25,1,1,0,0,81.03940257821206,0.760931666421741,0.0
25,2,1,0,0,84.4896603196539,0.760931666421741,2.5
25,3,1,0,0,80.30889962875435,0.760931666421741,-1.0
25,4,1,0,0,83.30872297812296,0.760931666421741,3.0
25,5,1,0,0,79.69629810336842,0.760931666421741,-2.0
25,6,1,1,1,90.27706962083498,0.760931666421741,5.0
25,7,1,1,1,84.33962766048278,0.760931666421741,1.5
25,8,1,1,1,90.31418653551601,0.760931666421741,4.0
25,9,1,1,1,84.27963137401397,0.760931666421741,-1.5
25,10,1,1,1,85.92396035802905,0.760931666421741,3.5
26,1,0,0,0,66.93558260903487,-0.732740043700054,0.0
26,2,0,0,0,72.15652069631543,-0.732740043700054,2.5
26,3,0,0,0,66.51752686911483,-0.732740043700054,-1.0
26,4,0,0,0,71.64013955589535,-0.732740043700054,3.0
26,5,0,0,0,67.1936625963411,-0.732740043700054,-2.0
26,6,0,1,0,73.67201914916747,-0.732740043700054,5.0
26,7,0,1,0,71.1027789639582,-0.732740043700054,1.5
26,8,0,1,0,71.30585039782427,-0.732740043700054,4.0
26,9,0,1,0,63.865761620887675,-0.732740043700054,-1.5
26,10,0,1,0,73.24591290001807,-0.732740043700054,3.5
27,1,1,0,0,75.74691685662425,0.5284801961339428,0.0
27,2,1,0,0,81.87411104643476,0.5284801961339428,2.5
27,3,1,0,0,76.5458329012372,0.5284801961339428,-1.0
27,4,1,0,0,78.90973636073252,0.5284801961339428,3.0
27,5,1,0,0,72.27014746528039,0.5284801961339428,-2.0
27,6,1,1,1,87.67397481729851,0.5284801961339428,5.0
27,7,1,1,1,81.69955300514448,0.5284801961339428,1.5
27,8,1,1,1,84.17625629798219,0.5284801961339428,4.0
27,9,1,1,1,79.87057019732794,0.5284801961339428,-1.5
27,10,1,1,1,85.38430140600533,0.5284801961339428,3.5
28,1,0,0,0,70.1804725664915,-0.14678888553678743,0.0
28,2,0,0,0,73.28750274709918,-0.14678888553678743,2.5
28,3,0,0,0,70.20684099695696,-0.14678888553678743,-1.0
28,4,0,0,0,74.42024306730053,-0.14678888553678743,3.0
28,5,0,0,0,70.0150088107672,-0.14678888553678743,-2.0
28,6,0,1,0,76.40072543086919,-0.14678888553678743,5.0
28,7,0,1,0,71.49170588233794,-0.14678888553678743,1.5
28,8,0,1,0,75.364140978632,-0.14678888553678743,4.0
28,9,0,1,0,68.8994312590796,-0.14678888553678743,-1.5
28,10,0,1,0,75.73238230444836,-0.14678888553678743,3.5
29,1,0,0,0,67.12535720360256,-1.1781319330499938,0.0
29,2,0,0,0,69.66262110142078,-1.1781319330499938,2.5
29,3,0,0,0,65.7253521429275,-1.1781319330499938,-1.0
29,4,0,0,0,71.40250201157127,-1.1781319330499938,3.0
29,5,0,0,0,65.27620097890299,-1.1781319330499938,-2.0
29,6,0,1,0,71.85043839793119,-1.1781319330499938,5.0
29,7,0,1,0,67.60802671342407,-1.1781319330499938,1.5
29,8,0,1,0,69.56891233533386,-1.1781319330499938,4.0
29,9,0,1,0,66.98842780731235,-1.1781319330499938,-1.5
29,10,0,1,0,67.79434694686928,-1.1781319330499938,3.5
30,1,1,0,0,83.49973358062809,0.7458174276214709,0.0
30,2,1,0,0,86.0843747021221,0.7458174276214709,2.5
30,3,1,0,0,84.41186551428862,0.7458174276214709,-1.0
30,4,1,0,0,84.47691723079771,0.7458174276214709,3.0
30,5,1,0,0,80.03159621669764,0.7458174276214709,-2.0
30,6,1,1,1,88.12678151888305,0.7458174276214709,5.0
30,7,1,1,1,86.54092274015721,0.7458174276214709,1.5
30,8,1,1,1,92.07237036640052,0.7458174276214709,4.0
30,9,1,1,1,83.49556037958975,0.7458174276214709,-1.5
30,10,1,1,1,90.49861826391677,0.7458174276214709,3.5
31,1,1,0,0,84.62361424419231,0.9969150163616912,0.0
31,2,1,0,0,86.44898829342547,0.9969150163616912,2.5
31,3,1,0,0,81.322785247146,0.9969150163616912,-1.0
31,4,1,0,0,88.48027566195599,0.9969150163616912,3.0
31,5,1,0,0,83.74701126097028,0.9969150163616912,-2.0
31,6,1,1,1,95.0056051656192,0.9969150163616912,5.0
31,7,1,1,1,92.07871877847022,0.9969150163616912,1.5
31,8,1,1,1,92.97583380774253,0.9969150163616912,4.0
31,9,1,1,1,86.19856851538907,0.9969150163616912,-1.5
31,10,1,1,1,91.90481896668264,0.9969150163616912,3.5
32,1,1,0,0,89.38941589730716,1.664682556240803,0.0
32,2,1,0,0,90.662173323852,1.664682556240803,2.5
32,3,1,0,0,88.45838484512377,1.664682556240803,-1.0
32,4,1,0,0,88.66313935649991,1.664682556240803,3.0
32,5,1,0,0,85.79594594006132,1.664682556240803,-2.0
32,6,1,1,1,97.53051405150013,1.664682556240803,5.0
32,7,1,1,1,91.5040523024219,1.664682556240803,1.5
32,8,1,1,1,96.90949578449047,1.664682556240803,4.0
32,9,1,1,1,86.86114784744859,1.664682556240803,-1.5
32,10,1,1,1,95.14388334176127,1.664682556240803,3.5
33,1,0,0,0,68.18604264041498,-0.8379655552566407,0.0
33,2,0,0,0,69.8296071966145,-0.8379655552566407,2.5
33,3,0,0,0,64.26670839980673,-0.8379655552566407,-1.0
33,4,0,0,0,70.18224253212074,-0.8379655552566407,3.0
33,5,0,0,0,62.13791463571641,-0.8379655552566407,-2.0
33,6,0,1,0,69.72152525003632,-0.8379655552566407,5.0
33,7,0,1,0,65.42439403796044,-0.8379655552566407,1.5
33,8,0,1,0,69.17812516558189,-0.8379655552566407,4.0
33,9,0,1,0,64.7339349465755,-0.8379655552566407,-1.5
33,10,0,1,0,69.47711803918115,-0.8379655552566407,3.5
34,1,1,0,0,79.69882471694555,0.22683866230076308,0.0
34,2,1,0,0,78.64098770809774,0.22683866230076308,2.5
34,3,1,0,0,77.99408528663834,0.22683866230076308,-1.0
34,4,1,0,0,80.35711902176936,0.22683866230076308,3.0
34,5,1,0,0,74.63505793123376,0.22683866230076308,-2.0
34,6,1,1,1,87.16576430887478,0.22683866230076308,5.0
34,7,1,1,1,81.16087359164129,0.22683866230076308,1.5
34,8,1,1,1,83.31289752590284,0.22683866230076308,4.0
34,9,1,1,1,81.7760724689377,0.22683866230076308,-1.5
34,10,1,1,1,83.29936033015397,0.22683866230076308,3.5
35,1,0,0,0,67.59544876874153,-0.7916400579879138,0.0
35,2,0,0,0,73.53023504014584,-0.7916400579879138,2.5
35,3,0,0,0,68.21224001564823,-0.7916400579879138,-1.0
35,4,0,0,0,71.53793493600988,-0.7916400579879138,3.0
35,5,0,0,0,68.94130413083849,-0.7916400579879138,-2.0
35,6,0,1,0,71.45448962743001,-0.7916400579879138,5.0
35,7,0,1,0,72.59193708964459,-0.7916400579879138,1.5
35,8,0,1,0,73.39765637823373,-0.7916400579879138,4.0
35,9,0,1,0,70.30974716179486,-0.7916400579879138,-1.5
35,10,0,1,0,71.99559208049844,-0.7916400579879138,3.5
36,1,0,0,0,66.04144031032078,-0.8833525500426053,0.0
36,2,0,0,0,70.73752234683477,-0.8833525500426053,2.5
36,3,0,0,0,67.40681144166064,-0.8833525500426053,-1.0
36,4,0,0,0,70.94009205147483,-0.8833525500426053,3.0
36,5,0,0,0,67.83316500390131,-0.8833525500426053,-2.0
36,6,0,1,0,72.1828830164359,-0.8833525500426053,5.0
36,7,0,1,0,70.13206639727366,-0.8833525500426053,1.5
36,8,0,1,0,70.9729928727428,-0.8833525500426053,4.0
36,9,0,1,0,66.74327739336637,-0.8833525500426053,-1.5
36,10,0,1,0,70.09633815889391,-0.8833525500426053,3.5
37,1,0,0,0,67.9313734183881,-0.8960274083858747,0.0
37,2,0,0,0,69.52534006064718,-0.8960274083858747,2.5
37,3,0,0,0,65.7765360364944,-0.8960274083858747,-1.0
37,4,0,0,0,69.89488175743763,-0.8960274083858747,3.0
37,5,0,0,0,64.35310973778479,-0.8960274083858747,-2.0
37,6,0,1,0,71.13728470874315,-0.8960274083858747,5.0
37,7,0,1,0,69.57732767948592,-0.8960274083858747,1.5
37,8,0,1,0,67.90890990894117,-0.8960274083858747,4.0
37,9,0,1,0,66.45462788734474,-0.8960274083858747,-1.5
37,10,0,1,0,68.70287016126473,-0.8960274083858747,3.5
38,1,1,0,0,75.9853060934688,-0.018328190802438405,0.0
38,2,1,0,0,78.78312325315953,-0.018328190802438405,2.5
38,3,1,0,0,75.03940356244522,-0.018328190802438405,-1.0
38,4,1,0,0,74.45595187965628,-0.018328190802438405,3.0
38,5,1,0,0,73.95167604897829,-0.018328190802438405,-2.0
38,6,1,1,1,85.87274463526852,-0.018328190802438405,5.0
38,7,1,1,1,79.37360061969817,-0.018328190802438405,1.5
38,8,1,1,1,84.57061869988308,-0.018328190802438405,4.0
38,9,1,1,1,78.48407550798235,-0.018328190802438405,-1.5
38,10,1,1,1,83.08629304929548,-0.018328190802438405,3.5
39,1,0,0,0,67.69877187652725,-0.9155430615917206,0.0
39,2,0,0,0,72.06833063626544,-0.9155430615917206,2.5
39,3,0,0,0,66.0115035717832,-0.9155430615917206,-1.0
39,4,0,0,0,69.06542329955235,-0.9155430615917206,3.0
39,5,0,0,0,64.65582969091953,-0.9155430615917206,-2.0
39,6,0,1,0,73.59724707180007,-0.9155430615917206,5.0
39,7,0,1,0,67.46747056043009,-0.9155430615917206,1.5
39,8,0,1,0,71.93871108713815,-0.9155430615917206,4.0
39,9,0,1,0,64.25325903048349,-0.9155430615917206,-1.5
39,10,0,1,0,69.54453037784697,-0.9155430615917206,3.5
40,1,1,0,0,86.58825457785188,1.4158741452074446,0.0
40,2,1,0,0,90.22072231001184,1.4158741452074446,2.5
40,3,1,0,0,87.0379178295528,1.4158741452074446,-1.0
40,4,1,0,0,90.7270791470125,1.4158741452074446,3.0
40,5,1,0,0,84.9418594183839,1.4158741452074446,-2.0
40,6,1,1,1,95.86856307044674,1.4158741452074446,5.0
40,7,1,1,1,96.58884072484136,1.4158741452074446,1.5
40,8,1,1,1,95.13562495471997,1.4158741452074446,4.0
40,9,1,1,1,89.50821881611859,1.4158741452074446,-1.5
40,10,1,1,1,95.15354200819479,1.4158741452074446,3.5
41,1,1,0,0,88.77752846233876,1.6903316190809619,0.0
41,2,1,0,0,91.1893561682044,1.6903316190809619,2.5
41,3,1,0,0,90.7752645781412,1.6903316190809619,-1.0
41,4,1,0,0,92.13387838353016,1.6903316190809619,3.0
41,5,1,0,0,88.11908373763282,1.6903316190809619,-2.0
41,6,1,1,1,100.17902709564244,1.6903316190809619,5.0
41,7,1,1,1,95.97954349500849,1.6903316190809619,1.5
41,8,1,1,1,97.68685335316638,1.6903316190809619,4.0
41,9,1,1,1,88.76678936541155,1.6903316190809619,-1.5
41,10,1,1,1,100.5043413437083,1.6903316190809619,3.5
42,1,1,0,0,74.9082588783403,0.3571468280144776,0.0
42,2,1,0,0,77.78351473749342,0.3571468280144776,2.5
42,3,1,0,0,75.95455046011175,0.3571468280144776,-1.0
42,4,1,0,0,78.9953853600283,0.3571468280144776,3.0
42,5,1,0,0,76.93963233187876,0.3571468280144776,-2.0
42,6,1,1,1,83.34483339982364,0.3571468280144776,5.0
42,7,1,1,1,84.74993699821977,0.3571468280144776,1.5
42,8,1,1,1,86.62349503290241,0.3571468280144776,4.0
42,9,1,1,1,79.92943072306632,0.3571468280144776,-1.5
42,10,1,1,1,84.01623315437787,0.3571468280144776,3.5
43,1,1,0,0,82.80578275557582,0.874242984256707,0.0
43,2,1,0,0,85.68601302384486,0.874242984256707,2.5
43,3,1,0,0,80.99678447509798,0.874242984256707,-1.0
43,4,1,0,0,86.94523224611793,0.874242984256707,3.0
43,5,1,0,0,79.89848240686203,0.874242984256707,-2.0
43,6,1,1,1,93.54317487339615,0.874242984256707,5.0
43,7,1,1,1,87.66154734563057,0.874242984256707,1.5
43,8,1,1,1,93.05050802160748,0.874242984256707,4.0
43,9,1,1,1,85.28951508516673,0.874242984256707,-1.5
43,10,1,1,1,89.07176570684909,0.874242984256707,3.5
44,1,0,0,0,73.22968169377923,-0.6547915372400045,0.0
44,2,0,0,0,72.72807665808278,-0.6547915372400045,2.5
44,3,0,0,0,71.51861369794558,-0.6547915372400045,-1.0
44,4,0,0,0,75.97841951345616,-0.6547915372400045,3.0
44,5,0,0,0,73.53174532100566,-0.6547915372400045,-2.0
44,6,0,1,0,77.57215765196003,-0.6547915372400045,5.0
44,7,0,1,0,72.5561774949583,-0.6547915372400045,1.5
44,8,0,1,0,78.10061060360368,-0.6547915372400045,4.0
44,9,0,1,0,73.95459694965884,-0.6547915372400045,-1.5
44,10,0,1,0,78.65572833502868,-0.6547915372400045,3.5
45,1,0,0,0,75.82764960404431,-0.18416193062533845,0.0
45,2,0,0,0,75.51122948218108,-0.18416193062533845,2.5
45,3,0,0,0,72.61129096532409,-0.18416193062533845,-1.0
45,4,0,0,0,77.3464136711334,-0.18416193062533845,3.0
45,5,0,0,0,73.93280019445326,-0.18416193062533845,-2.0
45,6,0,1,0,79.65667152087795,-0.18416193062533845,5.0
45,7,0,1,0,78.56814118983306,-0.18416193062533845,1.5
45,8,0,1,0,82.70599256610039,-0.18416193062533845,4.0
45,9,0,1,0,72.67198269154659,-0.18416193062533845,-1.5
45,10,0,1,0,78.33834617405392,-0.18416193062533845,3.5
46,1,1,0,0,82.01558285031841,1.0411281092496927,0.0
46,2,1,0,0,86.68566053623991,1.0411281092496927,2.5
46,3,1,0,0,82.54755447045157,1.0411281092496927,-1.0
46,4,1,0,0,86.44804066154349,1.0411281092496927,3.0
46,5,1,0,0,77.47078108753882,1.0411281092496927,-2.0
46,6,1,1,1,95.18955445894198,1.0411281092496927,5.0
46,7,1,1,1,89.08004201076005,1.0411281092496927,1.5
46,8,1,1,1,92.0609817724146,1.0411281092496927,4.0
46,9,1,1,1,84.62783516169574,1.0411281092496927,-1.5
46,10,1,1,1,88.2662624261287,1.0411281092496927,3.5
47,1,1,0,0,83.13138313771123,1.0800133608734208,0.0
47,2,1,0,0,84.25085190128021,1.0800133608734208,2.5
47,3,1,0,0,84.57401101165465,1.0800133608734208,-1.0
47,4,1,0,0,89.59139123101029,1.0800133608734208,3.0
47,5,1,0,0,84.35327847843772,1.0800133608734208,-2.0
47,6,1,1,1,92.50131066538083,1.0800133608734208,5.0
47,7,1,1,1,88.36048629378993,1.0800133608734208,1.5
47,8,1,1,1,96.24726718308943,1.0800133608734208,4.0
47,9,1,1,1,86.71224715753296,1.0800133608734208,-1.5
47,10,1,1,1,93.51531737133824,1.0800133608734208,3.5
48,1,0,0,0,67.47260480270974,-0.9103322890032413,0.0
48,2,0,0,0,71.23841796771671,-0.9103322890032413,2.5
48,3,0,0,0,63.85114444707248,-0.9103322890032413,-1.0
48,4,0,0,0,71.59628493086578,-0.9103322890032413,3.0
48,5,0,0,0,66.8243876672704,-0.9103322890032413,-2.0
48,6,0,1,0,73.86895511058856,-0.9103322890032413,5.0
48,7,0,1,0,67.47198163805254,-0.9103322890032413,1.5
48,8,0,1,0,71.39900323568942,-0.9103322890032413,4.0
48,9,0,1,0,64.45462311767822,-0.9103322890032413,-1.5
48,10,0,1,0,70.11216034035864,-0.9103322890032413,3.5
49,1,0,0,0,73.50742274944477,-0.6480158458429995,0.0
49,2,0,0,0,75.59798214374071,-0.6480158458429995,2.5
49,3,0,0,0,70.41139661356414,-0.6480158458429995,-1.0
49,4,0,0,0,73.91099294709069,-0.6480158458429995,3.0
49,5,0,0,0,70.53631155025205,-0.6480158458429995,-2.0
49,6,0,1,0,76.2800829917813,-0.6480158458429995,5.0
49,7,0,1,0,71.81251637178396,-0.6480158458429995,1.5
49,8,0,1,0,75.04348536778018,-0.6480158458429995,4.0
49,9,0,1,0,70.20919857659662,-0.6480158458429995,-1.5
49,10,0,1,0,75.93046896599684,-0.6480158458429995,3.5
50,1,1,0,0,81.14804510683986,0.8494819198942791,0.0
50,2,1,0,0,85.87093328774398,0.8494819198942791,2.5
50,3,1,0,0,80.78078108250837,0.8494819198942791,-1.0
50,4,1,0,0,86.83449978880324,0.8494819198942791,3.0
50,5,1,0,0,81.64700487982397,0.8494819198942791,-2.0
50,6,1,1,1,92.04573542550018,0.8494819198942791,5.0
50,7,1,1,1,86.27750514769996,0.8494819198942791,1.5
50,8,1,1,1,92.12926530485552,0.8494819198942791,4.0
50,9,1,1,1,83.71828599769292,0.8494819198942791,-1.5
50,10,1,1,1,90.28368904436599,0.8494819198942791,3.5
51,1,0,0,0,66.10359998485845,-0.7182824978764488,0.0
51,2,0,0,0,71.75194006280371,-0.7182824978764488,2.5
51,3,0,0,0,67.30059714274398,-0.7182824978764488,-1.0
51,4,0,0,0,70.18268320620702,-0.7182824978764488,3.0
51,5,0,0,0,67.50249270687492,-0.7182824978764488,-2.0
51,6,0,1,0,75.79209155513426,-0.7182824978764488,5.0
51,7,0,1,0,71.47437992650603,-0.7182824978764488,1.5
51,8,0,1,0,70.91969546797048,-0.7182824978764488,4.0
51,9,0,1,0,65.21371588980017,-0.7182824978764488,-1.5
51,10,0,1,0,73.27546253470027,-0.7182824978764488,3.5
52,1,0,0,0,70.31064505574562,-0.3907606586250137,0.0
52,2,0,0,0,72.89680304183607,-0.3907606586250137,2.5
52,3,0,0,0,72.11772813363453,-0.3907606586250137,-1.0
52,4,0,0,0,73.1114595411759,-0.3907606586250137,3.0
52,5,0,0,0,68.46585227093315,-0.3907606586250137,-2.0
52,6,0,1,0,77.4455689944384,-0.3907606586250137,5.0
52,7,0,1,0,69.79100818885277,-0.3907606586250137,1.5
52,8,0,1,0,73.77934604116531,-0.3907606586250137,4.0
52,9,0,1,0,71.55853733539082,-0.3907606586250137,-1.5
52,10,0,1,0,75.25236365631314,-0.3907606586250137,3.5
53,1,1,0,0,75.21987028934828,0.2596790236453934,0.0
53,2,1,0,0,79.04887231306503,0.2596790236453934,2.5
53,3,1,0,0,74.68454563355908,0.2596790236453934,-1.0
53,4,1,0,0,76.10512781637942,0.2596790236453934,3.0
53,5,1,0,0,73.54008167491223,0.2596790236453934,-2.0
53,6,1,1,1,86.01914166854291,0.2596790236453934,5.0
53,7,1,1,1,82.06259262274031,0.2596790236453934,1.5
53,8,1,1,1,83.89368040459355,0.2596790236453934,4.0
53,9,1,1,1,80.88103662273177,0.2596790236453934,-1.5
53,10,1,1,1,82.343271290404,0.2596790236453934,3.5
54,1,0,0,0,66.17220452856407,-1.245477736651375,0.0
54,2,0,0,0,66.72664092902622,-1.245477736651375,2.5
54,3,0,0,0,69.9257970404546,-1.245477736651375,-1.0
54,4,0,0,0,68.44951575698536,-1.245477736651375,3.0
54,5,0,0,0,60.53126881369548,-1.245477736651375,-2.0
54,6,0,1,0,71.10340975773654,-1.245477736651375,5.0
54,7,0,1,0,72.9141699181509,-1.245477736651375,1.5
54,8,0,1,0,71.23921387878491,-1.245477736651375,4.0
54,9,0,1,0,67.06061347899208,-1.245477736651375,-1.5
54,10,0,1,0,69.81797624905154,-1.245477736651375,3.5
55,1,1,0,0,78.66007047405253,0.7813136196430197,0.0
55,2,1,0,0,80.17891385125108,0.7813136196430197,2.5
55,3,1,0,0,82.37941812109518,0.7813136196430197,-1.0
55,4,1,0,0,82.40746163255214,0.7813136196430197,3.0
55,5,1,0,0,77.98451603677314,0.7813136196430197,-2.0
55,6,1,1,1,90.03298220619152,0.7813136196430197,5.0
55,7,1,1,1,86.05770543097465,0.7813136196430197,1.5
55,8,1,1,1,85.95499032460692,0.7813136196430197,4.0
55,9,1,1,1,81.08176785975508,0.7813136196430197,-1.5
55,10,1,1,1,85.37558380581437,0.7813136196430197,3.5
56,1,0,0,0,64.27245625377519,-1.3435338102661372,0.0
56,2,0,0,0,64.05925794808878,-1.3435338102661372,2.5
56,3,0,0,0,64.83877221773623,-1.3435338102661372,-1.0
56,4,0,0,0,67.11851512103999,-1.3435338102661372,3.0
56,5,0,0,0,60.441419497055605,-1.3435338102661372,-2.0
56,6,0,1,0,71.23121190751458,-1.3435338102661372,5.0
56,7,0,1,0,66.66007860943245,-1.3435338102661372,1.5
56,8,0,1,0,70.14709985674402,-1.3435338102661372,4.0
56,9,0,1,0,61.83107904931893,-1.3435338102661372,-1.5
56,10,0,1,0,64.97376056334755,-1.3435338102661372,3.5
57,1,0,0,0,68.9517095869991,-0.6739024985799249,0.0
57,2,0,0,0,72.09499075075786,-0.6739024985799249,2.5
57,3,0,0,0,70.47803391399552,-0.6739024985799249,-1.0
57,4,0,0,0,73.22364368026801,-0.6739024985799249,3.0
57,5,0,0,0,67.29286803979305,-0.6739024985799249,-2.0
57,6,0,1,0,77.42488114362054,-0.6739024985799249,5.0
57,7,0,1,0,68.84758644304254,-0.6739024985799249,1.5
57,8,0,1,0,71.82102869639499,-0.6739024985799249,4.0
57,9,0,1,0,70.12241294937428,-0.6739024985799249,-1.5
57,10,0,1,0,73.59098664371376,-0.6739024985799249,3.5
58,1,0,0,0,70.47134764682721,-0.35286130753807626,0.0
58,2,0,0,0,71.67323609659994,-0.35286130753807626,2.5
58,3,0,0,0,69.84338769669921,-0.35286130753807626,-1.0
58,4,0,0,0,72.32415301974518,-0.35286130753807626,3.0
58,5,0,0,0,67.56265658258135,-0.35286130753807626,-2.0
58,6,0,1,0,73.7144028521387,-0.35286130753807626,5.0
58,7,0,1,0,69.68557886155136,-0.35286130753807626,1.5
58,8,0,1,0,72.84948240199287,-0.35286130753807626,4.0
58,9,0,1,0,68.03383678228444,-0.35286130753807626,-1.5
58,10,0,1,0,73.61769331837503,-0.35286130753807626,3.5
59,1,0,0,0,71.45969237234556,-0.5357153667225193,0.0
59,2,0,0,0,75.22353116840044,-0.5357153667225193,2.5
59,3,0,0,0,71.39236994770269,-0.5357153667225193,-1.0
59,4,0,0,0,76.51843346576187,-0.5357153667225193,3.0
59,5,0,0,0,68.49382498497053,-0.5357153667225193,-2.0
59,6,0,1,0,74.885526576732,-0.5357153667225193,5.0
59,7,0,1,0,72.46376599405434,-0.5357153667225193,1.5
59,8,0,1,0,74.31721220512267,-0.5357153667225193,4.0
59,9,0,1,0,68.82644575846335,-0.5357153667225193,-1.5
59,10,0,1,0,73.63785597880828,-0.5357153667225193,3.5
60,1,1,0,0,90.19213935937205,2.1685550443497545,0.0
60,2,1,0,0,94.10476567444326,2.1685550443497545,2.5
60,3,1,0,0,92.87716768782886,2.1685550443497545,-1.0
60,4,1,0,0,97.25623147426526,2.1685550443497545,3.0
60,5,1,0,0,93.2262949491799,2.1685550443497545,-2.0
60,6,1,1,1,103.24460409985426,2.1685550443497545,5.0
60,7,1,1,1,99.6593805274239,2.1685550443497545,1.5
60,8,1,1,1,101.41732366348597,2.1685550443497545,4.0
60,9,1,1,1,95.29358218938246,2.1685550443497545,-1.5
60,10,1,1,1,102.2689281958083,2.1685550443497545,3.5
61,1,0,0,0,73.26640129079497,-0.24080556452165083,0.0
61,2,0,0,0,76.20961911582282,-0.24080556452165083,2.5
61,3,0,0,0,70.97895381265829,-0.24080556452165083,-1.0
61,4,0,0,0,73.69771954530182,-0.24080556452165083,3.0
61,5,0,0,0,73.15919395632002,-0.24080556452165083,-2.0
61,6,0,1,0,79.74268581943582,-0.24080556452165083,5.0
61,7,0,1,0,76.36684339278243,-0.24080556452165083,1.5
61,8,0,1,0,77.83092346570277,-0.24080556452165083,4.0
61,9,0,1,0,71.89515579319931,-0.24080556452165083,-1.5
61,10,0,1,0,78.82442469078723,-0.24080556452165083,3.5
62,1,0,0,0,70.90224611418405,-0.38852253242238877,0.0
62,2,0,0,0,72.74365044575242,-0.38852253242238877,2.5
62,3,0,0,0,71.92048369172358,-0.38852253242238877,-1.0
62,4,0,0,0,71.99192855617405,-0.38852253242238877,3.0
62,5,0,0,0,66.83807035667694,-0.38852253242238877,-2.0
62,6,0,1,0,75.2273094740739,-0.38852253242238877,5.0
62,7,0,1,0,72.16898963165181,-0.38852253242238877,1.5
62,8,0,1,0,75.77155931759759,-0.38852253242238877,4.0
62,9,0,1,0,66.69224350700692,-0.38852253242238877,-1.5
62,10,0,1,0,77.61769754145749,-0.38852253242238877,3.5
63,1,0,0,0,69.27837004968598,-0.8752741126813338,0.0
63,2,0,0,0,71.53841639722356,-0.8752741126813338,2.5
63,3,0,0,0,67.43333948097505,-0.8752741126813338,-1.0
63,4,0,0,0,71.32717220001369,-0.8752741126813338,3.0
63,5,0,0,0,66.81441549726586,-0.8752741126813338,-2.0
63,6,0,1,0,70.19635801032103,-0.8752741126813338,5.0
63,7,0,1,0,71.7195716247079,-0.8752741126813338,1.5
63,8,0,1,0,75.30226777195375,-0.8752741126813338,4.0
63,9,0,1,0,67.1316068711716,-0.8752741126813338,-1.5
63,10,0,1,0,69.84403094573528,-0.8752741126813338,3.5
64,1,1,0,0,87.91428103799349,1.6517721063526156,0.0
64,2,1,0,0,88.67585870413147,1.6517721063526156,2.5
64,3,1,0,0,86.40577102683633,1.6517721063526156,-1.0
64,4,1,0,0,89.11863277807377,1.6517721063526156,3.0
64,5,1,0,0,85.72672947777511,1.6517721063526156,-2.0
64,6,1,1,1,95.28667394372901,1.6517721063526156,5.0
64,7,1,1,1,93.31706798016117,1.6517721063526156,1.5
64,8,1,1,1,93.11681845636096,1.6517721063526156,4.0
64,9,1,1,1,86.76671263224169,1.6517721063526156,-1.5
64,10,1,1,1,92.87385448792318,1.6517721063526156,3.5
65,1,0,0,0,73.2932738706055,-0.3399221729133956,0.0
65,2,0,0,0,72.88170533490428,-0.3399221729133956,2.5
65,3,0,0,0,68.53716088943011,-0.3399221729133956,-1.0
65,4,0,0,0,74.48576656107944,-0.3399221729133956,3.0
65,5,0,0,0,67.67787222835518,-0.3399221729133956,-2.0
65,6,0,1,0,78.46833377358668,-0.3399221729133956,5.0
65,7,0,1,0,71.18617426042582,-0.3399221729133956,1.5
65,8,0,1,0,72.08925324929758,-0.3399221729133956,4.0
65,9,0,1,0,71.72379049314254,-0.3399221729133956,-1.5
65,10,0,1,0,71.94980492320701,-0.3399221729133956,3.5
66,1,0,0,0,66.81299229654344,-1.0224971915174108,0.0
66,2,0,0,0,69.0799572713116,-1.0224971915174108,2.5
66,3,0,0,0,65.17566779205515,-1.0224971915174108,-1.0
66,4,0,0,0,69.25160049223375,-1.0224971915174108,3.0
66,5,0,0,0,65.08715125120705,-1.0224971915174108,-2.0
66,6,0,1,0,73.411079604819,-1.0224971915174108,5.0
66,7,0,1,0,72.00895629485984,-1.0224971915174108,1.5
66,8,0,1,0,70.76927905231025,-1.0224971915174108,4.0
66,9,0,1,0,67.28448535675132,-1.0224971915174108,-1.5
66,10,0,1,0,70.5036438280477,-1.0224971915174108,3.5
67,1,1,0,0,79.7079061166291,0.19196062795378785,0.0
67,2,1,0,0,79.16466182781717,0.19196062795378785,2.5
67,3,1,0,0,81.5069981899523,0.19196062795378785,-1.0
67,4,1,0,0,79.77648710629823,0.19196062795378785,3.0
67,5,1,0,0,75.74231898602828,0.19196062795378785,-2.0
67,6,1,1,1,89.74410050136765,0.19196062795378785,5.0
67,7,1,1,1,84.89794431572946,0.19196062795378785,1.5
67,8,1,1,1,88.2862973689627,0.19196062795378785,4.0
67,9,1,1,1,83.67067164694726,0.19196062795378785,-1.5
67,10,1,1,1,85.0494069819566,0.19196062795378785,3.5
68,1,1,0,0,78.68362319405882,0.36025176322393404,0.0
68,2,1,0,0,77.79889954859482,0.36025176322393404,2.5
68,3,1,0,0,76.9032021692034,0.36025176322393404,-1.0
68,4,1,0,0,79.6366433221184,0.36025176322393404,3.0
68,5,1,0,0,76.36483874725397,0.36025176322393404,-2.0
68,6,1,1,1,88.29137760110767,0.36025176322393404,5.0
68,7,1,1,1,82.1611438364437,0.36025176322393404,1.5
68,8,1,1,1,84.25812879812878,0.36025176322393404,4.0
68,9,1,1,1,78.7896993556852,0.36025176322393404,-1.5
68,10,1,1,1,83.31059040174286,0.36025176322393404,3.5
69,1,0,0,0,65.13985700974702,-1.0935192250852082,0.0
69,2,0,0,0,65.4858933149379,-1.0935192250852082,2.5
69,3,0,0,0,65.47090523373463,-1.0935192250852082,-1.0
69,4,0,0,0,67.0803141970935,-1.0935192250852082,3.0
69,5,0,0,0,60.77284287982089,-1.0935192250852082,-2.0
69,6,0,1,0,70.9754292897729,-1.0935192250852082,5.0
69,7,0,1,0,65.22728911252936,-1.0935192250852082,1.5
69,8,0,1,0,66.96117526520193,-1.0935192250852082,4.0
69,9,0,1,0,63.427134007346545,-1.0935192250852082,-1.5
69,10,0,1,0,66.47969114318441,-1.0935192250852082,3.5
70,1,0,0,0,76.3976275858545,-0.10192383353207127,0.0
70,2,0,0,0,77.93199324977013,-0.10192383353207127,2.5
70,3,0,0,0,72.36389930943366,-0.10192383353207127,-1.0
70,4,0,0,0,78.65694419971386,-0.10192383353207127,3.0
70,5,0,0,0,73.73664218283854,-0.10192383353207127,-2.0
70,6,0,1,0,78.12864608919867,-0.10192383353207127,5.0
70,7,0,1,0,78.27597898284183,-0.10192383353207127,1.5
70,8,0,1,0,78.60973669768936,-0.10192383353207127,4.0
70,9,0,1,0,73.68726152536811,-0.10192383353207127,-1.5
70,10,0,1,0,78.20277343281548,-0.10192383353207127,3.5
71,1,1,0,0,79.90781329861963,0.8710156139261692,0.0
71,2,1,0,0,81.17607114355982,0.8710156139261692,2.5
71,3,1,0,0,78.87947692767642,0.8710156139261692,-1.0
71,4,1,0,0,82.29847269064388,0.8710156139261692,3.0
71,5,1,0,0,79.05593893768625,0.8710156139261692,-2.0
71,6,1,1,1,88.4842204261286,0.8710156139261692,5.0
71,7,1,1,1,85.34442245901204,0.8710156139261692,1.5
71,8,1,1,1,88.38747932594032,0.8710156139261692,4.0
71,9,1,1,1,84.17464497920446,0.8710156139261692,-1.5
71,10,1,1,1,83.96402778472324,0.8710156139261692,3.5
72,1,0,0,0,69.60403689238454,-0.5038718674065946,0.0
72,2,0,0,0,72.32151128364856,-0.5038718674065946,2.5
72,3,0,0,0,70.7918489904452,-0.5038718674065946,-1.0
72,4,0,0,0,69.81300979824465,-0.5038718674065946,3.0
72,5,0,0,0,64.28818818580827,-0.5038718674065946,-2.0
72,6,0,1,0,70.94850174392128,-0.5038718674065946,5.0
72,7,0,1,0,70.48987374146817,-0.5038718674065946,1.5
72,8,0,1,0,74.91625653398492,-0.5038718674065946,4.0
72,9,0,1,0,66.19483288854283,-0.5038718674065946,-1.5
72,10,0,1,0,72.1430227595558,-0.5038718674065946,3.5
73,1,1,0,0,80.76747421544201,0.8235971534005564,0.0
73,2,1,0,0,86.65261665881594,0.8235971534005564,2.5
73,3,1,0,0,84.47385730209224,0.8235971534005564,-1.0
73,4,1,0,0,84.04685227331458,0.8235971534005564,3.0
73,5,1,0,0,78.30994031815064,0.8235971534005564,-2.0
73,6,1,1,1,91.22178160058971,0.8235971534005564,5.0
73,7,1,1,1,87.61784677208077,0.8235971534005564,1.5
73,8,1,1,1,93.3132278414364,0.8235971534005564,4.0
73,9,1,1,1,85.07542278440592,0.8235971534005564,-1.5
73,10,1,1,1,91.08513332888447,0.8235971534005564,3.5
74,1,0,0,0,73.34403265443186,-0.19897413639959904,0.0
74,2,0,0,0,80.96722945254128,-0.19897413639959904,2.5
74,3,0,0,0,73.75642150483132,-0.19897413639959904,-1.0
74,4,0,0,0,78.2355059070062,-0.19897413639959904,3.0
74,5,0,0,0,74.68019006176098,-0.19897413639959904,-2.0
74,6,0,1,0,80.12293376519204,-0.19897413639959904,5.0
74,7,0,1,0,76.87696047437747,-0.19897413639959904,1.5
74,8,0,1,0,78.3632283354796,-0.19897413639959904,4.0
74,9,0,1,0,75.2142500598866,-0.19897413639959904,-1.5
74,10,0,1,0,78.87186890756223,-0.19897413639959904,3.5
75,1,0,0,0,74.67998082902253,-0.21556182484882105,0.0
75,2,0,0,0,75.35367242943177,-0.21556182484882105,2.5
75,3,0,0,0,74.30683896388263,-0.21556182484882105,-1.0
75,4,0,0,0,74.00342835274539,-0.21556182484882105,3.0
75,5,0,0,0,73.27149292691739,-0.21556182484882105,-2.0
75,6,0,1,0,80.48660580507911,-0.21556182484882105,5.0
75,7,0,1,0,76.42914591642713,-0.21556182484882105,1.5
75,8,0,1,0,79.3062195248062,-0.21556182484882105,4.0
75,9,0,1,0,73.9491760350248,-0.21556182484882105,-1.5
75,10,0,1,0,77.9401736242114,-0.21556182484882105,3.5
76,1,0,0,0,70.12885599081329,-0.4625409440649168,0.0
76,2,0,0,0,73.90836851562732,-0.4625409440649168,2.5
76,3,0,0,0,68.36005636419159,-0.4625409440649168,-1.0
76,4,0,0,0,71.93086982773494,-0.4625409440649168,3.0
76,5,0,0,0,65.31781286975685,-0.4625409440649168,-2.0
76,6,0,1,0,75.14912003856365,-0.4625409440649168,5.0
76,7,0,1,0,71.32299198652206,-0.4625409440649168,1.5
76,8,0,1,0,71.92759077762662,-0.4625409440649168,4.0
76,9,0,1,0,70.74605731145493,-0.4625409440649168,-1.5
76,10,0,1,0,72.97674912627696,-0.4625409440649168,3.5
77,1,0,0,0,65.4435837128966,-1.5104890874976915,0.0
77,2,0,0,0,70.64881589035927,-1.5104890874976915,2.5
77,3,0,0,0,63.86507771260664,-1.5104890874976915,-1.0
77,4,0,0,0,67.63647784436787,-1.5104890874976915,3.0
77,5,0,0,0,62.41744476361383,-1.5104890874976915,-2.0
77,6,0,1,0,69.11603538334543,-1.5104890874976915,5.0
77,7,0,1,0,65.32238899664755,-1.5104890874976915,1.5
77,8,0,1,0,68.08735821539308,-1.5104890874976915,4.0
77,9,0,1,0,62.56518390928074,-1.5104890874976915,-1.5
77,10,0,1,0,66.329210188802,-1.5104890874976915,3.5
78,1,0,0,0,73.16835457275512,-0.2739367873501769,0.0
78,2,0,0,0,77.04860144084239,-0.2739367873501769,2.5
78,3,0,0,0,74.90471142349966,-0.2739367873501769,-1.0
78,4,0,0,0,78.23778510882248,-0.2739367873501769,3.0
78,5,0,0,0,72.01453090991241,-0.2739367873501769,-2.0
78,6,0,1,0,79.94673652418727,-0.2739367873501769,5.0
78,7,0,1,0,74.50917534821012,-0.2739367873501769,1.5
78,8,0,1,0,79.2178662799113,-0.2739367873501769,4.0
78,9,0,1,0,71.86312788406487,-0.2739367873501769,-1.5
78,10,0,1,0,78.3228617549753,-0.2739367873501769,3.5
79,1,0,0,0,68.08754971480413,-0.5562977408357542,0.0
79,2,0,0,0,70.01938224189144,-0.5562977408357542,2.5
79,3,0,0,0,68.17909249449484,-0.5562977408357542,-1.0
79,4,0,0,0,73.94524646007108,-0.5562977408357542,3.0
79,5,0,0,0,64.99901604905732,-0.5562977408357542,-2.0
79,6,0,1,0,73.09678034815605,-0.5562977408357542,5.0
79,7,0,1,0,73.45109969100702,-0.5562977408357542,1.5
79,8,0,1,0,73.9255602961697,-0.5562977408357542,4.0
79,9,0,1,0,67.79444121723435,-0.5562977408357542,-1.5
79,10,0,1,0,71.30767727927906,-0.5562977408357542,3.5
80,1,0,0,0,50.69352550238483,-2.9499681017773827,0.0
80,2,0,0,0,54.23750198854639,-2.9499681017773827,2.5
80,3,0,0,0,50.57307610694505,-2.9499681017773827,-1.0
80,4,0,0,0,52.47853092105334,-2.9499681017773827,3.0
80,5,0,0,0,44.67168102789401,-2.9499681017773827,-2.0
80,6,0,1,0,54.448740365902104,-2.9499681017773827,5.0
80,7,0,1,0,52.43465575250891,-2.9499681017773827,1.5
80,8,0,1,0,53.48886395459712,-2.9499681017773827,4.0
80,9,0,1,0,48.82329231556983,-2.9499681017773827,-1.5
80,10,0,1,0,53.81502569892033,-2.9499681017773827,3.5
81,1,1,0,0,73.8799557419429,0.11005185586611171,0.0
81,2,1,0,0,74.24475568505655,0.11005185586611171,2.5
81,3,1,0,0,72.77837805268676,0.11005185586611171,-1.0
81,4,1,0,0,77.39596543257979,0.11005185586611171,3.0
81,5,1,0,0,68.91050566556578,0.11005185586611171,-2.0
81,6,1,1,1,81.28403809656042,0.11005185586611171,5.0
81,7,1,1,1,78.16726380174306,0.11005185586611171,1.5
81,8,1,1,1,78.42745637454163,0.11005185586611171,4.0
81,9,1,1,1,75.90125539858572,0.11005185586611171,-1.5
81,10,1,1,1,84.90378813225104,0.11005185586611171,3.5
82,1,1,0,0,75.77509665648081,0.1203131746035526,0.0
82,2,1,0,0,80.82265512131671,0.1203131746035526,2.5
82,3,1,0,0,73.92436624703603,0.1203131746035526,-1.0
82,4,1,0,0,77.52790653180065,0.1203131746035526,3.0
82,5,1,0,0,78.08834603561488,0.1203131746035526,-2.0
82,6,1,1,1,86.35564874887805,0.1203131746035526,5.0
82,7,1,1,1,80.19542420261384,0.1203131746035526,1.5
82,8,1,1,1,83.55488920584509,0.1203131746035526,4.0
82,9,1,1,1,81.35234303092322,0.1203131746035526,-1.5
82,10,1,1,1,84.15532771745968,0.1203131746035526,3.5
83,1,0,0,0,68.7286750040645,-0.5112050203640084,0.0
83,2,0,0,0,73.37481628313702,-0.5112050203640084,2.5
83,3,0,0,0,69.26607871191655,-0.5112050203640084,-1.0
83,4,0,0,0,70.89627029295383,-0.5112050203640084,3.0
83,5,0,0,0,70.10297255865522,-0.5112050203640084,-2.0
83,6,0,1,0,75.14107339917025,-0.5112050203640084,5.0
83,7,0,1,0,73.31181466275645,-0.5112050203640084,1.5
83,8,0,1,0,74.57065775326848,-0.5112050203640084,4.0
83,9,0,1,0,67.90815242681447,-0.5112050203640084,-1.5
83,10,0,1,0,74.5923022936809,-0.5112050203640084,3.5
84,1,0,0,0,69.06385186776102,-0.4053974550451821,0.0
84,2,0,0,0,73.66045057598743,-0.4053974550451821,2.5
84,3,0,0,0,65.29320106127416,-0.4053974550451821,-1.0
84,4,0,0,0,71.01791649399757,-0.4053974550451821,3.0
84,5,0,0,0,67.64730958553355,-0.4053974550451821,-2.0
84,6,0,1,0,73.84841341870222,-0.4053974550451821,5.0
84,7,0,1,0,71.36068420756234,-0.4053974550451821,1.5
84,8,0,1,0,75.99388563553747,-0.4053974550451821,4.0
84,9,0,1,0,65.72411345035997,-0.4053974550451821,-1.5
84,10,0,1,0,74.35446572222091,-0.4053974550451821,3.5
85,1,0,0,0,71.79069560620697,-0.40150597869556093,0.0
85,2,0,0,0,73.2903665187374,-0.40150597869556093,2.5
85,3,0,0,0,69.37653220504441,-0.40150597869556093,-1.0
85,4,0,0,0,75.0801334153352,-0.40150597869556093,3.0
85,5,0,0,0,70.07106910545342,-0.40150597869556093,-2.0
85,6,0,1,0,75.12771258743403,-0.40150597869556093,5.0
85,7,0,1,0,69.8175066677058,-0.40150597869556093,1.5
85,8,0,1,0,76.69813205158421,-0.40150597869556093,4.0
85,9,0,1,0,67.51882202880162,-0.40150597869556093,-1.5
85,10,0,1,0,76.5834480888603,-0.40150597869556093,3.5
86,1,1,0,0,79.69119269692833,0.9030299412747598,0.0
86,2,1,0,0,86.33617953115589,0.9030299412747598,2.5
86,3,1,0,0,81.86211732304058,0.9030299412747598,-1.0
86,4,1,0,0,85.98259021103311,0.9030299412747598,3.0
86,5,1,0,0,80.0545177109467,0.9030299412747598,-2.0
86,6,1,1,1,91.84351962517535,0.9030299412747598,5.0
86,7,1,1,1,86.44886574690736,0.9030299412747598,1.5
86,8,1,1,1,89.73652223892636,0.9030299412747598,4.0
86,9,1,1,1,86.87834745054376,0.9030299412747598,-1.5
86,10,1,1,1,89.33341739493012,0.9030299412747598,3.5
87,1,1,0,0,75.23609787291784,0.025656376123362527,0.0
87,2,1,0,0,77.40620783152488,0.025656376123362527,2.5
87,3,1,0,0,73.78775415280805,0.025656376123362527,-1.0
87,4,1,0,0,75.36974496056298,0.025656376123362527,3.0
87,5,1,0,0,69.56583419908273,0.025656376123362527,-2.0
87,6,1,1,1,83.69047528875052,0.025656376123362527,5.0
87,7,1,1,1,77.00152301265281,0.025656376123362527,1.5
87,8,1,1,1,86.30698471249599,0.025656376123362527,4.0
87,9,1,1,1,74.76536264901709,0.025656376123362527,-1.5
87,10,1,1,1,82.36258183084797,0.025656376123362527,3.5
88,1,0,0,0,63.125481264919124,-0.8399725668667812,0.0
88,2,0,0,0,67.80515388424014,-0.8399725668667812,2.5
88,3,0,0,0,68.54285878751698,-0.8399725668667812,-1.0
88,4,0,0,0,72.18892765189999,-0.8399725668667812,3.0
88,5,0,0,0,66.53613288934066,-0.8399725668667812,-2.0
88,6,0,1,0,70.48749457182365,-0.8399725668667812,5.0
88,7,0,1,0,68.95302797917505,-0.8399725668667812,1.5
88,8,0,1,0,72.29574992963245,-0.8399725668667812,4.0
88,9,0,1,0,66.79960748566079,-0.8399725668667812,-1.5
88,10,0,1,0,71.8821555882916,-0.8399725668667812,3.5
89,1,0,0,0,60.168841548340396,-1.3273615652740685,0.0
89,2,0,0,0,64.47723094169083,-1.3273615652740685,2.5
89,3,0,0,0,61.937844992346136,-1.3273615652740685,-1.0
89,4,0,0,0,64.38948434689617,-1.3273615652740685,3.0
89,5,0,0,0,57.93453182528594,-1.3273615652740685,-2.0
89,6,0,1,0,68.8496155439766,-1.3273615652740685,5.0
89,7,0,1,0,61.27979698600625,-1.3273615652740685,1.5
89,8,0,1,0,63.21841152791601,-1.3273615652740685,4.0
89,9,0,1,0,61.49989523940016,-1.3273615652740685,-1.5
89,10,0,1,0,66.38794145907711,-1.3273615652740685,3.5
90,1,0,0,0,62.83915439561577,-1.3068623229665421,0.0
90,2,0,0,0,65.54679105837454,-1.3068623229665421,2.5
90,3,0,0,0,60.571049295768354,-1.3068623229665421,-1.0
90,4,0,0,0,68.7078919552688,-1.3068623229665421,3.0
90,5,0,0,0,57.38380323907703,-1.3068623229665421,-2.0
90,6,0,1,0,67.8466796518157,-1.3068623229665421,5.0
90,7,0,1,0,63.983122434172714,-1.3068623229665421,1.5
90,8,0,1,0,68.4880667453632,-1.3068623229665421,4.0
90,9,0,1,0,65.28180395456272,-1.3068623229665421,-1.5
90,10,0,1,0,63.58397846545002,-1.3068623229665421,3.5
91,1,1,0,0,74.70777160123255,0.38352359763066873,0.0
91,2,1,0,0,79.48743932546593,0.38352359763066873,2.5
91,3,1,0,0,79.34581908412258,0.38352359763066873,-1.0
91,4,1,0,0,81.94120678130608,0.38352359763066873,3.0
91,5,1,0,0,74.906299829779,0.38352359763066873,-2.0
91,6,1,1,1,87.58233029467587,0.38352359763066873,5.0
91,7,1,1,1,83.97620825269162,0.38352359763066873,1.5
91,8,1,1,1,87.02485303347444,0.38352359763066873,4.0
91,9,1,1,1,83.84127548729846,0.38352359763066873,-1.5
91,10,1,1,1,84.05176133375822,0.38352359763066873,3.5
92,1,0,0,0,67.12927396613068,-1.2501010214077322,0.0
92,2,0,0,0,66.06809720991382,-1.2501010214077322,2.5
92,3,0,0,0,64.5582945686498,-1.2501010214077322,-1.0
92,4,0,0,0,65.4162636556886,-1.2501010214077322,3.0
92,5,0,0,0,64.08398742375824,-1.2501010214077322,-2.0
92,6,0,1,0,70.08148317449502,-1.2501010214077322,5.0
92,7,0,1,0,66.84190734493377,-1.2501010214077322,1.5
92,8,0,1,0,66.61583650687456,-1.2501010214077322,4.0
92,9,0,1,0,63.09475634147841,-1.2501010214077322,-1.5
92,10,0,1,0,68.96110763979225,-1.2501010214077322,3.5
93,1,0,0,0,70.54455968902595,-0.2959033940717367,0.0
93,2,0,0,0,76.45217508262543,-0.2959033940717367,2.5
93,3,0,0,0,73.0106457056388,-0.2959033940717367,-1.0
93,4,0,0,0,73.7487983982203,-0.2959033940717367,3.0
93,5,0,0,0,68.53595350711147,-0.2959033940717367,-2.0
93,6,0,1,0,79.55670655204493,-0.2959033940717367,5.0
93,7,0,1,0,73.51853728225281,-0.2959033940717367,1.5
93,8,0,1,0,76.23684506985366,-0.2959033940717367,4.0
93,9,0,1,0,70.03971719511064,-0.2959033940717367,-1.5
93,10,0,1,0,76.70752009158085,-0.2959033940717367,3.5
94,1,1,0,0,83.08977607661538,0.6469852825598592,0.0
94,2,1,0,0,80.86863947844283,0.6469852825598592,2.5
94,3,1,0,0,79.03805311654878,0.6469852825598592,-1.0
94,4,1,0,0,84.03305958305874,0.6469852825598592,3.0
94,5,1,0,0,79.57769521849644,0.6469852825598592,-2.0
94,6,1,1,1,90.18819929401533,0.6469852825598592,5.0
94,7,1,1,1,86.50522073388593,0.6469852825598592,1.5
94,8,1,1,1,86.41622433046118,0.6469852825598592,4.0
94,9,1,1,1,83.23563764460594,0.6469852825598592,-1.5
94,10,1,1,1,86.5420575346071,0.6469852825598592,3.5
95,1,1,0,0,75.87241463863124,0.30341677510962584,0.0
95,2,1,0,0,79.78712335380885,0.30341677510962584,2.5
95,3,1,0,0,76.86182578975287,0.30341677510962584,-1.0
95,4,1,0,0,77.58096717008726,0.30341677510962584,3.0
95,5,1,0,0,75.31388715451826,0.30341677510962584,-2.0
95,6,1,1,1,83.5962819003338,0.30341677510962584,5.0
95,7,1,1,1,81.54434031276912,0.30341677510962584,1.5
95,8,1,1,1,84.33545056169052,0.30341677510962584,4.0
95,9,1,1,1,80.95920008299026,0.30341677510962584,-1.5
95,10,1,1,1,85.36150869511842,0.30341677510962584,3.5
96,1,1,0,0,77.09180968296818,0.3476191044133548,0.0
96,2,1,0,0,81.0397693757102,0.3476191044133548,2.5
96,3,1,0,0,76.5591408254041,0.3476191044133548,-1.0
96,4,1,0,0,75.93989336658541,0.3476191044133548,3.0
96,5,1,0,0,74.62293741016654,0.3476191044133548,-2.0
96,6,1,1,1,85.60951790658876,0.3476191044133548,5.0
96,7,1,1,1,85.15981335882576,0.3476191044133548,1.5
96,8,1,1,1,84.32398280799245,0.3476191044133548,4.0
96,9,1,1,1,78.11178121548977,0.3476191044133548,-1.5
96,10,1,1,1,86.39760941281953,0.3476191044133548,3.5
97,1,1,0,0,77.64100958403732,0.1329409460497445,0.0
97,2,1,0,0,82.16016820032421,0.1329409460497445,2.5
97,3,1,0,0,78.51869091428989,0.1329409460497445,-1.0
97,4,1,0,0,82.9800828460073,0.1329409460497445,3.0
97,5,1,0,0,74.31396672524639,0.1329409460497445,-2.0
97,6,1,1,1,88.07414644396775,0.1329409460497445,5.0
97,7,1,1,1,85.3765761160824,0.1329409460497445,1.5
97,8,1,1,1,84.73702776727077,0.1329409460497445,4.0
97,9,1,1,1,80.29657175593051,0.1329409460497445,-1.5
97,10,1,1,1,85.1740616133263,0.1329409460497445,3.5
98,1,0,0,0,71.02492976879175,-0.2811953411918323,0.0
98,2,0,0,0,73.89495747202635,-0.2811953411918323,2.5
98,3,0,0,0,70.17262601518897,-0.2811953411918323,-1.0
98,4,0,0,0,74.72516921058053,-0.2811953411918323,3.0
98,5,0,0,0,67.44793523367048,-0.2811953411918323,-2.0
98,6,0,1,0,78.3254530481179,-0.2811953411918323,5.0
98,7,0,1,0,72.24346257595802,-0.2811953411918323,1.5
98,8,0,1,0,75.06441485004319,-0.2811953411918323,4.0
98,9,0,1,0,68.86967789282055,-0.2811953411918323,-1.5
98,10,0,1,0,77.16820432030389,-0.2811953411918323,3.5
99,1,1,0,0,85.1100996265868,1.217497039556586,0.0
99,2,1,0,0,85.24837181937961,1.217497039556586,2.5
99,3,1,0,0,82.36972472257513,1.217497039556586,-1.0
99,4,1,0,0,87.56472625280908,1.217497039556586,3.0
99,5,1,0,0,81.17172718987882,1.217497039556586,-2.0
99,6,1,1,1,92.75044665926649,1.217497039556586,5.0
99,7,1,1,1,89.94966666325269,1.217497039556586,1.5
99,8,1,1,1,92.54183744749403,1.217497039556586,4.0
99,9,1,1,1,87.7847213095795,1.217497039556586,-1.5
99,10,1,1,1,91.7428544527987,1.217497039556586,3.5
100,1,1,0,0,73.02168070295045,-0.015494592064403097,0.0
100,2,1,0,0,79.33157365849198,-0.015494592064403097,2.5
100,3,1,0,0,75.3564213145287,-0.015494592064403097,-1.0
100,4,1,0,0,78.62516767277518,-0.015494592064403097,3.0
100,5,1,0,0,72.16745126924259,-0.015494592064403097,-2.0
100,6,1,1,1,82.2576890000087,-0.015494592064403097,5.0
100,7,1,1,1,82.02835640345731,-0.015494592064403097,1.5
100,8,1,1,1,80.03251027486971,-0.015494592064403097,4.0
100,9,1,1,1,77.65418090756367,-0.015494592064403097,-1.5
100,10,1,1,1,84.52545812263388,-0.015494592064403097,3.5
