policy,job_id,priority,job_type,arrival_time,service_time,start_time,finish_time,waiting_time,turnaround_time
fifo,J0001,2,standard,0.0000,0.4200,0.0000,0.4200,0.0000,0.4200
fifo,J0002,2,standard,1.5124,0.6513,1.5124,2.1637,0.0000,0.6513
fifo,J0003,2,standard,1.8984,1.5156,2.1637,3.6793,0.2653,1.7809
fifo,J0004,1,urgent,4.5031,2.8573,4.5031,7.3604,0.0000,2.8573
fifo,J0005,2,standard,6.8942,2.5563,7.3604,9.9167,0.4662,3.0225
fifo,J0006,2,standard,7.3220,0.5368,9.9167,10.4535,2.5947,3.1315
fifo,J0007,2,standard,7.3653,1.6310,10.4535,12.0845,3.0882,4.7192
fifo,J0008,1,urgent,10.6302,2.7912,12.0845,14.8757,1.4543,4.2455
fifo,J0009,2,standard,11.0582,1.9629,14.8757,16.8386,3.8175,5.7804
fifo,J0010,2,standard,13.3538,0.3239,16.8386,17.1625,3.4848,3.8087
fifo,J0011,3,batch,14.3027,0.2765,17.1625,17.4390,2.8598,3.1363
fifo,J0012,2,standard,15.8279,1.1185,17.4390,18.5575,1.6111,2.7296
fifo,J0013,1,urgent,15.9703,1.0406,18.5575,19.5981,2.5872,3.6278
fifo,J0014,2,standard,17.9545,2.2777,19.5981,21.8758,1.6436,3.9213
fifo,J0015,2,standard,18.9138,0.3007,21.8758,22.1765,2.9620,3.2627
fifo,J0016,2,standard,18.9179,1.7990,22.1765,23.9755,3.2586,5.0576
fifo,J0017,3,batch,20.3662,0.8497,23.9755,24.8252,3.6093,4.4590
fifo,J0018,2,standard,20.9074,1.4643,24.8252,26.2895,3.9178,5.3821
fifo,J0019,2,standard,21.4346,0.2000,26.2895,26.4895,4.8549,5.0549
fifo,J0020,3,batch,21.5316,1.3940,26.4895,27.8835,4.9579,6.3519
fifo,J0021,2,standard,21.6495,1.7699,27.8835,29.6534,6.2340,8.0039
fifo,J0022,2,standard,22.8152,1.0652,29.6534,30.7186,6.8382,7.9034
fifo,J0023,2,standard,24.6188,1.2782,30.7186,31.9968,6.0998,7.3780
fifo,J0024,2,standard,26.4530,1.5367,31.9968,33.5335,5.5438,7.0805
fifo,J0025,3,batch,29.5068,1.1650,33.5335,34.6985,4.0267,5.1917
fifo,J0026,3,batch,29.5266,1.2361,34.6985,35.9346,5.1719,6.4080
fifo,J0027,2,standard,33.1051,0.8629,35.9346,36.7975,2.8295,3.6924
fifo,J0028,3,batch,33.4484,0.8189,36.7975,37.6164,3.3491,4.1680
fifo,J0029,1,urgent,34.4177,0.3719,37.6164,37.9883,3.1987,3.5706
fifo,J0030,2,standard,34.6017,1.0394,37.9883,39.0277,3.3866,4.4260
fifo,J0031,2,standard,35.6613,0.9491,39.0277,39.9768,3.3664,4.3155
fifo,J0032,1,urgent,36.4780,0.3683,39.9768,40.3451,3.4988,3.8671
fifo,J0033,2,standard,36.5226,1.2614,40.3451,41.6065,3.8225,5.0839
fifo,J0034,2,standard,36.8892,1.1281,41.6065,42.7346,4.7173,5.8454
fifo,J0035,2,standard,39.2595,0.3807,42.7346,43.1153,3.4751,3.8558
fifo,J0036,2,standard,40.5643,1.6921,43.1153,44.8074,2.5510,4.2431
fifo,J0037,3,batch,40.9931,0.7332,44.8074,45.5406,3.8143,4.5475
fifo,J0038,2,standard,41.9499,0.6633,45.5406,46.2039,3.5907,4.2540
fifo,J0039,2,standard,43.4047,0.3213,46.2039,46.5252,2.7992,3.1205
fifo,J0040,3,batch,44.2819,0.7969,46.5252,47.3221,2.2433,3.0402
fifo,J0041,2,standard,44.6532,1.1162,47.3221,48.4383,2.6689,3.7851
fifo,J0042,3,batch,45.7975,0.6675,48.4383,49.1058,2.6408,3.3083
fifo,J0043,2,standard,47.2612,2.4314,49.1058,51.5372,1.8446,4.2760
fifo,J0044,1,urgent,48.3541,1.4104,51.5372,52.9476,3.1831,4.5935
fifo,J0045,2,standard,48.9922,0.9628,52.9476,53.9104,3.9554,4.9182
fifo,J0046,1,urgent,49.6136,0.8699,53.9104,54.7803,4.2968,5.1667
fifo,J0047,3,batch,50.4919,4.6972,54.7803,59.4775,4.2884,8.9856
fifo,J0048,2,standard,51.2694,1.9946,59.4775,61.4721,8.2081,10.2027
fifo,J0049,2,standard,53.7873,1.0148,61.4721,62.4869,7.6848,8.6996
fifo,J0050,2,standard,54.2874,1.3240,62.4869,63.8109,8.1995,9.5235
fifo,J0051,2,standard,58.4788,1.4500,63.8109,65.2609,5.3321,6.7821
fifo,J0052,2,standard,58.5121,2.7647,65.2609,68.0256,6.7488,9.5135
fifo,J0053,3,batch,58.9111,1.7032,68.0256,69.7288,9.1145,10.8177
fifo,J0054,2,standard,59.8853,2.3258,69.7288,72.0546,9.8435,12.1693
fifo,J0055,2,standard,62.3303,1.4291,72.0546,73.4837,9.7243,11.1534
fifo,J0056,2,standard,62.4661,1.2189,73.4837,74.7026,11.0176,12.2365
fifo,J0057,2,standard,62.7092,0.4808,74.7026,75.1834,11.9934,12.4742
fifo,J0058,3,batch,63.6671,0.9134,75.1834,76.0968,11.5163,12.4297
fifo,J0059,1,urgent,65.7448,0.4080,76.0968,76.5048,10.3520,10.7600
fifo,J0060,3,batch,66.2832,0.7974,76.5048,77.3022,10.2216,11.0190
fifo,J0061,3,batch,66.7461,0.3940,77.3022,77.6962,10.5561,10.9501
fifo,J0062,1,urgent,67.9627,0.5212,77.6962,78.2174,9.7335,10.2547
fifo,J0063,2,standard,68.5929,2.4023,78.2174,80.6197,9.6245,12.0268
fifo,J0064,3,batch,69.1816,0.5267,80.6197,81.1464,11.4381,11.9648
fifo,J0065,3,batch,69.3804,0.5167,81.1464,81.6631,11.7660,12.2827
fifo,J0066,2,standard,70.6288,0.4044,81.6631,82.0675,11.0343,11.4387
fifo,J0067,1,urgent,71.0614,1.6820,82.0675,83.7495,11.0061,12.6881
fifo,J0068,2,standard,72.2170,0.3840,83.7495,84.1335,11.5325,11.9165
fifo,J0069,2,standard,72.2869,0.2000,84.1335,84.3335,11.8466,12.0466
fifo,J0070,3,batch,73.7994,0.2849,84.3335,84.6184,10.5341,10.8190
fifo,J0071,2,standard,77.2033,2.5906,84.6184,87.2090,7.4151,10.0057
fifo,J0072,2,standard,77.9731,0.9290,87.2090,88.1380,9.2359,10.1649
fifo,J0073,2,standard,79.1809,0.6628,88.1380,88.8008,8.9571,9.6199
fifo,J0074,1,urgent,79.8448,0.5501,88.8008,89.3509,8.9560,9.5061
fifo,J0075,2,standard,79.9670,1.3018,89.3509,90.6527,9.3839,10.6857
fifo,J0076,2,standard,80.0475,1.1062,90.6527,91.7589,10.6052,11.7114
fifo,J0077,2,standard,84.4939,0.4355,91.7589,92.1944,7.2650,7.7005
fifo,J0078,1,urgent,86.1314,1.5588,92.1944,93.7532,6.0630,7.6218
fifo,J0079,2,standard,87.0675,0.6165,93.7532,94.3697,6.6857,7.3022
fifo,J0080,3,batch,87.5460,0.5575,94.3697,94.9272,6.8237,7.3812
fifo,J0081,3,batch,87.6344,1.0923,94.9272,96.0195,7.2928,8.3851
fifo,J0082,3,batch,88.7216,0.3930,96.0195,96.4125,7.2979,7.6909
fifo,J0083,3,batch,89.2160,0.6592,96.4125,97.0717,7.1965,7.8557
fifo,J0084,3,batch,91.2841,1.0672,97.0717,98.1389,5.7876,6.8548
fifo,J0085,2,standard,92.7408,0.7851,98.1389,98.9240,5.3981,6.1832
fifo,J0086,2,standard,96.1258,1.0534,98.9240,99.9774,2.7982,3.8516
fifo,J0087,3,batch,96.2239,2.0055,99.9774,101.9829,3.7535,5.7590
fifo,J0088,2,standard,96.5535,1.2708,101.9829,103.2537,5.4294,6.7002
fifo,J0089,2,standard,96.6108,3.1770,103.2537,106.4307,6.6429,9.8199
fifo,J0090,2,standard,97.0453,0.8412,106.4307,107.2719,9.3854,10.2266
fifo,J0091,2,standard,98.1084,1.5524,107.2719,108.8243,9.1635,10.7159
fifo,J0092,2,standard,99.1614,0.6650,108.8243,109.4893,9.6629,10.3279
fifo,J0093,2,standard,100.0216,1.6875,109.4893,111.1768,9.4677,11.1552
fifo,J0094,2,standard,100.3272,2.1648,111.1768,113.3416,10.8496,13.0144
fifo,J0095,1,urgent,100.3428,0.6790,113.3416,114.0206,12.9988,13.6778
fifo,J0096,2,standard,100.3836,0.7145,114.0206,114.7351,13.6370,14.3515
fifo,J0097,2,standard,100.7369,2.8515,114.7351,117.5866,13.9982,16.8497
fifo,J0098,3,batch,103.6135,1.3338,117.5866,118.9204,13.9731,15.3069
fifo,J0099,1,urgent,107.4797,1.5703,118.9204,120.4907,11.4407,13.0110
fifo,J0100,3,batch,108.6332,1.0543,120.4907,121.5450,11.8575,12.9118
fifo,J0101,2,standard,108.6458,0.2499,121.5450,121.7949,12.8992,13.1491
fifo,J0102,2,standard,109.5742,2.0514,121.7949,123.8463,12.2207,14.2721
fifo,J0103,3,batch,111.6578,1.3976,123.8463,125.2439,12.1885,13.5861
fifo,J0104,2,standard,113.0946,0.6050,125.2439,125.8489,12.1493,12.7543
fifo,J0105,2,standard,114.3466,0.8739,125.8489,126.7228,11.5023,12.3762
fifo,J0106,2,standard,114.8757,1.3166,126.7228,128.0394,11.8471,13.1637
fifo,J0107,2,standard,119.3001,0.5264,128.0394,128.5658,8.7393,9.2657
fifo,J0108,2,standard,119.9287,1.9432,128.5658,130.5090,8.6371,10.5803
fifo,J0109,3,batch,120.9145,0.9727,130.5090,131.4817,9.5945,10.5672
fifo,J0110,2,standard,123.9156,2.2734,131.4817,133.7551,7.5661,9.8395
fifo,J0111,2,standard,124.2723,1.1802,133.7551,134.9353,9.4828,10.6630
fifo,J0112,3,batch,124.4370,7.4354,134.9353,142.3707,10.4983,17.9337
fifo,J0113,1,urgent,124.4765,0.2083,142.3707,142.5790,17.8942,18.1025
fifo,J0114,2,standard,126.7960,0.4492,142.5790,143.0282,15.7830,16.2322
fifo,J0115,1,urgent,127.1893,2.1991,143.0282,145.2273,15.8389,18.0380
fifo,J0116,2,standard,127.7309,0.6400,145.2273,145.8673,17.4964,18.1364
fifo,J0117,2,standard,129.3421,0.2000,145.8673,146.0673,16.5252,16.7252
fifo,J0118,1,urgent,130.9807,1.8937,146.0673,147.9610,15.0866,16.9803
fifo,J0119,2,standard,131.1671,1.5178,147.9610,149.4788,16.7939,18.3117
fifo,J0120,2,standard,132.8876,1.2315,149.4788,150.7103,16.5912,17.8227
fifo,J0121,3,batch,133.1559,0.5051,150.7103,151.2154,17.5544,18.0595
fifo,J0122,2,standard,134.9802,0.9908,151.2154,152.2062,16.2352,17.2260
fifo,J0123,1,urgent,135.9755,0.4848,152.2062,152.6910,16.2307,16.7155
fifo,J0124,1,urgent,139.4833,0.3727,152.6910,153.0637,13.2077,13.5804
fifo,J0125,2,standard,139.7884,1.3642,153.0637,154.4279,13.2753,14.6395
fifo,J0126,1,urgent,140.4222,0.7686,154.4279,155.1965,14.0057,14.7743
fifo,J0127,3,batch,143.8780,1.1661,155.1965,156.3626,11.3185,12.4846
fifo,J0128,2,standard,145.4775,0.9808,156.3626,157.3434,10.8851,11.8659
fifo,J0129,2,standard,148.0542,0.5839,157.3434,157.9273,9.2892,9.8731
fifo,J0130,1,urgent,148.8137,1.3750,157.9273,159.3023,9.1136,10.4886
fifo,J0131,2,standard,150.5449,1.6707,159.3023,160.9730,8.7574,10.4281
fifo,J0132,2,standard,151.8960,0.3600,160.9730,161.3330,9.0770,9.4370
fifo,J0133,3,batch,152.9241,1.6100,161.3330,162.9430,8.4089,10.0189
fifo,J0134,2,standard,156.6270,0.7749,162.9430,163.7179,6.3160,7.0909
fifo,J0135,1,urgent,157.0229,1.1969,163.7179,164.9148,6.6950,7.8919
fifo,J0136,2,standard,157.8579,1.2419,164.9148,166.1567,7.0569,8.2988
fifo,J0137,3,batch,158.4353,0.2214,166.1567,166.3781,7.7214,7.9428
fifo,J0138,2,standard,161.5400,0.6221,166.3781,167.0002,4.8381,5.4602
fifo,J0139,3,batch,162.1078,1.5444,167.0002,168.5446,4.8924,6.4368
fifo,J0140,2,standard,162.4521,0.4788,168.5446,169.0234,6.0925,6.5713
fifo,J0141,2,standard,165.0852,0.9667,169.0234,169.9901,3.9382,4.9049
fifo,J0142,2,standard,166.2685,2.9894,169.9901,172.9795,3.7216,6.7110
fifo,J0143,2,standard,168.5261,0.6089,172.9795,173.5884,4.4534,5.0623
fifo,J0144,2,standard,172.0058,1.1558,173.5884,174.7442,1.5826,2.7384
fifo,J0145,2,standard,172.9381,1.2083,174.7442,175.9525,1.8061,3.0144
fifo,J0146,2,standard,173.0269,1.1474,175.9525,177.0999,2.9256,4.0730
fifo,J0147,2,standard,176.0959,0.9263,177.0999,178.0262,1.0040,1.9303
fifo,J0148,3,batch,177.8853,1.2308,178.0262,179.2570,0.1409,1.3717
fifo,J0149,2,standard,178.3433,0.7952,179.2570,180.0522,0.9137,1.7089
fifo,J0150,2,standard,178.3671,0.6252,180.0522,180.6774,1.6851,2.3103
fifo,J0151,2,standard,178.4747,0.7888,180.6774,181.4662,2.2027,2.9915
fifo,J0152,2,standard,178.8017,0.4125,181.4662,181.8787,2.6645,3.0770
fifo,J0153,3,batch,179.0011,1.0862,181.8787,182.9649,2.8776,3.9638
fifo,J0154,2,standard,179.1052,0.7054,182.9649,183.6703,3.8597,4.5651
fifo,J0155,2,standard,179.8697,0.2464,183.6703,183.9167,3.8006,4.0470
fifo,J0156,2,standard,185.2638,0.9483,185.2638,186.2121,0.0000,0.9483
fifo,J0157,3,batch,186.3412,0.4742,186.3412,186.8154,0.0000,0.4742
fifo,J0158,3,batch,188.9794,1.8958,188.9794,190.8752,0.0000,1.8958
fifo,J0159,3,batch,189.6274,1.0608,190.8752,191.9360,1.2478,2.3086
fifo,J0160,3,batch,193.9188,1.2567,193.9188,195.1755,0.0000,1.2567
fifo,J0161,3,batch,196.4164,2.7471,196.4164,199.1635,0.0000,2.7471
fifo,J0162,1,urgent,200.0521,1.8220,200.0521,201.8741,0.0000,1.8220
fifo,J0163,2,standard,202.3003,5.4519,202.3003,207.7522,0.0000,5.4519
fifo,J0164,2,standard,202.8090,1.0904,207.7522,208.8426,4.9432,6.0336
fifo,J0165,3,batch,203.1664,1.2677,208.8426,210.1103,5.6762,6.9439
fifo,J0166,2,standard,203.3102,2.8829,210.1103,212.9932,6.8001,9.6830
fifo,J0167,2,standard,203.3801,0.3454,212.9932,213.3386,9.6131,9.9585
fifo,J0168,2,standard,203.4384,1.5393,213.3386,214.8779,9.9002,11.4395
fifo,J0169,2,standard,204.9633,1.1275,214.8779,216.0054,9.9146,11.0421
fifo,J0170,1,urgent,206.8907,1.9610,216.0054,217.9664,9.1147,11.0757
fifo,J0171,1,urgent,208.7668,0.6296,217.9664,218.5960,9.1996,9.8292
fifo,J0172,2,standard,209.8987,0.5257,218.5960,219.1217,8.6973,9.2230
fifo,J0173,1,urgent,210.5732,1.7729,219.1217,220.8946,8.5485,10.3214
fifo,J0174,3,batch,211.3966,1.6585,220.8946,222.5531,9.4980,11.1565
fifo,J0175,3,batch,211.4792,1.1714,222.5531,223.7245,11.0739,12.2453
fifo,J0176,3,batch,212.1310,0.5295,223.7245,224.2540,11.5935,12.1230
fifo,J0177,2,standard,213.9303,2.8592,224.2540,227.1132,10.3237,13.1829
fifo,J0178,2,standard,214.9678,2.1960,227.1132,229.3092,12.1454,14.3414
fifo,J0179,2,standard,217.0324,0.3162,229.3092,229.6254,12.2768,12.5930
fifo,J0180,2,standard,219.3014,0.8209,229.6254,230.4463,10.3240,11.1449
fifo,J0181,2,standard,219.3527,1.2633,230.4463,231.7096,11.0936,12.3569
fifo,J0182,2,standard,219.9731,0.2940,231.7096,232.0036,11.7365,12.0305
fifo,J0183,3,batch,224.3408,2.1659,232.0036,234.1695,7.6628,9.8287
fifo,J0184,2,standard,227.8196,2.9201,234.1695,237.0896,6.3499,9.2700
fifo,J0185,2,standard,228.1239,2.1464,237.0896,239.2360,8.9657,11.1121
fifo,J0186,2,standard,228.6570,0.7387,239.2360,239.9747,10.5790,11.3177
fifo,J0187,2,standard,231.0923,1.1090,239.9747,241.0837,8.8824,9.9914
fifo,J0188,3,batch,232.0816,2.8318,241.0837,243.9155,9.0021,11.8339
fifo,J0189,2,standard,232.9460,4.8057,243.9155,248.7212,10.9695,15.7752
fifo,J0190,2,standard,235.6694,0.4821,248.7212,249.2033,13.0518,13.5339
fifo,J0191,2,standard,235.8801,0.6946,249.2033,249.8979,13.3232,14.0178
fifo,J0192,2,standard,239.9902,0.2364,249.8979,250.1343,9.9077,10.1441
fifo,J0193,2,standard,243.9434,0.3672,250.1343,250.5015,6.1909,6.5581
fifo,J0194,1,urgent,244.0704,0.4722,250.5015,250.9737,6.4311,6.9033
fifo,J0195,2,standard,244.3096,0.2936,250.9737,251.2673,6.6641,6.9577
fifo,J0196,3,batch,244.7239,1.3504,251.2673,252.6177,6.5434,7.8938
fifo,J0197,2,standard,244.7483,0.7175,252.6177,253.3352,7.8694,8.5869
fifo,J0198,3,batch,244.9685,1.1656,253.3352,254.5008,8.3667,9.5323
fifo,J0199,3,batch,251.8529,0.4083,254.5008,254.9091,2.6479,3.0562
fifo,J0200,1,urgent,251.8931,0.3423,254.9091,255.2514,3.0160,3.3583
fifo,J0201,2,standard,252.3480,4.4726,255.2514,259.7240,2.9034,7.3760
fifo,J0202,1,urgent,254.8035,3.4434,259.7240,263.1674,4.9205,8.3639
fifo,J0203,2,standard,254.8305,0.3211,263.1674,263.4885,8.3369,8.6580
fifo,J0204,2,standard,255.1149,1.1017,263.4885,264.5902,8.3736,9.4753
fifo,J0205,2,standard,255.9146,1.4280,264.5902,266.0182,8.6756,10.1036
fifo,J0206,3,batch,257.2336,0.4726,266.0182,266.4908,8.7846,9.2572
fifo,J0207,3,batch,257.7302,1.2141,266.4908,267.7049,8.7606,9.9747
fifo,J0208,2,standard,258.8661,1.8871,267.7049,269.5920,8.8388,10.7259
fifo,J0209,2,standard,262.1627,0.7579,269.5920,270.3499,7.4293,8.1872
fifo,J0210,2,standard,262.6273,0.7600,270.3499,271.1099,7.7226,8.4826
fifo,J0211,1,urgent,263.1324,0.8642,271.1099,271.9741,7.9775,8.8417
fifo,J0212,1,urgent,263.6334,1.5723,271.9741,273.5464,8.3407,9.9130
fifo,J0213,1,urgent,263.8946,0.2000,273.5464,273.7464,9.6518,9.8518
fifo,J0214,3,batch,265.1415,2.8026,273.7464,276.5490,8.6049,11.4075
fifo,J0215,3,batch,266.5178,0.9661,276.5490,277.5151,10.0312,10.9973
fifo,J0216,2,standard,266.7316,0.4607,277.5151,277.9758,10.7835,11.2442
fifo,J0217,3,batch,267.0071,0.4530,277.9758,278.4288,10.9687,11.4217
fifo,J0218,1,urgent,267.6651,0.8469,278.4288,279.2757,10.7637,11.6106
fifo,J0219,2,standard,268.1677,0.6775,279.2757,279.9532,11.1080,11.7855
fifo,J0220,3,batch,270.9951,0.7158,279.9532,280.6690,8.9581,9.6739
fifo,J0221,2,standard,274.9153,0.6328,280.6690,281.3018,5.7537,6.3865
fifo,J0222,2,standard,276.2538,2.1175,281.3018,283.4193,5.0480,7.1655
fifo,J0223,3,batch,278.1415,0.5158,283.4193,283.9351,5.2778,5.7936
fifo,J0224,2,standard,278.1620,0.8728,283.9351,284.8079,5.7731,6.6459
fifo,J0225,3,batch,279.0959,0.6388,284.8079,285.4467,5.7120,6.3508
fifo,J0226,2,standard,279.4326,4.9191,285.4467,290.3658,6.0141,10.9332
fifo,J0227,2,standard,280.2599,1.5552,290.3658,291.9210,10.1059,11.6611
fifo,J0228,2,standard,281.7668,1.8862,291.9210,293.8072,10.1542,12.0404
fifo,J0229,3,batch,281.9497,1.7705,293.8072,295.5777,11.8575,13.6280
fifo,J0230,1,urgent,282.2820,1.7465,295.5777,297.3242,13.2957,15.0422
fifo,J0231,2,standard,282.8184,1.2655,297.3242,298.5897,14.5058,15.7713
fifo,J0232,2,standard,284.4892,3.6284,298.5897,302.2181,14.1005,17.7289
fifo,J0233,1,urgent,284.7415,0.5577,302.2181,302.7758,17.4766,18.0343
fifo,J0234,2,standard,285.9238,2.1752,302.7758,304.9510,16.8520,19.0272
fifo,J0235,3,batch,289.6841,1.6142,304.9510,306.5652,15.2669,16.8811
fifo,J0236,2,standard,289.7042,1.7434,306.5652,308.3086,16.8610,18.6044
fifo,J0237,3,batch,290.5569,0.9307,308.3086,309.2393,17.7517,18.6824
fifo,J0238,2,standard,290.9877,1.1366,309.2393,310.3759,18.2516,19.3882
fifo,J0239,2,standard,293.9952,1.6215,310.3759,311.9974,16.3807,18.0022
fifo,J0240,2,standard,296.6249,1.4069,311.9974,313.4043,15.3725,16.7794
fifo,J0241,2,standard,298.1065,0.7865,313.4043,314.1908,15.2978,16.0843
fifo,J0242,2,standard,300.9589,1.8463,314.1908,316.0371,13.2319,15.0782
fifo,J0243,2,standard,301.2916,0.6887,316.0371,316.7258,14.7455,15.4342
fifo,J0244,2,standard,303.2974,0.8773,316.7258,317.6031,13.4284,14.3057
fifo,J0245,1,urgent,303.4940,1.1528,317.6031,318.7559,14.1091,15.2619
fifo,J0246,1,urgent,304.4348,1.3274,318.7559,320.0833,14.3211,15.6485
fifo,J0247,2,standard,305.9941,0.3075,320.0833,320.3908,14.0892,14.3967
fifo,J0248,3,batch,306.2271,2.2761,320.3908,322.6669,14.1637,16.4398
fifo,J0249,3,batch,306.3741,0.5947,322.6669,323.2616,16.2928,16.8875
fifo,J0250,2,standard,306.5335,0.9855,323.2616,324.2471,16.7281,17.7136
