firm_id,period,cash_flow_million_eur,investment_million_eur,oracle_firm_opportunity,cash_flow_within,investment_within
1,1,-1.9153122691612197,-0.5432950397291241,-7.161419334130036,-3.19642711267127,-5.115620529674031
1,2,0.48153540129092676,3.6444070624361977,-7.161419334130036,-0.7995794422191236,-0.9279184275087085
1,3,2.705553565304657,8.107370903286279,-7.161419334130036,1.4244387217946066,3.535045413341373
1,4,1.8612939249097264,2.389585249383849,-7.161419334130036,0.5801790813996761,-2.182740240561057
1,5,2.802047643927595,12.288504443445229,-7.161419334130036,1.5209328004175449,7.7161789535003225
1,6,1.5274000655033118,-0.2603731705366492,-7.161419334130036,0.24628522199326142,-4.832698660481555
1,7,-0.25034250815794135,3.7292854476458435,-7.161419334130036,-1.5314573516679917,-0.8430400422990627
1,8,3.0367429244633466,7.223119023627622,-7.161419334130036,1.7556280809532963,2.650793533682716
2,1,4.96330437066888,21.109196522525988,0.0401109927359095,-2.388656104682476,-0.33747910744113696
2,2,9.484898905459962,25.274581475635724,0.0401109927359095,2.132938430108606,3.8279058456685995
2,3,7.102556700496012,21.185327247913374,0.0401109927359095,-0.24940377485534437,-0.2613483820537503
2,4,7.609554700698548,20.092334339976894,0.0401109927359095,0.2575942253471917,-1.3543412899902307
2,5,4.812628207338706,19.66163987816809,0.0401109927359095,-2.53933226801265,-1.785035751799036
2,6,6.8216903076386135,20.550615830912584,0.0401109927359095,-0.530270167712743,-0.8960597990545409
2,7,8.155831283745657,19.88013575721724,0.0401109927359095,0.8038708083943007,-1.5665398727498854
2,8,9.865219326764477,23.81957398738712,0.0401109927359095,2.51325885141312,2.372898357419995
3,1,8.3025035440649,20.981309241716446,1.7874052626321135,-0.030172188905684294,-4.715489277287009
3,2,3.904372998753863,19.669790451053995,1.7874052626321135,-4.428302734216721,-6.02700806794946
3,3,9.271882009559668,29.98133662565023,1.7874052626321135,0.9392062765890845,4.2845381066467745
3,4,7.787140003379625,24.685076889600232,1.7874052626321135,-0.5455357295909584,-1.0117216294032225
3,5,8.876732972307352,25.575475939334524,1.7874052626321135,0.5440572393367678,-0.12132257966893079
3,6,7.875158316003244,28.31597997672884,1.7874052626321135,-0.45751741696733994,2.619181457725386
3,7,10.766753243194106,29.63947939941713,1.7874052626321135,2.4340775102235224,3.9426808804136755
3,8,9.876862776501907,26.72593962852624,1.7874052626321135,1.5441870435313234,1.0291411095227865
4,1,5.437895045623937,23.855321270650727,2.5843188153329537,-2.6880235837738597,-2.0689765330614414
4,2,5.162787856552267,22.97178226092988,2.5843188153329537,-2.9631307728455294,-2.9525155427822867
4,3,6.548402740605512,24.72897194187251,2.5843188153329537,-1.5775158887922842,-1.1953258618396596
4,4,8.223323195956269,25.895500152927088,2.5843188153329537,0.09740456655847218,-0.02879765078508001
4,5,10.681307104588138,31.155106225444925,2.5843188153329537,2.555388475190341,5.230808421732757
4,6,10.29216943064992,25.61459432865022,2.5843188153329537,2.166250801252124,-0.30970347506194784
4,7,8.861440789646789,28.959608885929637,2.5843188153329537,0.7355221602489923,3.0353110822174685
4,8,9.800022871559536,24.213497363292348,2.5843188153329537,1.6741042421617394,-1.7108004404198205
5,1,8.727116825941495,25.44277600488264,1.9743168732636118,-0.1038239348518033,-1.1122253318549262
5,2,10.47030221823875,30.812517113691293,1.9743168732636118,1.6393614574454514,4.257515776953728
5,3,10.584197433924567,29.79069219970855,1.9743168732636118,1.7532566731312684,3.2356908629709835
5,4,8.559624471234944,28.159601665994632,1.9743168732636118,-0.27131628955835474,1.6046003292570674
5,5,9.224543193240688,22.902961286741217,1.9743168732636118,0.39360243244738946,-3.652040049996348
5,6,9.23327713718807,24.95993076229031,1.9743168732636118,0.4023363763947714,-1.5950705744472558
5,7,5.398832189214889,23.06755339100398,1.9743168732636118,-3.43210857157841,-3.487447945733585
5,8,8.44963261736299,27.3039782695879,1.9743168732636118,-0.3813081434303083,0.7489769328503364
6,1,4.677647510082216,10.378429627799953,-4.588581415520608,0.6139772948940507,-0.9277883861372409
6,2,2.6250326561586355,9.739588264225361,-4.588581415520608,-1.4386375590295297,-1.5666297497118329
6,3,3.851510727896313,13.57030604904319,-4.588581415520608,-0.21215948729185197,2.2640880351059955
6,4,0.4602114393726371,8.061262580836008,-4.588581415520608,-3.603458775815528,-3.244955433101186
6,5,2.730199763101264,7.400418484030216,-4.588581415520608,-1.333470452086901,-3.905799529906978
6,6,4.144052560250965,10.87686837594179,-4.588581415520608,0.08038234506279984,-0.42934963799540427
6,7,7.935157451042776,16.139929155623015,-4.588581415520608,3.8714872358546106,4.833711141685821
6,8,6.085549613600515,14.282941573998027,-4.588581415520608,2.0218793984123495,2.976723560060833
7,1,9.585418512988504,31.057415357997534,6.3679328068371595,-2.050642061458424,-2.927546298595175
7,2,11.373636406280431,32.61918441898282,6.3679328068371595,-0.26242416816649694,-1.3657772376098904
7,3,12.441479132038829,36.418701064267395,6.3679328068371595,0.8054185575919011,2.433739407674686
7,4,10.301549239520952,32.73681035303894,6.3679328068371595,-1.3345113349259758,-1.2481513035537688
7,5,9.97814502312351,29.806128264719177,6.3679328068371595,-1.657915551323418,-4.178833391873532
7,6,15.69008646741823,39.926436040234016,6.3679328068371595,4.054025892971302,5.941474383641307
7,7,12.015706263703565,34.93837899126659,6.3679328068371595,0.37964568925663755,0.9534173346738797
7,8,11.7024635505014,34.37663876223519,6.3679328068371595,0.06640297605447287,0.39167710564247926
8,1,4.677548391264857,16.008012203941373,-2.632743102557595,-1.6510871334419104,-1.642179088560109
8,2,8.190650468451574,22.338186086942283,-2.632743102557595,1.862014943744807,4.687994794440801
8,3,4.108282814752685,9.51998982236844,-2.632743102557595,-2.2203527099540823,-8.130201470133041
8,4,4.905404978151396,14.065075006808543,-2.632743102557595,-1.423230546555371,-3.585116285692939
8,5,5.8704438334236055,14.383645339690258,-2.632743102557595,-0.4581916912831616,-3.2665459528112244
8,6,6.606975024700815,19.921433801577443,-2.632743102557595,0.27833949999404783,2.271242509075961
8,7,7.617727165973009,25.342171405012923,-2.632743102557595,1.2890916412662419,7.691980112511441
8,8,8.652051520936194,19.623016673670584,-2.632743102557595,2.3234159962294267,1.9728253811691019
9,1,4.431189587923616,17.057771799549545,0.45003971692454053,-3.129994701663377,-6.180375659507874
9,2,5.246576446688134,20.467102318201515,0.45003971692454053,-2.3146078428988597,-2.771045140855904
9,3,5.914918966530691,21.190267032848553,0.45003971692454053,-1.6462653230563022,-2.0478804262088666
9,4,9.173311619121197,25.42999478646267,0.45003971692454053,1.6121273295342036,2.1918473274052523
9,5,8.44666382414101,26.264767575346507,0.45003971692454053,0.8854795345540172,3.026620116289088
9,6,10.344920612054878,28.205086189054363,0.45003971692454053,2.7837363224678846,4.966938729996944
9,7,10.300560496853558,28.634347671214087,0.45003971692454053,2.739376207266565,5.396200212156668
9,8,6.6313327633828605,18.65584229978211,0.45003971692454053,-0.9298515262041329,-4.582305159275311
10,1,8.857458877262015,23.70181388290475,0.07864619255547829,1.5465417095232343,1.8855280004344763
10,2,5.189630706335408,17.46522681662285,0.07864619255547829,-2.121286461403373,-4.351059065847426
10,3,5.978982754929243,18.665976002470178,0.07864619255547829,-1.331934412809538,-3.1503098800000977
10,4,7.908876367511555,18.691518944382636,0.07864619255547829,0.5979591997727738,-3.124766938087639
10,5,7.49688690403798,25.67668033775646,0.07864619255547829,0.18596973629919944,3.8603944552861833
10,6,3.5458348690325447,17.03080322034561,0.07864619255547829,-3.7650822987062362,-4.785482662124664
10,7,7.264305755128797,25.370689541732446,0.07864619255547829,-0.046611412609983915,3.554403659262171
10,8,12.245361107672707,27.927578313547265,0.07864619255547829,4.934443939933926,6.11129243107699
11,1,4.24669217805347,14.543814487193462,-3.617336703723579,-1.3780897362450713,-0.8891942722240778
11,2,3.8990861717400613,13.69936726456948,-3.617336703723579,-1.72569574255848,-1.7336414948480598
11,3,7.187809331434838,19.0718984041163,-3.617336703723579,1.563027417136297,3.638889644698761
11,4,5.078243385346462,15.195621345004673,-3.617336703723579,-0.5465385289520794,-0.2373874144128667
11,5,5.1283923171636125,15.080361342721444,-3.617336703723579,-0.4963895971349288,-0.35264741669609556
11,6,6.208487710780493,18.074142254647178,-3.617336703723579,0.5837057964819516,2.6411334952296386
11,7,6.370942917947121,11.64738398388622,-3.617336703723579,0.74616100364858,-3.7856247755313195
11,8,6.878601301922271,16.15148099320156,-3.617336703723579,1.2538193876237296,0.7184722337840199
12,1,3.567870066682645,15.24170568734351,-2.2323274246527838,-0.7512360338328015,-1.256916057631157
12,2,2.1284996707243593,11.093399722191666,-2.2323274246527838,-2.190606429791087,-5.405222022783001
12,3,0.7922340991900674,12.340276175776639,-2.2323274246527838,-3.526872001325379,-4.158345569198028
12,4,7.364613607839643,21.13892728377531,-2.2323274246527838,3.0455075073241966,4.640305538800643
12,5,3.044155670529572,13.857564422792366,-2.2323274246527838,-1.2749504299858745,-2.6410573221823004
12,6,5.613710165676091,23.804150969215204,-2.2323274246527838,1.2946040651606445,7.305529224240537
12,7,5.113450751799684,14.881413537981356,-2.2323274246527838,0.7943446512842378,-1.6172082069933111
12,8,6.9283147716815074,19.63153616072129,-2.2323274246527838,2.609208671166061,3.1329144157466224
13,1,8.11334403506141,24.991212477363153,2.378124382049489,-0.8332803214786981,-2.252854492567227
13,2,8.934792213294315,27.248820767657545,2.378124382049489,-0.011832143245792182,0.004753797727165221
13,3,6.863481624586491,21.686043093313437,2.378124382049489,-2.0831427319536164,-5.558023876616943
13,4,8.88792514154942,31.566557869348856,2.378124382049489,-0.05869921499068731,4.322490899418476
13,5,7.958185648260174,24.033500548974455,2.378124382049489,-0.9884387082799337,-3.2105664209559244
13,6,9.908250655758968,29.17440551163703,2.378124382049489,0.9616262992188602,1.93033854170665
13,7,10.027846495609,30.489150902699976,2.378124382049489,1.0812221390688919,3.245083932769596
13,8,10.879169038201084,28.762844588448573,2.378124382049489,1.9325446816609766,1.5187776185181932
14,1,11.914030831430214,33.65656047231253,2.983114552541626,2.7523636382673473,5.822400247498145
14,2,7.14140458103297,20.98737276891662,2.983114552541626,-2.0202626121298968,-6.846787455897761
14,3,7.473332272107189,26.711298611804082,2.983114552541626,-1.6883349210556773,-1.1228616130103006
14,4,9.82241259181312,29.66198146095044,2.983114552541626,0.6607453986502527,1.8278212361360566
14,5,11.261926899355261,29.59703166258884,2.983114552541626,2.1002597061923947,1.7628714377744572
14,6,7.883626254700208,22.013458261521446,2.983114552541626,-1.2780409384626585,-5.820701963292937
14,7,8.57248232765091,27.841096956493928,2.983114552541626,-0.5891848655119567,0.006936731679545005
14,8,9.224121787213063,32.20448160392717,2.983114552541626,0.06245459405019638,4.370321379112788
15,1,6.276917777400653,21.275944626772,-2.3465789386809,-0.2267698226086141,2.4436758799227754
15,2,3.0098469749187737,15.962676724359673,-2.3465789386809,-3.4938406250904936,-2.8695920224895506
15,3,4.9752083906545455,19.524788436007096,-2.3465789386809,-1.528479209354722,0.6925196891578729
15,4,7.613066421803408,17.225774498316795,-2.3465789386809,1.1093788217941407,-1.606494248532428
15,5,8.092892405914384,23.171579093942263,-2.3465789386809,1.5892048059051165,4.33931034709304
15,6,8.087397831874632,17.00353630269925,-2.3465789386809,1.583710231865365,-1.8287324441499742
15,7,4.7180850374058885,14.316542750671452,-2.3465789386809,-1.785602562603379,-4.515725996177771
15,8,9.256085960101853,22.17730754202526,-2.3465789386809,2.7523983600925854,3.3450387951760376
16,1,7.972449958340379,29.417229683386267,4.369451470957625,-1.7180591866509527,-1.3361843004323397
16,2,12.062889574417323,34.64611011497984,4.369451470957625,2.3723804294259914,3.892696131161234
16,3,11.192489231407558,30.784637367827518,4.369451470957625,1.5019800864162267,0.03122338400891067
16,4,9.394955199044018,29.69017017195867,4.369451470957625,-0.2955539459473133,-1.0632438118599374
16,5,9.096257360071201,28.991748936791705,4.369451470957625,-0.5942517849201305,-1.7616650470269022
16,6,3.268465898967528,19.815552428732268,4.369451470957625,-6.4220432460238035,-10.93786155508634
16,7,12.76965560952658,36.35772113419355,4.369451470957625,3.079146464535249,5.6043071503749395
16,8,11.766910328156072,36.32414203267904,4.369451470957625,2.076401183164741,5.570728048860435
17,1,4.530826065875772,23.549103670513997,0.4786970903248585,-2.749634603187374,0.27115979846402993
17,2,6.762851341755498,25.95728022040243,0.4786970903248585,-0.5176093273076479,2.6793363483524644
17,3,7.118442537432032,24.778816882819893,0.4786970903248585,-0.16201813163111378,1.5008730107699257
17,4,6.614177731394828,23.87243478419758,0.4786970903248585,-0.6662829376683179,0.594490912147613
17,5,6.762667729111335,20.345629720100817,0.4786970903248585,-0.5177929399518106,-2.93231415194915
17,6,8.459478381357547,19.052766444865995,0.4786970903248585,1.1790177122944012,-4.225177427183972
17,7,8.844175588295162,21.242838224073296,0.4786970903248585,1.5637149192320159,-2.035105647976671
17,8,9.151065977282997,27.42468102942574,0.4786970903248585,1.8706053082198508,4.1467371573757745
18,1,9.275087026769494,28.413136007278247,5.557346262057614,0.08713572522321122,-2.178711456765736
18,2,7.3796175829450625,25.23390773655537,5.557346262057614,-1.8083337186012205,-5.357939727488613
18,3,11.520450931745659,34.01212909511298,5.557346262057614,2.3324996301993757,3.420281631068999
18,4,10.681107666870021,33.617193821719276,5.557346262057614,1.4931563653237383,3.025346357675293
18,5,7.708529952252407,29.229834315962616,5.557346262057614,-1.479421349293876,-1.3620131480813669
18,6,9.938934364886512,34.789896224078845,5.557346262057614,0.7509830633402288,4.198048760034862
18,7,8.989505983421795,30.569528851096212,5.557346262057614,-0.19844531812448807,-0.022318612947771044
18,8,8.01037690347931,28.869153660548324,5.557346262057614,-1.177574398066973,-1.722693803495659
19,1,3.922908196372982,12.98964751864214,-1.8503990683607165,-1.4780767754121382,-3.2176463128172443
19,2,4.494117677138361,13.865886337630906,-1.8503990683607165,-0.9068672946467595,-2.341407493828479
19,3,5.429637876640136,14.217641465478469,-1.8503990683607165,0.028652904855015926,-1.9896523659809162
19,4,4.982891203219471,18.39018618001355,-1.8503990683607165,-0.41809376856564917,2.182892348554166
19,5,6.083626947377278,10.77190091851022,-1.8503990683607165,0.6826419755921576,-5.435392912949165
19,6,5.6950306280392855,16.797594624481512,-1.8503990683607165,0.29404565625416534,0.5903007930221271
19,7,7.9803832426761065,22.184993403477936,-1.8503990683607165,2.5793982708909864,5.977699572018551
19,8,4.619284002817345,20.440500203440347,-1.8503990683607165,-0.7817009689677752,4.2332063719809625
20,1,3.7847087145446046,14.878703205930313,-2.181379954466104,-2.1432275293540957,-2.0434858133495855
20,2,4.934518175686792,11.687555463904586,-2.181379954466104,-0.9934180682119083,-5.2346335553753125
20,3,5.0372421648485775,17.628254811634953,-2.181379954466104,-0.8906940790501228,0.7060657923550551
20,4,6.817478907970172,20.93912181573723,-2.181379954466104,0.8895426640714721,4.016932796457333
20,5,5.528246364352073,13.776396693386724,-2.181379954466104,-0.39968987954662705,-3.145792325893174
20,6,6.028197015988266,16.705142363809017,-2.181379954466104,0.10026077208956607,-0.21704665547088098
20,7,6.891102006295458,20.35213753988119,-2.181379954466104,0.9631657623967582,3.429948520601293
20,8,8.401996601503656,19.410200259955182,-2.181379954466104,2.474060357604956,2.4880112406752843
21,1,7.292323793523749,24.0214936517069,1.4874781567056476,-1.4704599661869695,-1.6497332678139678
21,2,8.562487311477442,25.404535207032293,1.4874781567056476,-0.20029644823327608,-0.26669171248857637
21,3,8.633778465357082,26.65853686549425,1.4874781567056476,-0.12900529435363595,0.9873099459733794
21,4,11.222785369440064,30.354880374304592,1.4874781567056476,2.4600016097293462,4.683653454783723
21,5,9.364859915304876,23.626741765010177,1.4874781567056476,0.6020761555941583,-2.044485154510692
21,6,8.077437931115066,24.225242728951553,1.4874781567056476,-0.6853458285956524,-1.445984190569316
21,7,9.619415986520416,26.001029428580615,1.4874781567056476,0.8566322268096975,0.3298025090597463
21,8,7.329181304947043,25.07735533508656,1.4874781567056476,-1.4336024547636752,-0.5938715844343108
22,1,4.523028648178586,17.96342576279051,-1.757467906457278,-0.7015486085254992,-0.30541148960803
22,2,3.3644993944576598,17.425270220088688,-1.757467906457278,-1.8600778622464258,-0.8435670323098527
22,3,3.962013963413173,17.169949062685934,-1.757467906457278,-1.2625632932909125,-1.098888189712607
22,4,4.588761454662285,15.582975267912808,-1.757467906457278,-0.635815802041801,-2.685861984485733
22,5,6.9861338000617295,19.152700502235277,-1.757467906457278,1.761556543357644,0.883863249836736
22,6,6.465846727650238,21.81526209706257,-1.757467906457278,1.2412694709461523,3.5464248446640276
22,7,7.150859921896592,20.577883786025318,-1.757467906457278,1.926282665192506,2.309046533626777
22,8,4.755474143312419,16.46323132038722,-1.757467906457278,-0.4691031133916663,-1.8056059320113214
23,1,8.108125450644174,19.73268557988626,-0.1941854838806769,0.1753294474256446,-1.7726889731801698
23,2,6.70664124304988,20.370337495937854,-0.1941854838806769,-1.226154760168649,-1.135037057128578
23,3,6.260729441193357,21.502014221936346,-0.1941854838806769,-1.6720665620251722,-0.003360331130085825
23,4,6.978900776561294,17.270159200938824,-0.1941854838806769,-0.9538952266572354,-4.235215352127607
23,5,8.013213775652497,18.723754245243207,-0.1941854838806769,0.08041777243396808,-2.781620307823225
23,6,6.671119802316505,20.898825183838195,-0.1941854838806769,-1.2616762009020244,-0.6065493692282367
23,7,10.344512179914393,28.010746618604102,-0.1941854838806769,2.4117161766958635,6.505372065537671
23,8,10.37912535641614,25.534473878146652,-0.1941854838806769,2.4463293531976102,4.029099325080221
24,1,8.757687211250037,28.7521414082037,2.6543482412527117,0.0006348053911153784,0.23631731483071405
24,2,6.595130568061052,24.729689719227885,2.6543482412527117,-2.1619218377978697,-3.7861343741450995
24,3,7.553224563015866,23.690945664276732,2.6543482412527117,-1.2038278428430553,-4.824878429096252
24,4,7.09044734109361,27.761809963989897,2.6543482412527117,-1.666605064765311,-0.7540141293830871
24,5,9.382223557441124,28.467580796712802,2.6543482412527117,0.6251711515822027,-0.04824329666018201
24,6,9.297930523010528,27.530202983422413,2.6543482412527117,0.5408781171516068,-0.9856211099505714
24,7,8.248674165481972,29.43477617288293,2.6543482412527117,-0.508378240376949,0.9189520795099462
24,8,13.131101317517178,37.759446038267505,2.6543482412527117,4.374048911658257,9.243621944894521
25,1,8.872582492664561,23.74451918316579,-0.6379595146150692,1.1424586584960483,0.771393388160746
25,2,8.69801252040125,23.28817374936197,-0.6379595146150692,0.9678886862327367,0.31504795435692756
25,3,8.357402386060679,23.652553359483356,-0.6379595146150692,0.6272785518921662,0.6794275644783134
25,4,6.591332377319292,21.874771691366632,-0.6379595146150692,-1.138791456849221,-1.0983541036384104
25,5,7.572554089645075,23.630355291126246,-0.6379595146150692,-0.15756974452343808,0.6572294961212037
25,6,7.0424621694016185,21.31325877020167,-0.6379595146150692,-0.6876616647668943,-1.659867024803372
25,7,6.60041667809883,24.033386430307758,-0.6379595146150692,-1.1297071560696832,1.0602606353027149
25,8,8.106227959756797,22.24798788502692,-0.6379595146150692,0.37610412558828443,-0.7251379099781232
26,1,9.239858501259883,30.039877627939152,6.495531974947468,-2.0087256682780446,-4.263902111097433
26,2,12.015795282108149,34.85820854499582,6.495531974947468,0.7672111125702212,0.5544288059592333
26,3,12.042988014256935,38.181157477909245,6.495531974947468,0.7944038447190067,3.87737773887266
26,4,13.412610595555815,37.47032109538768,6.495531974947468,2.1640264260178874,3.1665413563510967
26,5,11.549608832954975,33.9769472209253,6.495531974947468,0.3010246634170475,-0.32683251811128855
26,6,11.409249607738612,36.09657325671418,6.495531974947468,0.16066543820068446,1.7927935176775947
26,7,9.67413058045073,30.868681699333187,6.495531974947468,-1.5744535890871987,-3.435098039703398
26,8,10.644431941978322,32.938470989088145,6.495531974947468,-0.6041522275596058,-1.36530874994844
27,1,1.9258410126884327,10.167760314649904,-2.406305980171922,-4.750890165259815,-7.903089974991261
27,2,8.151438516843662,18.01832079300504,-2.406305980171922,1.4747073388954144,-0.05252949663612583
27,3,9.38724262218414,23.451100746310978,-2.406305980171922,2.710511444235892,5.380250456669813
27,4,8.767587671727528,19.126772634632136,-2.406305980171922,2.09085649377928,1.0559223449909716
27,5,4.275173296179885,15.171009933124708,-2.406305980171922,-2.4015578817683627,-2.8998403565164566
27,6,7.815869773954675,21.97895691426064,-2.406305980171922,1.1391385960064273,3.9081066246194744
27,7,5.982238820387141,17.584606504909196,-2.406305980171922,-0.6944923575611064,-0.4862437847319683
27,8,7.108457709620518,19.068274476236702,-2.406305980171922,0.43172653167227093,0.9974241865955378
28,1,5.9146504874940025,16.593241803596154,-3.528823164505706,0.37879968763117766,0.08056713626963585
28,2,7.074610284779672,19.234631477837063,-3.528823164505706,1.5387594849168469,2.7219568105105445
28,3,2.1368887934438012,12.498206665790816,-3.528823164505706,-3.3989620064190236,-4.014468001535702
28,4,6.211184732408988,17.303044717720226,-3.528823164505706,0.6753339325461631,0.7903700503937081
28,5,7.739410108155497,22.167179598055988,-3.528823164505706,2.2035593082926725,5.65450493072947
28,6,3.8844579258369416,12.760152061543977,-3.528823164505706,-1.6513928740258832,-3.7525226057825414
28,7,6.887701319255184,16.562860720473253,-3.528823164505706,1.3518505193923591,0.05018605314673508
28,8,4.437902747528516,14.98208029359468,-3.528823164505706,-1.097948052334309,-1.5305943737318373
29,1,5.224506225060625,21.099885918858234,-0.10326270689663464,-1.413053788745934,0.9285095802658709
29,2,8.703612404078376,19.075909998116998,-0.10326270689663464,2.0660523902718166,-1.0954663404753653
29,3,5.174507299807768,19.47303548147234,-0.10326270689663464,-1.463052713998791,-0.6983408571200229
29,4,8.057282746911307,24.461546626680974,-0.10326270689663464,1.4197227331047477,4.290170288088611
29,5,7.157839582042188,18.920838070050596,-0.10326270689663464,0.5202795682356287,-1.2505382685417672
29,6,5.848881876230186,18.844930209014134,-0.10326270689663464,-0.7886781375763734,-1.3264461295782297
29,7,5.858998989494772,19.78702633676322,-0.10326270689663464,-0.7785610243117871,-0.38435000182914436
29,8,7.074850986827253,19.707838067782408,-0.10326270689663464,0.4372909730206942,-0.4635382708099556
30,1,5.081860343002651,22.164635192195806,1.9888717055888563,-2.855271914827444,-2.6954044345102695
30,2,5.757081747013151,18.11091833008777,1.9888717055888563,-2.180050510816944,-6.749121296618306
30,3,7.843625611192132,22.35653199970117,1.9888717055888563,-0.09350664663796326,-2.5035076270049075
30,4,11.608061285972708,28.937735963467034,1.9888717055888563,3.670929028142613,4.077696336760958
30,5,3.5684179466179486,14.934078622310661,1.9888717055888563,-4.3687143112121465,-9.925961004395415
30,6,8.593847286197565,26.64034936560317,1.9888717055888563,0.6567150283674703,1.7803097388970954
30,7,10.955221100726398,32.28648572887728,1.9888717055888563,3.0180888428963026,7.426446102171205
30,8,10.088942741918206,33.4495818114057,1.9888717055888563,2.151810484088111,8.589542184699624
31,1,8.643953121959822,30.518074532416538,6.959167564741593,-2.3924111171487112,-4.900642132122702
31,2,12.470978809236744,33.727204552381366,6.959167564741593,1.4346145701282111,-1.6915121121578736
31,3,9.603445684808076,36.48759338247449,6.959167564741593,-1.432918554300457,1.0688767179352539
31,4,10.095471306684908,33.03887246255751,6.959167564741593,-0.9408929324236244,-2.379844201981733
31,5,13.778551461004595,42.217567276933515,6.959167564741593,2.742187221896062,6.798850612394276
31,6,9.460938241775224,36.280732437629275,6.959167564741593,-1.5754259973333085,0.862015773090036
31,7,10.4292815254082,34.619958294839684,6.959167564741593,-0.6070827137003327,-0.7987583696995557
31,8,13.808293761990699,36.459730377081556,6.959167564741593,2.771929522882166,1.0410137125423162
32,1,6.58259176345619,17.073959442257518,-3.730732192755624,1.826678013171409,1.2357287851557537
32,2,6.76257294458051,17.590658345529715,-3.730732192755624,2.0066591942957297,1.7524276884279502
32,3,3.991557818864036,17.399331907196473,-3.730732192755624,-0.7643559314207446,1.5611012500947083
32,4,3.5792151779911476,19.05312497915402,-3.730732192755624,-1.176698572293633,3.214894322052256
32,5,5.2542875771123585,18.0811478579362,-3.730732192755624,0.4983738268275779,2.2429172008344374
32,6,3.3270295779322865,9.696467740806568,-3.730732192755624,-1.428884172352494,-6.141762916295196
32,7,4.830602736521203,14.972486428196726,-3.730732192755624,0.0746889862364224,-0.8657442289050383
32,8,3.719452405820512,12.838668555736895,-3.730732192755624,-1.0364613444642687,-2.9995621013648694
33,1,10.833578621681564,28.6875118919922,2.3621729493787598,1.8956161162497978,2.182863636284438
33,2,6.741097030207507,23.511579856501182,2.3621729493787598,-2.19686547522426,-2.9930683992065816
33,3,10.42748928625497,26.56032984370624,2.3621729493787598,1.4895267808232031,0.05568158799847467
33,4,5.831514731120962,22.74760566850862,2.3621729493787598,-3.106447774310804,-3.7570425871991446
33,5,12.05284840449522,32.4645629319667,2.3621729493787598,3.114885899063454,5.959914676258933
33,6,6.922585205847662,21.101077866869613,2.3621729493787598,-2.015377299584104,-5.403570388838151
33,7,10.316578248528527,29.004170637412123,2.3621729493787598,1.378615743096761,2.4995223817043595
33,8,8.378008515317719,27.960347348705447,2.3621729493787598,-0.5599539901140478,1.4556990929976834
34,1,9.23730732082293,28.569226916036037,4.919101228018175,-1.036464165753788,-2.726676163673673
34,2,10.416252539732088,29.69733390842769,4.919101228018175,0.14248105315536996,-1.5985691712820191
34,3,11.099150082542906,33.27157421103647,4.919101228018175,0.8253785959661872,1.975671131326763
34,4,9.891400707625644,32.10275910425267,4.919101228018175,-0.3823707789510742,0.8068560245429595
34,5,9.411196694314302,35.25726488015024,4.919101228018175,-0.8625747922624161,3.961361800440528
34,6,9.065275250426618,25.554459228568774,4.919101228018175,-1.2084962361501006,-5.741443851140936
34,7,12.793833357161057,33.546012679279706,4.919101228018175,2.520061870584339,2.2501095995699956
34,8,10.275755939988205,32.36859370992608,4.919101228018175,0.001984453411486342,1.0726906302163712
35,1,4.53904773181732,19.914965993492544,-0.4503922306986018,-1.9689880552195262,-1.2759411702621364
35,2,2.651504497447459,14.427221623465705,-0.4503922306986018,-3.856531289589387,-6.763685540288975
35,3,9.825403402748758,22.197178638161304,-0.4503922306986018,3.3173676157119125,1.0062714744066241
35,4,7.39190184942722,25.118422168993124,-0.4503922306986018,0.883866062390374,3.927515005238444
35,5,4.958151766865946,23.180942584505836,-0.4503922306986018,-1.5498840201709,1.9900354207511555
35,6,6.564901056182046,19.37334127605764,-0.4503922306986018,0.056865269145199626,-1.8175658876970395
35,7,5.413038071419278,18.05861142311386,-0.4503922306986018,-1.094997715617568,-3.1322957406408207
35,8,10.720337920386743,27.25657360224742,-0.4503922306986018,4.212302133349898,6.065666438492741
36,1,8.49268649061936,28.68781356650082,5.728144039098821,-1.4489592271384044,-2.773622306982528
36,2,8.201567065646394,26.889411147562573,5.728144039098821,-1.7400786521113698,-4.572024725920777
36,3,8.788991840430405,22.747557430299302,5.728144039098821,-1.1526538773273582,-8.713878443184047
36,4,10.755637696324127,35.77712412179475,5.728144039098821,0.8139919785663636,4.3156882483114
36,5,8.931735173285357,30.77283641049881,5.728144039098821,-1.0099105444724064,-0.6885994629845378
36,6,10.109564440336795,32.29495973596091,5.728144039098821,0.1679187225790315,0.8335238624775592
36,7,13.992705167252183,40.738847016599784,5.728144039098821,4.051059449494419,9.277411143116435
36,8,10.26027786816749,33.782937558649856,5.728144039098821,0.3186321504097265,2.3215016851665062
37,1,8.7023157480277,25.337632866325684,3.7589616193163,-0.3641105047934108,-2.3919040878396594
37,2,8.464921031379976,25.71001363060879,3.7589616193163,-0.6015052214411352,-2.0195233235565553
37,3,7.766161162583026,22.775802796476924,3.7589616193163,-1.300265090238086,-4.9537341576884195
37,4,10.123823249399633,29.190673879103645,3.7589616193163,1.0573969965785217,1.4611369249383017
37,5,8.97211644456311,29.34320145630526,3.7589616193163,-0.09430980825800184,1.6136645021399154
37,6,10.097738997597368,31.200015522224657,3.7589616193163,1.0313127447762565,3.4704785680593133
37,7,9.49503750684206,30.663169207143458,3.7589616193163,0.42861125402094835,2.9336322529781143
37,8,8.909295882176023,27.615786275134326,3.7589616193163,-0.1571303706450884,-0.11375067903101765
38,1,8.838937153429775,23.842343877039745,3.8573443314039153,-0.5244191536754084,-4.33996090576785
38,2,10.936976397965331,28.99474326693366,3.8573443314039153,1.5736200908601479,0.8124384841260657
38,3,8.051960610180648,29.359506607349086,3.8573443314039153,-1.311395696924535,1.1772018245414912
38,4,10.041683051878397,29.877587667095522,3.8573443314039153,0.678326744773214,1.695282884287927
38,5,8.903223255932687,31.70482327957989,3.8573443314039153,-0.46013305117249637,3.522518496772296
38,6,9.429332751070474,25.43893722216294,3.8573443314039153,0.06597644396529034,-2.7433675606446535
38,7,8.391989865988297,28.265376499117103,3.8573443314039153,-0.9713664411168867,0.08307171630950805
38,8,10.312747370395854,27.97511984318281,3.8573443314039153,0.9493910632906708,-0.2071849396247849
39,1,5.3070847742663645,17.239087719742294,-2.9090685273576,-0.16376036561884622,0.46115902924984553
39,2,2.893730963889234,16.493841504691815,-2.9090685273576,-2.577114175995977,-0.2840871858006331
39,3,5.6548895477748955,18.01985409241862,-2.9090685273576,0.1840444078896848,1.2419254019261707
39,4,5.664329239587062,16.415363786129593,-2.9090685273576,0.193484099701851,-0.3625649043628556
39,5,6.026772966376343,11.70027116178002,-2.9090685273576,0.555927826491132,-5.077657528712429
39,6,3.6431446367920897,14.007808389898253,-2.9090685273576,-1.827700503093121,-2.7701203005941952
39,7,7.898694191964223,20.319032192619368,-2.9090685273576,2.4278490520790124,3.5411035021269193
39,8,6.678114798431476,20.028170676659638,-2.9090685273576,1.2072696585462657,3.2502419861671896
40,1,2.649119354137274,8.308482905900508,-7.205931543213446,-0.646566198302633,-1.5732114223763531
40,2,1.1254479226104026,1.9514208950196155,-7.205931543213446,-2.1702376298295043,-7.930273433257246
40,3,4.910094875911856,12.70828282539275,-7.205931543213446,1.614409323471949,2.826588497115889
40,4,1.3123615631876773,7.174693414822614,-7.205931543213446,-1.9833239892522296,-2.707000913454247
40,5,0.5964880896369096,9.733539650961173,-7.205931543213446,-2.6991974628029975,-0.14815467731568788
40,6,3.7310989601485804,12.652888583573166,-7.205931543213446,0.43541340770867354,2.7711942552963045
40,7,6.071684609740421,9.98131834681417,-7.205931543213446,2.775999057300514,0.09962401853730896
40,8,5.969189044146132,16.542928003730886,-7.205931543213446,2.6735034917062253,6.6612336754540244
41,1,9.851022686697327,28.709329841926024,5.764542482070954,-0.8933768443388619,-3.3162621711399005
41,2,11.003901691326329,35.28486565292468,5.764542482070954,0.2595021602901397,3.2592736398587547
41,3,9.975024143915762,36.87620320303731,5.764542482070954,-0.7693753871204265,4.850611189971389
41,4,8.984520309473666,28.34296867786621,5.764542482070954,-1.7598792215625227,-3.6826233351997146
41,5,15.610389491532917,41.641048349363764,5.764542482070954,4.865989960496728,9.61545633629784
41,6,11.615445101208033,29.74984712216314,5.764542482070954,0.8710455701718445,-2.2757448909027858
41,7,10.571564551909706,28.359025135632468,5.764542482070954,-0.17283497912648293,-3.666566877433457
41,8,8.343328272225765,27.241448121613818,5.764542482070954,-2.4010712588104237,-4.784143891452107
42,1,3.8589650791794856,12.944583231053066,-3.263121614662383,-1.6366264619305895,-3.4364916454911594
42,2,4.158754436991632,16.020199172409598,-3.263121614662383,-1.3368371041184428,-0.360875704134628
42,3,6.58243313612401,17.020229731185527,-3.263121614662383,1.0868415950139347,0.6391548546413013
42,4,4.53939486685348,14.216741638636957,-3.263121614662383,-0.9561966742565948,-2.164333237907268
42,5,5.841368323252341,17.685685889396115,-3.263121614662383,0.3457767821422655,1.3046110128518897
42,6,6.763595666760588,20.327054433515304,-3.263121614662383,1.2680041256505126,3.9459795569710785
42,7,5.679372635345312,14.942788850739333,-3.263121614662383,0.18378109423523714,-1.4382860258048922
42,8,6.540848184373754,17.89131606541789,-3.263121614662383,1.045256643263679,1.510241188873664
43,1,5.624448070820318,19.272107834824478,-0.0821426554432416,-1.3851613449218902,-1.9103186925391284
43,2,6.921923063234595,23.655822158091674,-0.0821426554432416,-0.08768635250761303,2.473395630728067
43,3,8.469166164932247,23.76504261323288,-0.0821426554432416,1.459556749190039,2.5826160858692724
43,4,8.740246030656596,20.98761495978535,-0.0821426554432416,1.7306366149143884,-0.19481156757825602
43,5,4.625585054084441,18.97982937259733,-0.0821426554432416,-2.384024361657767,-2.202597154766277
43,6,6.815661349148326,18.839066870889408,-0.0821426554432416,-0.1939480665938822,-2.343359656474199
43,7,7.355401382403623,23.059663214890534,-0.0821426554432416,0.3457919666614151,1.8772366875269277
43,8,7.524444210657517,20.90026519459719,-0.0821426554432416,0.5148347949153091,-0.2821613327664174
44,1,6.710457707413755,23.60156939407576,-0.5291545374246794,0.47766025720132443,2.965343703500679
44,2,2.8578511217885167,12.524661165710617,-0.5291545374246794,-3.374946328423914,-8.111564524864464
44,3,7.506106526196251,21.339043008562765,-0.5291545374246794,1.2733090759838204,0.7028173179876838
44,4,6.326749196383175,21.41884292558918,-0.5291545374246794,0.09395174617074442,0.7826172350140972
44,5,7.650440056889892,21.35740717383621,-0.5291545374246794,1.417642606677461,0.7211814832611303
44,6,8.133078169409162,22.79466806785276,-0.5291545374246794,1.900280719196731,2.15844237727768
44,7,6.89105768471167,22.26300338520896,-0.5291545374246794,0.658260234499239,1.62677769463388
44,8,3.786639138907021,19.790610403764386,-0.5291545374246794,-2.4461583113054095,-0.8456152868106948
45,1,3.3862452900099087,7.118583518465009,-5.834383075712607,-0.9577761817550958,-5.59927790239305
45,2,5.880805509349205,14.0044102302801,-5.834383075712607,1.5367840375842006,1.286548809422042
45,3,2.423221709334177,10.483485787203584,-5.834383075712607,-1.9207997624308275,-2.2343756336544747
45,4,7.748614681517816,22.456461972732644,-5.834383075712607,3.4045932097528118,9.738600551874585
45,5,4.9938041869999985,13.010210573480608,-5.834383075712607,0.649782715234994,0.292349152622549
45,6,4.007381171189834,11.652085956057244,-5.834383075712607,-0.33664030057517014,-1.065775464800815
45,7,2.7345870671083743,9.425144290750787,-5.834383075712607,-1.6094344046566302,-3.292717130107272
45,8,3.5775121586107215,13.5925090378945,-5.834383075712607,-0.7665093131542831,0.874647617036441
46,1,6.630889956207641,14.395948617363988,-4.699695450986399,2.3064103675280325,0.7578367743181325
46,2,3.534563124055718,12.916203862178092,-4.699695450986399,-0.7899164646238903,-0.7219079808677638
46,3,4.181143811140834,12.721727143205328,-4.699695450986399,-0.14333577753877424,-0.9163846998405276
46,4,4.261387781006807,20.696603716786612,-4.699695450986399,-0.06309180767280154,7.058491873740756
46,5,6.215284652088062,14.020892065187567,-4.699695450986399,1.890805063408454,0.3827802221417116
46,6,2.5237154738232057,9.668269846513255,-4.699695450986399,-1.8007641148564026,-3.969841996532601
46,7,3.054235039574566,7.5780277198626,-4.699695450986399,-1.2702445491050423,-6.060084123183255
46,8,4.19461687154003,17.10722177326941,-4.699695450986399,-0.1298627171395781,3.469109930223553
47,1,8.243567985924946,22.408673957834743,0.8538212282133376,-0.29149590583898366,-2.1517212414983646
47,2,6.653887034999624,19.147057601916003,0.8538212282133376,-1.8811768567643057,-5.4133375974171045
47,3,5.865757163853563,25.994178491575575,0.8538212282133376,-2.6693067279103664,1.4337832922424667
47,4,10.861242451373272,31.665166427787145,0.8538212282133376,2.3261785596093425,7.104771228454037
47,5,7.390692818295265,24.950003700643276,0.8538212282133376,-1.1443710734686645,0.38960850131016755
47,6,11.01615261561609,26.029549522404192,0.8538212282133376,2.48108872385216,1.4691543230710842
47,7,9.799602033135018,25.369459810975933,0.8538212282133376,1.264538141371089,0.8090646116428246
47,8,8.449609030913665,20.919072081527982,0.8538212282133376,-0.08545486085026432,-3.6413231178051255
48,1,10.849241576817445,27.50555764200592,3.2473082918568172,0.9315709815169768,-2.0820353865838293
48,2,8.242443904207327,26.059521110241885,3.2473082918568172,-1.6752266910931404,-3.5280719183478624
48,3,10.78760010094019,32.52038548974064,3.2473082918568172,0.8699295056397229,2.9327924611508926
48,4,11.547117903684702,34.57358063908172,3.2473082918568172,1.6294473083842345,4.985987610491971
48,5,10.561662171128443,28.45188344427383,3.2473082918568172,0.6439915758279753,-1.1357095843159186
48,6,10.208912184166646,31.323121970822527,3.2473082918568172,0.29124158886617835,1.7355289422327793
48,7,10.591347013206425,28.94227937264943,3.2473082918568172,0.6736764179059573,-0.645313655940317
48,8,6.55303990825257,27.32441455990203,3.2473082918568172,-3.3646306870478977,-2.263178468687716
49,1,1.905215354447805,6.722275170600215,-10.013218359937273,1.8018423715662553,4.136673657771908
49,2,1.0069217022578432,0.8345168680672415,-10.013218359937273,0.9035487193762934,-1.7510846447610646
49,3,1.4278277705274371,6.70695204301396,-10.013218359937273,1.3244547876458874,4.121350530185653
49,4,0.07674039460567839,1.937220658666077,-10.013218359937273,-0.02663258827587131,-0.6483808541622291
49,5,-1.9565315364689702,3.139212967397926,-10.013218359937273,-2.05990451935052,0.5536114545696198
49,6,-1.717878626653731,-0.4706381298180419,-10.013218359937273,-1.8212516095352806,-3.056239642646348
49,7,1.1292177645367507,2.559864697474608,-10.013218359937273,1.025844781655201,-0.025736815353698095
49,8,-1.0445289602004157,-0.7445921727755374,-10.013218359937273,-1.1479019430819655,-3.3301936856038434
50,1,10.139026242107173,32.187082090529984,4.886843277133356,-1.15875796681002,-0.06043138536152526
50,2,10.496729624283862,28.71227335051146,4.886843277133356,-0.8010545846333308,-3.5352401253800494
50,3,9.350586718017226,28.224501477835688,4.886843277133356,-1.947197490899967,-4.023011998055821
50,4,10.826773518830516,33.55935921673534,4.886843277133356,-0.4710106900866773,1.3118457408438289
50,5,11.544172291508245,33.643376861684715,4.886843277133356,0.24638808259105183,1.3958633857932057
50,6,12.43027199439617,32.26058237700619,4.886843277133356,1.1324877854789772,0.01306890111467851
50,7,12.198461129510344,32.006475655082724,4.886843277133356,0.9006769205931509,-0.2410378208087849
50,8,13.396252152684006,37.386456777745956,4.886843277133356,2.0984679437668134,5.138943301854447
51,1,10.871358340243559,36.22220837759811,5.586291194533468,0.143925303428464,3.5466664293780497
51,2,10.340132211745109,28.312950216936848,5.586291194533468,-0.3873008250699854,-4.36259173128321
51,3,11.456631937822142,34.61858635496441,5.586291194533468,0.729198901007047,1.9430444067443489
51,4,10.931906212488506,32.49899844801719,5.586291194533468,0.20447317567341194,-0.17654350020286813
51,5,13.843580241328059,37.11452686100159,5.586291194533468,3.1161472045129646,4.438984912781535
51,6,11.322107900791105,35.77422477460225,5.586291194533468,0.5946748639760102,3.098682826382195
51,7,7.595898308675059,27.25402059679959,5.586291194533468,-3.1315347281400356,-5.421521351420466
51,8,9.457849141427214,29.608819955840445,5.586291194533468,-1.2695838953878802,-3.0667219923796125
52,1,8.400551242211797,25.716041382375085,2.2682754180705467,0.7232187226688405,0.6259014248674433
52,2,6.154154145424208,21.84244954495549,2.2682754180705467,-1.523178374118749,-3.247690412552153
52,3,5.3334469495005905,19.3425404475189,2.2682754180705467,-2.3438855700423664,-5.747599509988742
52,4,7.512698339163553,23.879443465134255,2.2682754180705467,-0.16463418037940425,-1.210696492373387
52,5,8.690323325733386,30.646218125044303,2.2682754180705467,1.0129908061904294,5.556078167536661
52,6,8.722412327023806,25.24155371589716,2.2682754180705467,1.0450798074808487,0.15141375838951987
52,7,8.802015061212325,26.671200194400647,2.2682754180705467,1.124682541669368,1.5810602368930056
52,8,7.803058766073987,27.38167278473529,2.2682754180705467,0.12572624653103048,2.2915328272276483
53,1,9.374934451418978,23.777645365995422,0.1333049305661296,1.7516246580157766,0.7926974922667789
53,2,6.74177381214945,22.804959689854478,0.1333049305661296,-0.8815359812537515,-0.17998818387416549
53,3,6.233282928272278,18.360486345647796,0.1333049305661296,-1.390026865130924,-4.624461528080847
53,4,9.233531078530186,24.041948973764665,0.1333049305661296,1.6102212851269844,1.0570011000360218
53,5,4.837548939079196,21.98503680536377,0.1333049305661296,-2.785760854324006,-0.9999110683648738
53,6,7.864771674713577,22.512620750735266,0.1333049305661296,0.24146188131037505,-0.4723271229933772
53,7,8.423025174635073,25.197844438434498,0.1333049305661296,0.7997153812318718,2.2128965647058543
53,8,8.277610288426871,25.199040620033262,0.1333049305661296,0.6543004950236693,2.214092746304619
54,1,8.82770938278101,25.744092110593638,0.6943091952153195,0.8377138115555258,1.4050939334307557
54,2,6.281670195310221,21.111542916622472,0.6943091952153195,-1.708325375915262,-3.2274552605404097
54,3,7.146762168336424,18.873127602556135,0.6943091952153195,-0.8432334028890596,-5.465870574606747
54,4,7.137140099029961,26.234167253346005,0.6943091952153195,-0.8528554721955226,1.895169076183123
54,5,10.340356980890526,27.788957848170966,0.6943091952153195,2.3503614096650427,3.4499596710080844
54,6,7.210340938825253,22.65608335937272,0.6943091952153195,-0.7796546324002307,-1.682914817790163
54,7,7.8450025035708055,27.11518963397877,0.6943091952153195,-0.1449930676546778,2.776191456815887
54,8,9.130982301059667,25.18882469266235,0.6943091952153195,1.140986729834184,0.8498265154994691
55,1,0.4575065977680788,4.539132553664796,-11.059810092535177,-1.2236371555136092,0.7597966510509382
55,2,2.9197926242754213,1.920587100847806,-11.059810092535177,1.2386488709937333,-1.858748801766052
55,3,1.2389297104053543,2.3854351156323172,-11.059810092535177,-0.4422140428763337,-1.3939007869815407
55,4,1.2185036045734674,4.0258414691020565,-11.059810092535177,-0.46264014870822057,0.24650556648819855
55,5,1.331648140292023,2.941136957806541,-11.059810092535177,-0.3494956129896649,-0.838198944807317
55,6,3.962079640058439,7.927361950952732,-11.059810092535177,2.280935886776751,4.148026048338874
55,7,3.23287424214172,6.222826335475362,-11.059810092535177,1.5517304888600318,2.4434904328615037
55,8,-0.9121845332609999,0.27236573742925396,-11.059810092535177,-2.593328286542688,-3.506970165184604
56,1,4.269183527869094,12.482496701232005,-1.5499620878557185,-2.3666428901924608,-6.555303549393564
56,2,5.0046267035248215,18.071063442747615,-1.5499620878557185,-1.6311997145367334,-0.9667368078779539
56,3,7.670133344849434,25.797223509152065,-1.5499620878557185,1.0343069267878793,6.759423258526496
56,4,3.726077681164064,18.783683565567546,-1.5499620878557185,-2.909748736897491,-0.25411668505802254
56,5,8.290898785980087,17.0207104274099,-1.5499620878557185,1.6550723679185317,-2.01708982321567
56,6,8.872953832723027,22.9795351963323,-1.5499620878557185,2.2371274146614724,3.941734945706731
56,7,4.854111033286782,14.404565410499128,-1.5499620878557185,-1.781715384774773,-4.633234840126441
56,8,10.398626435095132,22.763123752063997,-1.5499620878557185,3.7628000170335767,3.725323501438428
57,1,3.561405346063178,18.601415153838243,-1.9270481782573479,-3.255263089613697,-1.6403380337420543
57,2,10.676742535295393,27.036827544124318,-1.9270481782573479,3.860074099618518,6.795074356544021
57,3,5.476172323872381,17.270450504378417,-1.9270481782573479,-1.3404961118044936,-2.9713026832018805
57,4,7.248309535293396,21.773988421417748,-1.9270481782573479,0.4316410996165212,1.5322352338374507
57,5,5.86128082238553,18.2679405442909,-1.9270481782573479,-0.9553876132913448,-1.9738126432893957
57,6,7.819813629528328,18.43216577839783,-1.9270481782573479,1.003145193851453,-1.8095874091824662
57,7,6.037051207528933,18.44748865083428,-1.9270481782573479,-0.7796172281479423,-1.7942645367460166
57,8,7.852572085447861,22.10374890336064,-1.9270481782573479,1.0359036497709857,1.861995715780342
58,1,4.1568450884399715,11.568302093843045,-4.1856284367965095,-0.7027720863893281,-3.624414965225597
58,2,2.5450662790289655,12.96796826935029,-4.1856284367965095,-2.314550895800334,-2.224748789718351
58,3,4.571845991914617,14.532545039550525,-4.1856284367965095,-0.28777118291468273,-0.6601720195181162
58,4,4.33643195440418,15.672793223700769,-4.1856284367965095,-0.5231852204251197,0.480076164632127
58,5,4.707062607350846,14.601006533280737,-4.1856284367965095,-0.15255456747845386,-0.5917105257879047
58,6,6.5159602903482385,17.91438420039141,-4.1856284367965095,1.656343115518939,2.7216671413227687
58,7,7.207512830966968,20.288794958068635,-4.1856284367965095,2.347895656137668,5.096077898999994
58,8,4.8362123561806145,13.995942154363727,-4.1856284367965095,-0.023404818648685044,-1.196774904704915
59,1,4.311397524284357,15.785021196725848,-2.4744487002904014,-0.7323208147218452,-0.0016907825491205841
59,2,0.7846630944707824,11.09217534156321,-2.4744487002904014,-4.2590552445354195,-4.694536637711758
59,3,4.61582372316922,10.293953618068107,-2.4744487002904014,-0.42789461583698163,-5.492758361206862
59,4,7.199087508446845,20.26284261988618,-2.4744487002904014,2.155369169440643,4.47613064061121
59,5,3.91033384328148,9.403720661073454,-2.4744487002904014,-1.133384495724722,-6.382991318201515
59,6,6.441718771671476,22.19688911913215,-2.4744487002904014,1.398000432665274,6.410177139857179
59,7,5.54452650149536,14.606224259855491,-2.4744487002904014,0.5008081624891583,-1.180487719419478
59,8,7.542195745230098,22.65286901789531,-2.4744487002904014,2.4984774062238957,6.86615703862034
60,1,1.5701798648712373,6.969634996660085,-5.856068724442749,-1.4973771229756618,-2.707505385825865
60,2,4.185574444305371,12.723701117722742,-5.856068724442749,1.118017456458472,3.046560735236792
60,3,0.07853232908457386,9.164545470204121,-5.856068724442749,-2.9890246587623253,-0.5125949122818287
60,4,2.8120819965106545,7.974890076632061,-5.856068724442749,-0.25547499133624463,-1.7022503058538891
60,5,0.4019373321972415,2.9814420082098385,-5.856068724442749,-2.6656196556496576,-6.695698374276112
60,6,5.348983881426815,12.607494465803132,-5.856068724442749,2.2814268935799156,2.930354083317182
60,7,7.2005691519028865,15.277932822946378,-5.856068724442749,4.133012164055987,5.6007924404604275
60,8,2.942596902476412,9.717482101709239,-5.856068724442749,-0.1249600853704873,0.04034171922328866
61,1,7.379441669494867,26.339827050948106,2.1500956242530584,-0.9424626947946262,1.3257899371581523
61,2,11.341319121340353,32.49596018150238,2.1500956242530584,3.0194147570508605,7.4819230677124295
61,3,7.40761214439129,21.561892001649092,2.1500956242530584,-0.9142922198982024,-3.4521451121408617
61,4,7.774494023341417,24.469063776777883,2.1500956242530584,-0.5474103409480762,-0.5449733370120704
61,5,6.602564517866734,21.494014533003146,2.1500956242530584,-1.7193398464227592,-3.520022580786808
61,6,5.881121525160493,22.193815154143103,2.1500956242530584,-2.4407828391289996,-2.820221959646851
61,7,10.664683588076713,26.898411813164238,2.1500956242530584,2.34277922378722,1.884374699374284
61,8,9.523998324644081,24.659312399131696,2.1500956242530584,1.2020939603545884,-0.35472471465825706
62,1,7.330991552533633,21.122114040760685,1.999116472664962,-0.9947238098338493,-4.331348538462507
62,2,6.363645725712731,22.93702567884613,1.999116472664962,-1.9620696366547516,-2.5164369003770624
62,3,8.223560325254194,26.6352907289766,1.999116472664962,-0.10215503711328822,1.1818281497534073
62,4,9.653403404301919,24.52337308742621,1.999116472664962,1.3276880419344366,-0.9300894917969806
62,5,8.05695081161766,26.51419759581658,1.999116472664962,-0.26876455074982175,1.0607350165933873
62,6,7.144836820347261,25.455458082040817,1.999116472664962,-1.1808785420202215,0.001995502817624839
62,7,11.23280417682486,33.20300741159276,1.999116472664962,2.907088814457378,7.7495448323695655
62,8,8.5995300823476,23.237234008325746,1.999116472664962,0.27381471998011797,-2.216228570897446
63,1,5.466354778086921,17.33503331480229,-1.21826268970664,-2.3827817225885246,-5.324204027608356
63,2,7.3459832303125685,22.479696512609078,-1.21826268970664,-0.5031532703628772,-0.17954082980156727
63,3,8.589554924162233,23.242638662922232,-1.21826268970664,0.740418423486787,0.5834013205115873
63,4,4.021423567011761,13.78467191341101,-1.21826268970664,-3.827712933663685,-8.874565428999635
63,5,8.187740694091847,23.48147279390286,-1.21826268970664,0.33860419341640124,0.8222354514922152
63,6,9.34971115978604,26.829088027876846,-1.21826268970664,1.500574659110594,4.169850685466201
63,7,10.1707558245039,27.66909848686366,-1.21826268970664,2.321619323828454,5.009861144453016
63,8,9.661567827448295,26.452199026897183,-1.21826268970664,1.812431326772849,3.7929616844865386
64,1,8.789495003797636,21.973373917456396,0.728858852197927,0.5222695350744271,-2.481512065779018
64,2,7.3718226908796565,25.0952754766412,0.728858852197927,-0.8954027778435529,0.6403894934057845
64,3,8.015174671426193,26.79969831917153,0.728858852197927,-0.2520507972970165,2.3448123359361155
64,4,6.789625917345634,19.46194345814414,0.728858852197927,-1.4775995513775753,-4.992942525091273
64,5,7.6383548926467855,20.903213110570743,0.728858852197927,-0.6288705760764239,-3.551672872664671
64,6,10.580045478578104,30.399312209191343,0.728858852197927,2.312820009854894,5.9444262259559295
64,7,8.03878573485717,25.80130094344655,0.728858852197927,-0.22843973386603977,1.3464149602111348
64,8,8.914499360254498,25.204970431261415,0.728858852197927,0.6472738915312881,0.7500844480260014
65,1,6.486003199111552,21.38063506654415,-3.5232427513680262,1.0014417301869711,3.543739799594505
65,2,6.497794243291363,18.735446367677326,-3.5232427513680262,1.0132327743667817,0.8985511007276799
65,3,4.623123789976408,15.414744610857843,-3.5232427513680262,-0.8614376789481728,-2.4221506560918034
65,4,5.939044474465671,20.591590004682114,-3.5232427513680262,0.45448300554109,2.7546947377324678
65,5,5.452764204568861,17.60827947605047,-3.5232427513680262,-0.0317972643557205,-0.22861579089917683
65,6,4.770871507318462,16.996193987049423,-3.5232427513680262,-0.7136899616061188,-0.8407012799002231
65,7,6.022108902102986,17.6263659717422,-3.5232427513680262,0.5375474331784051,-0.21052929520744712
65,8,4.084781430561343,14.341906650993632,-3.5232427513680262,-1.3997800383632386,-3.4949886159560144
66,1,8.328835016877152,29.70582409393473,3.0661027198223607,-1.525897211515593,-2.4993620009183815e-06
66,2,8.427544414079094,26.741823074608487,3.0661027198223607,-1.4271878143136512,-2.9640035186882443
66,3,11.536523976795216,33.89474846966986,3.0661027198223607,1.6817917484024711,4.188921876373126
66,4,8.136211151860664,28.90918844565774,3.0661027198223607,-1.718521076532081,-0.7966381476389905
66,5,10.812841252467695,29.87802206567982,3.0661027198223607,0.9581090240749504,0.17219547238308763
66,6,9.819711933145753,28.24739126914845,3.0661027198223607,-0.03502029524699246,-1.4584353241482795
66,7,11.260942942781304,31.271491817795614,3.0661027198223607,1.4062107143885587,1.5656652244988827
66,8,10.515247139135088,28.998123509879143,3.0661027198223607,0.6605149107423429,-0.7077030834175879
67,1,0.872484199190608,7.863895476400779,-4.149025557613819,-3.394441523129303,-5.377721787223504
67,2,3.5077666690722697,13.89878277721656,-4.149025557613819,-0.7591590532476413,0.6571655135922772
67,3,4.806108980654039,7.868062112260882,-4.149025557613819,0.5391832583341278,-5.3735551513634014
67,4,6.222349531280628,16.160850200304623,-4.149025557613819,1.9554238089607168,2.9192329366803396
67,5,7.3891898320816285,15.601054952329147,-4.149025557613819,3.1222641097617174,2.3594376887048636
67,6,2.8053528261862946,12.552417709213906,-4.149025557613819,-1.4615728961336165,-0.6891995544103775
67,7,2.700955470933553,13.892862104569984,-4.149025557613819,-1.565970251386358,0.6512448409457008
67,8,5.831198269160265,18.095012776698386,-4.149025557613819,1.5642725468403542,4.853395513074103
68,1,3.322288284320029,16.71657901014687,-2.4012987164114237,-3.5094970082721737,-3.6529675498683822
68,2,5.978911629362658,21.948960435532825,-2.4012987164114237,-0.8528736632295448,1.5794138755175737
68,3,4.265326576787466,15.49886727069569,-2.4012987164114237,-2.566458715804737,-4.870679289319561
68,4,8.143853472057538,19.49339214029333,-2.4012987164114237,1.312068179465335,-0.8761544197219209
68,5,4.1076996812517095,16.43691947557169,-2.4012987164114237,-2.7240856113404934,-3.9326270844435633
68,6,10.874188893242824,26.6018187926565,-2.4012987164114237,4.042403600650621,6.232272232641247
68,7,8.418334221368278,19.094532107832325,-2.4012987164114237,1.5865489287760752,-1.2750144521829263
68,8,9.543679582347124,27.1653032473928,-2.4012987164114237,2.7118942897549214,6.795756687377548
69,1,11.475920464738763,31.017561703619588,4.243634278998066,1.022156243466883,-1.849803856002982
69,2,10.215229135756665,31.719002383450732,4.243634278998066,-0.23853508551521507,-1.1483631761718378
69,3,9.166507903799134,35.338961539532235,4.243634278998066,-1.287256317472746,2.471595979909665
69,4,7.952599855261753,26.20531127805767,4.243634278998066,-2.5011643660101273,-6.662054281564899
69,5,11.686142625537169,38.25450750860887,4.243634278998066,1.2323784042652886,5.387141948986297
69,6,8.70996561405649,28.409147170391936,4.243634278998066,-1.7437986072153908,-4.458218389230634
69,7,10.826730265917014,33.20823349952203,4.243634278998066,0.3729660446451337,0.34086793989946074
69,8,13.597017905108057,38.786199393797474,4.243634278998066,3.1432536838361766,5.9188338341749045
70,1,3.0782688826925684,16.60741284557191,-1.4986266432392663,-2.6874698161531034,-1.6774917278569852
70,2,5.305575592824652,20.32568790162022,-1.4986266432392663,-0.46016310602102006,2.040783328191324
70,3,6.6264043012656595,14.67174695150588,-1.4986266432392663,0.8606656024199877,-3.6131576219230173
70,4,8.534805757529499,24.15052477659252,-1.4986266432392663,2.7690670586838273,5.865620203163623
70,5,4.057794648039286,17.32413632769465,-1.4986266432392663,-1.7079440508063861,-0.960768245734247
70,6,5.528769022566193,16.77217003008836,-1.4986266432392663,-0.23696967627947885,-1.5127345433405353
70,7,5.128415137485932,16.022819347466747,-1.4986266432392663,-0.6373235613597394,-2.2620852259621493
70,8,7.865876248361582,20.404738406890885,-1.4986266432392663,2.1001375495159103,2.119833833461989
71,1,9.425261065403173,25.180807145623472,2.7354409258754226,0.992156354342983,-2.000139415671473
71,2,6.231021033876351,20.908818163067085,2.7354409258754226,-2.2020836771838397,-6.27212839822786
71,3,6.342072718054183,24.90716689199854,2.7354409258754226,-2.0910319930060073,-2.273779669296406
71,4,8.12099855299241,24.067347882589594,2.7354409258754226,-0.3121061580677811,-3.113598678705351
71,5,11.074673468742343,34.06816628216705,2.7354409258754226,2.641568757682153,6.887219720872103
71,6,7.089128103094024,29.433168728219396,2.7354409258754226,-1.3439766079661668,2.252222166924451
71,7,9.299225609981216,30.11974907048391,2.7354409258754226,0.8661208989210252,2.938802509188964
71,8,9.882457136337818,28.762348326210503,2.7354409258754226,1.4493524252776275,1.581401764915558
72,1,-0.5387077944106371,3.1328323801885434,-7.468717481666979,-2.391904158341818,-4.19016534017619
72,2,0.9733516299270806,5.521425668239829,-7.468717481666979,-0.8798447340041002,-1.8015720521249046
72,3,2.2832764308086833,5.846239058091223,-7.468717481666979,0.43008006687750244,-1.47675866227351
72,4,4.464834864221562,13.739985802599396,-7.468717481666979,2.611638500290381,6.4169880822346625
72,5,0.6689211465940019,1.9807546553505744,-7.468717481666979,-1.1842752173371789,-5.342243065014159
72,6,2.3587953244221596,7.3510362320609435,-7.468717481666979,0.5055989604909787,0.0280385116962103
72,7,3.1215807104537605,11.212552490910966,-7.468717481666979,1.2683843465225797,3.8895547705462326
72,8,1.4935185994328357,9.799155475476391,-7.468717481666979,-0.3596777644983451,2.4761577551116583
73,1,7.182196580377606,22.611764469805415,-2.5189469842642542,1.6514592115676718,5.651416021852398
73,2,5.849061353067572,16.705742592304397,-2.5189469842642542,0.3183239842576384,-0.25460585564862015
73,3,3.2068090894972188,12.046109513983861,-2.5189469842642542,-2.323928279312715,-4.9142389339691555
73,4,5.179432704819387,16.76413127522434,-2.5189469842642542,-0.35130466399054683,-0.19621717272867656
73,5,7.365650002637225,20.206345526412925,-2.5189469842642542,1.8349126338272912,3.245997078459908
73,6,3.714313261462997,16.389896194834957,-2.5189469842642542,-1.8164241073469372,-0.5704522531180594
73,7,4.48971434181839,14.435728380897359,-2.5189469842642542,-1.0410230269915441,-2.5246200670556576
73,8,7.258721616799078,16.523069630160876,-2.5189469842642542,1.727984247989144,-0.43727881779214073
74,1,9.333048914272634,30.209017466080482,6.2847997871952765,-1.6699250005538424,-3.8512920487922457
74,2,11.983695805011317,32.03946673855494,6.2847997871952765,0.9807218901848405,-2.020842776317785
74,3,12.63578549382118,39.623071786610126,6.2847997871952765,1.632811578994703,5.562762271737398
74,4,8.699934462242533,29.300715649993123,6.2847997871952765,-2.3030394525839437,-4.759593864879605
74,5,10.79043715499854,36.09125386105615,6.2847997871952765,-0.21253675982793752,2.030944346183425
74,6,9.883467527912979,34.74957847430039,6.2847997871952765,-1.119506386913498,0.6892689594276646
74,7,12.130123316811066,34.32703530888795,6.2847997871952765,1.127149401984589,0.26672579401522256
74,8,12.567298643541559,36.14233683349867,6.2847997871952765,1.564324728715082,2.08202731862594
75,1,10.785994889171146,31.666694661798573,5.310161407675248,0.603742516529584,1.870605918001683
75,2,7.975354776448866,30.072438420544703,5.310161407675248,-2.2068975961926958,0.2763496767478131
75,3,8.458312499052875,24.687791762218836,5.310161407675248,-1.7239398735886873,-5.108296981578054
75,4,11.1672216077557,28.148559299600276,5.310161407675248,0.9849692351141375,-1.6475294441966142
75,5,9.746508853422887,23.645412197467888,5.310161407675248,-0.4357435192186756,-6.150676546329002
75,6,8.251810724138913,26.25795367077538,5.310161407675248,-1.930441648502649,-3.538135073021511
75,7,12.923344716679566,35.64615620601265,5.310161407675248,2.7410923440380035,5.850067462215758
75,8,12.149470914462547,38.24370373195682,5.310161407675248,1.9672185418209853,8.44761498815993
76,1,8.286553234115374,26.55067761557197,3.8608118020396622,-0.5284753382508462,-2.8502207602433387
76,2,9.621075560427714,29.87308584992211,3.8608118020396622,0.8060469880614942,0.47218747410679995
76,3,10.799679891281867,34.09549982734716,3.8608118020396622,1.9846513189156472,4.694601451531852
76,4,7.159398108038509,29.39550601624157,3.8608118020396622,-1.6556304643277109,-0.00539235957374018
76,5,8.953771163374338,27.302052573229012,3.8608118020396622,0.1387425910081177,-2.098845802586297
76,6,6.725271660383246,28.8422511802147,3.8608118020396622,-2.089756911982974,-0.55864719560061
76,7,7.368155676383617,26.54007660216493,3.8608118020396622,-1.4468728959826027,-2.860821773650379
76,8,11.606323284925102,32.60803734183103,3.8608118020396622,2.791294712558882,3.2071389660157195
77,1,3.5849937693992935,18.174352317453202,-3.160547120953665,-0.6125041750487838,1.9413613676508703
77,2,2.1887360710030133,14.865883410669161,-3.160547120953665,-2.008761873445064,-1.3671075391331708
77,3,1.8431418618257691,10.293964830455772,-3.160547120953665,-2.354356082622308,-5.939026119346559
77,4,6.452161525926995,20.668191651656947,-3.160547120953665,2.2546635814789173,4.435200701854615
77,5,3.4920850510960073,12.46625758979395,-3.160547120953665,-0.70541289335207,-3.7667333600083825
77,6,4.707319456922875,20.103264537135406,-3.160547120953665,0.5098215124747973,3.870273587333074
77,7,8.85119370211669,20.5273929160088,-3.160547120953665,4.653695757668613,4.294401966206468
77,8,2.4603521172939735,12.764620345245412,-3.160547120953665,-1.7371458271541038,-3.4683706045569203
78,1,5.6727657254476975,19.688451753675327,0.9270198231955503,-2.2330932615975305,-3.8647829295594356
78,2,8.213258183719264,29.433391368010223,0.9270198231955503,0.3073991966740355,5.880156684775461
78,3,8.465639054428047,20.769241884006036,0.9270198231955503,0.5597800673828193,-2.783992799228727
78,4,9.024418279797889,27.933682976321812,0.9270198231955503,1.1185592927526606,4.380448293087049
78,5,6.180339031537057,19.459624641679227,0.9270198231955503,-1.7255199555081706,-4.093610041555536
78,6,8.906559344414461,24.727060761018386,0.9270198231955503,1.000700357369233,1.1738260777836231
78,7,7.726817616752739,21.917875192441336,0.9270198231955503,-0.1790413702924889,-1.6353594907934266
78,8,9.057074660264671,24.49654888872575,0.9270198231955503,1.1512156732194434,0.9433142054909887
79,1,3.060031590840714,15.324729205650275,-1.0465935788358418,-2.6617971933767888,-3.428952425473735
79,2,5.85942466575146,17.59030713209825,-1.0465935788358418,0.13759588153395708,-1.1633744990257604
79,3,6.932788858136072,18.41120676660325,-1.0465935788358418,1.210960073918569,-0.34247486452076004
79,4,5.96262339611886,14.942238643455738,-1.0465935788358418,0.2407946119013573,-3.811442987668272
79,5,7.143562878220907,21.905521901284022,-1.0465935788358418,1.421734094003404,3.1518402701600117
79,6,5.737231585005553,24.32388918307566,-1.0465935788358418,0.015402800788050008,5.5702075519516505
79,7,6.761240454737427,22.52516924834186,-1.0465935788358418,1.0394116705199243,3.7714876172178506
79,8,4.31772684492903,15.006390968483013,-1.0465935788358418,-1.4041019392884726,-3.7472906626409976
80,1,3.456356339059939,9.702587147383024,-2.891554112377156,-2.187868491116173,-6.12579853664929
80,2,3.652538457075426,14.08267105392191,-2.891554112377156,-1.9916863731006864,-1.7457146301104043
80,3,7.523305870098078,16.881612902875347,-2.891554112377156,1.8790810399219655,1.0532272188430323
80,4,4.06836699445735,18.96303890261132,-2.891554112377156,-1.5758578357187618,3.1346532185790057
80,5,8.635182837769731,19.036664313484525,-2.891554112377156,2.990958007593619,3.208278629452211
80,6,4.185610267974205,13.016795126360789,-2.891554112377156,-1.458614562201907,-2.8115905576715257
80,7,6.474918635191341,18.355233769877515,-2.891554112377156,0.8306938050152288,2.5268480858452005
80,8,7.157519239782827,16.58848225574408,-2.891554112377156,1.513294409606715,0.7600965717117649
81,1,2.825425936934381,12.579373563096587,-3.7942899256923113,-1.2247265638470655,-1.0280574505843951
81,2,3.6035706580014897,14.280434024397934,-3.7942899256923113,-0.4465818427799566,0.6730030107169522
81,3,0.7420643612202888,6.460768001006203,-3.7942899256923113,-3.3080881395611574,-7.146663012674779
81,4,3.634691768722817,13.853298720172015,-3.7942899256923113,-0.4154607320586292,0.2458677064910333
81,5,4.450274035993991,14.89694148756256,-3.7942899256923113,0.4001215352125449,1.2895104738815775
81,6,3.152495222943119,12.78598346354519,-3.7942899256923113,-0.8976572778383272,-0.8214475501357921
81,7,6.436542310289283,15.447503023391798,-3.7942899256923113,2.386389809507837,1.8400720097108163
81,8,7.556155712146198,18.555145826275567,-3.7942899256923113,3.506003211364752,4.947714812594585
82,1,9.022703421731332,19.40725752387536,2.8124948454811176,-0.9677075628537466,-10.223107485458197
82,2,8.688378464169176,30.360559612783405,2.8124948454811176,-1.302032520415903,0.7301946034498492
82,3,9.615093488022964,31.355732710559,2.8124948454811176,-0.3753174965621149,1.7253677012254443
82,4,10.782706783578284,34.33571490643385,2.8124948454811176,0.7922957989932051,4.7053498971002945
82,5,10.174085324329699,30.421134024721248,2.8124948454811176,0.18367433974461989,0.7907690153876921
82,6,9.31704484049296,27.701617724934277,2.8124948454811176,-0.6733661440921193,-1.9287472843992788
82,7,10.835788423095664,29.317186220441485,2.8124948454811176,0.8453774385105852,-0.3131787888920705
82,8,11.487487131260549,34.14371735091983,2.8124948454811176,1.4970761466754698,4.513352341586273
83,1,4.025323102959882,11.869425765593466,-3.7797909090140003,-0.47449685999854907,-2.2583499393769255
83,2,1.2291675938257685,6.983695349412427,-3.7797909090140003,-3.2706523691326623,-7.144080355557964
83,3,6.646864169665028,19.395239926831277,-3.7797909090140003,2.147044206706597,5.267464221860886
83,4,4.484663949051609,10.217438060511705,-3.7797909090140003,-0.015156013906821642,-3.9103376444586857
83,5,5.352595026615782,16.725222591598246,-3.7797909090140003,0.8527750636573508,2.5974468866278553
83,6,5.3956005432352425,14.605236255180914,-3.7797909090140003,0.8957805802768117,0.47746055021052314
83,7,4.305295779821536,15.257247646070322,-3.7797909090140003,-0.19452418313689446,1.129471941099931
83,8,4.559049538492598,17.968700044564773,-3.7797909090140003,0.05922957553416719,3.840924339594382
84,1,3.7717152242000083,19.679936790457372,-0.1470747027810936,-2.7179403646726925,-0.6706524633706472
84,2,4.547801652316345,16.5883796584716,-0.1470747027810936,-1.941853936556356,-3.7622095953564205
84,3,5.883508600062429,14.563532132602536,-0.1470747027810936,-0.6061469888102717,-5.787057121225484
84,4,9.580158139036246,22.885551396110692,-0.1470747027810936,3.0905025501635457,2.534962142282673
84,5,4.272709826774355,22.184705035587005,-0.1470747027810936,-2.216945762098346,1.8341157817589853
84,6,7.595171229165173,20.819669351148196,-0.1470747027810936,1.105515640292472,0.46908009732017675
84,7,7.158029606576478,25.290316374338254,-0.1470747027810936,0.6683740177037771,4.939727120510234
84,8,9.108150432850572,20.792623291908512,-0.1470747027810936,2.618494843977871,0.442034038080493
85,1,8.658887086080421,28.33224512876788,3.842556477738346,-1.4312369946956434,-1.6947794165644297
85,2,12.720610537851597,39.558561924025014,3.842556477738346,2.6304864570755324,9.531537378692704
85,3,10.76543309505567,28.68537025588682,3.842556477738346,0.6753090142796054,-1.34165428944549
85,4,7.150533713840257,25.133804093168575,3.842556477738346,-2.939590366935807,-4.893220452163735
85,5,10.251550493106075,28.578959591811255,3.842556477738346,0.16142641233001065,-1.4480649535210546
85,6,8.507100584557383,30.774384802223118,3.842556477738346,-1.583023496218681,0.7473602568908078
85,7,12.289932973865668,33.23268210276517,3.842556477738346,2.199808893089603,3.2056575574328576
85,8,10.37694416185145,25.920188464010636,3.842556477738346,0.28682008107538515,-4.106836081321674
86,1,10.602522560766822,32.51175923295933,5.517824170640259,0.6894485622182227,0.32256698643230663
86,2,8.241083407427691,27.330153900407545,5.517824170640259,-1.6719905911209079,-4.859038346119476
86,3,9.207204031787567,32.02197126271985,5.517824170640259,-0.705869966761032,-0.16722098380716943
86,4,12.26167281135775,35.07544079684821,5.517824170640259,2.3485988128091506,2.8862485503211914
86,5,8.677031047675909,29.931198839011884,5.517824170640259,-1.2360429508726902,-2.257993407515137
86,6,9.550798215678316,32.67719593850729,5.517824170640259,-0.3622757828702827,0.4880036919802677
86,7,11.178527596019393,35.4345384503551,5.517824170640259,1.2654535974707937,3.2453462038280776
86,8,9.58575231767534,32.53127955140696,5.517824170640259,-0.3273216808732595,0.3420873048799393
87,1,3.078030895558597,14.101053485908693,-1.2084785753843672,-2.1312872281519146,-4.270091696439653
87,2,3.760788504238503,14.501561601549572,-1.2084785753843672,-1.4485296194720085,-3.869583580798775
87,3,6.104060737335006,18.424304468569797,-1.2084785753843672,0.8947426136244943,0.05315928622145094
87,4,2.5537406480180813,10.956262840640022,-1.2084785753843672,-2.6555774756924304,-7.414882341708324
87,5,6.240683991348673,22.61654797265677,-1.2084785753843672,1.0313658676381614,4.245402790308425
87,6,6.3130508402711945,24.627171590836774,-1.2084785753843672,1.1037327165606827,6.256026408488427
87,7,4.7513802599859805,20.53717971690095,-1.2084785753843672,-0.45793786372453127,2.1660345345526046
87,8,8.87280911292806,21.20507978172418,-1.2084785753843672,3.6634909892175482,2.8339345993758336
88,1,5.106521835722074,16.996420346522143,-3.3340658846683073,-0.6058279783334068,0.1617842808978125
88,2,-0.12280957432200434,14.029569167335296,-3.3340658846683073,-5.835159388377485,-2.8050668982890343
88,3,7.798828048455997,18.348012813440683,-3.3340658846683073,2.0864782344005164,1.513376747816352
88,4,5.4882787278263665,15.263027737112097,-3.3340658846683073,-0.22407108622911398,-1.5716083285122338
88,5,5.159529368924636,14.634564298697864,-3.3340658846683073,-0.5528204451308447,-2.2000717669264667
88,6,7.3318786686542765,21.36791529584332,-3.3340658846683073,1.619528854598796,4.533279230218991
88,7,7.619204911923179,17.57676428642248,-3.3340658846683073,1.9068550978676981,0.7421282207981506
88,8,7.317366525259318,16.460814579620752,-3.3340658846683073,1.6050167112038372,-0.37382148600357823
89,1,0.9049786840207954,7.80270278057087,-3.5893747789542423,-3.2891959740747234,-7.209620494018866
89,2,0.292602226157912,8.020122327851645,-3.5893747789542423,-3.901572431937607,-6.992200946738091
89,3,7.661618011228855,17.66720912840892,-3.5893747789542423,3.467443353133336,2.6548858538191844
89,4,4.044282418503128,16.888048109403766,-3.5893747789542423,-0.14989223959239073,1.8757248348140294
89,5,4.12858096291597,17.057548758436255,-3.5893747789542423,-0.06559369517954838,2.0452254838465187
89,6,6.907167849219249,22.28831168770212,-3.5893747789542423,2.71299319112373,7.275988413112383
89,7,6.248006898871315,18.89442506258614,-3.5893747789542423,2.0538322407757965,3.8821017879964046
89,8,3.366160213846924,11.480218341758182,-3.5893747789542423,-0.8280144442485948,-3.5321049328315546
90,1,9.191367554838715,23.215966939084414,-0.8541440498894067,2.706297393067093,2.8153115332955743
90,2,3.659639946134083,21.561938901351635,-0.8541440498894067,-2.8254302156375393,1.1612834955627953
90,3,7.844016422655584,20.71574039153175,-0.8541440498894067,1.358946260883962,0.3150849857429101
90,4,8.30584490033733,20.213879381354992,-0.8541440498894067,1.8207747385657083,-0.186776024433847
90,5,5.4317071293524375,19.240344044127795,-0.8541440498894067,-1.0533630324191847,-1.1603113616610443
90,6,4.441579313578392,17.291824223315437,-0.8541440498894067,-2.0434908481932306,-3.108831182473402
90,7,3.4575985689598836,15.816202414223838,-0.8541440498894067,-3.0274715928117386,-4.584452991565001
90,8,9.54880745831655,25.14934695132084,-0.8541440498894067,3.063737296544927,4.748691545532001
