signal_x,signal_y,context,noise,label
1.65493583,-0.39160982,-0.89536290,1.23538618,0
-0.65923011,-0.57720998,-0.81292252,-0.19062787,0
0.38372541,-0.35928713,1.31324002,0.62323865,0
0.69203688,0.63673218,0.65301820,-0.26771679,1
1.76605255,-1.18378899,0.68516613,-0.97334394,0
0.66410954,-0.53040340,-1.06084871,0.25590992,0
1.11238526,0.33592471,-0.37708621,0.53027883,1
0.85833509,-0.15197389,0.42806738,0.21950119,1
-0.22090984,0.73351973,-0.22543559,-0.42085540,0
-1.98759244,1.11443147,0.26216650,1.45304993,0
1.65551767,-1.90937321,0.65480287,0.21527116,0
1.07643814,0.10614717,1.22831377,-1.32836389,1
0.71914129,0.58699217,1.01334037,-0.09973394,1
-0.80740394,-0.41455189,-0.89980739,0.07306866,0
-1.48112203,-1.31936675,-0.38340452,1.80154284,1
-1.81278448,1.01075850,-0.44665421,-0.16515359,0
-0.82546943,-0.03018617,-1.12747763,0.09863452,0
0.33256578,1.01866540,-0.23341085,-1.68275273,0
0.58118477,-1.29037225,1.31918808,-0.83162177,0
1.99846199,-1.30842349,0.23744161,-0.47187670,0
-1.63564959,0.13900843,0.05257550,-0.29259509,0
1.97385520,1.76530308,-0.75177482,-1.26544725,1
-0.28033976,-1.79646700,-0.77925339,-0.82981595,1
1.26371009,1.89566762,0.39823176,2.17012098,1
1.72012885,1.68080858,-0.79543755,0.88778695,1
1.68368418,0.53859197,0.19719683,-1.35513459,1
-0.62931925,1.93355504,-0.33910625,2.42952543,0
-1.56094702,0.17809052,-0.05044285,-0.26534167,0
-0.44060163,0.15163508,0.15395682,0.44050413,1
-1.80729106,0.14938814,1.33284676,-0.69676175,1
1.91512276,0.99106212,-0.56633363,1.92219893,1
0.41754708,-0.78307183,1.21572570,0.61088142,0
1.27046387,-0.47873628,0.09053547,1.13836035,0
1.13302100,-1.69152718,-0.97079582,-0.37865617,1
1.86019875,-0.86090782,-0.09260540,-0.22428991,0
-1.79620729,-0.88807102,0.44592508,-0.47615797,1
-0.35428938,-1.50906371,-0.50070226,-0.82659621,1
-1.78483199,0.47673944,-0.25391967,-0.28351628,0
-1.46570761,-1.56164643,0.32768476,0.58101791,1
-0.68468246,-1.81513750,0.81425432,-0.27780222,0
-1.02032843,1.11689409,-0.19390050,0.84574072,0
-0.88472522,0.94521396,-0.95408974,0.22188563,0
-0.28962414,0.22766506,1.31358900,0.09837005,0
0.82979293,-0.70532032,-0.06630198,1.39007361,0
0.88216222,1.15226147,0.54238753,-1.21132342,1
1.41264322,0.35284278,0.51509847,-0.50916283,1
1.16216065,-0.42231237,-1.28517752,-1.80392842,0
-1.49155049,-0.65515404,-0.28090426,-0.21704939,0
0.31184775,0.55108088,0.50676288,0.84843629,0
-1.15136220,-0.55545061,1.12266829,0.69200878,1
0.12801349,1.36390307,-0.34514335,-0.45375063,0
-1.96156304,-1.97867637,0.95041132,0.46860718,1
0.87995437,-0.50790893,1.11611367,-0.39417833,0
-1.88421479,1.22018231,1.12814781,-0.28664031,1
1.45542710,-0.78561229,1.01386288,1.45618353,0
-1.11875998,-0.48872462,-0.55465576,0.21114761,0
0.93840192,-1.34271427,-1.32278362,-1.54595932,1
0.33866235,1.09914733,0.53101973,-0.35660610,1
1.99447050,-1.07326842,0.63379349,1.49385179,0
-0.66444968,-1.09559315,0.89164102,-0.58287196,0
-0.23706831,-0.26552624,-1.15731530,1.96802082,0
-1.40864088,-0.17885050,-1.38691384,1.40447055,0
1.76351862,1.64026397,-0.31752522,0.20854413,1
1.50796293,0.06006902,0.67801953,0.53476042,1
-1.43152616,1.25287138,-1.30766309,-0.32320611,0
-1.68337956,-0.23007782,-0.58900209,-0.36367280,0
-1.66674254,1.55095047,-0.84147353,-2.05947238,0
1.75175558,0.43345857,-1.46542107,-0.59229278,1
-1.42248531,1.90872703,-0.58556919,-0.45223817,0
-0.12879161,1.52936725,-0.07816700,-0.12911611,0
1.41518360,1.41168531,1.33412923,1.04707355,1
-1.69259614,-1.52858941,0.07255012,0.49410045,0
1.22876319,0.93908788,0.73330948,1.56376347,1
0.05098941,1.95575238,-1.18301009,-0.83396492,0
-0.82744800,1.05790553,0.71443542,-0.68354607,1
0.52458533,1.73225071,0.34173098,0.67276223,1
1.32419126,1.53642578,0.96696207,-0.41844755,1
-1.54325237,-1.75034642,0.10274672,-1.61762190,0
-1.75707231,1.32002042,0.24086523,0.05528500,1
1.62139608,-0.39035988,1.06355289,1.34917116,0
-0.57632189,0.39688350,-0.06214508,0.66212603,0
1.52380326,-1.95458809,1.24735952,0.90063186,1
-0.22970206,0.58674203,-0.43329216,-1.81987802,0
-1.48084352,-0.98405237,-0.03287012,0.62932572,0
-0.70534351,-0.58338117,-1.26332603,1.69304304,0
-0.83896435,1.02553540,0.08012552,-0.09006098,1
-1.06056759,1.34293392,0.85764593,0.67629813,0
-1.35620145,1.27471155,-0.89726408,1.99665542,0
-0.39316318,1.68086971,-0.82496655,1.40198008,0
-0.95589101,0.47041741,-0.87855606,0.85389736,0
0.87819489,-1.77498906,-0.78840148,0.28651915,1
0.81672302,-0.92927777,1.40856276,-0.96000827,0
-0.03909518,0.37998951,-0.13779942,0.77120576,0
1.82228371,-1.58252947,-1.28341754,1.28996251,1
-1.40027820,-0.42455519,0.53541188,-1.86819937,1
-0.32006725,-1.84426707,0.67244738,-0.35147430,0
-0.69278395,0.82084230,0.02985162,0.34607589,0
-1.81211956,1.88352820,-0.70695073,-0.00252224,0
1.07388731,1.12726823,-0.75282529,1.07550920,1
1.92949010,0.38731864,-0.71554196,-1.34573366,1
0.97504567,-0.55000581,1.31359301,-0.43121548,0
-1.70288992,1.05958178,0.27494261,1.11446464,1
-1.80522694,-1.85868337,1.34624758,-1.19118450,1
0.77044971,-0.71840576,-0.65624414,-0.33317065,0
-1.24785359,0.09966209,0.51214874,0.26777562,0
-1.23405323,0.42837619,-0.10505651,-0.11889962,0
-1.11060440,1.18080541,0.25996949,0.61300018,1
1.55025905,-1.45707589,0.07902573,-0.09854594,0
-1.92056094,0.50030403,-0.97788769,0.17413422,0
-0.48241871,-0.54156672,1.48150947,-0.81165526,0
1.98954632,0.24574438,0.68627236,0.25451236,0
0.17272095,-1.72447756,1.03077415,0.39424368,0
-1.32881960,1.73023206,0.02217135,-0.10409606,0
0.85325327,1.73340533,1.06724819,1.07563631,0
-0.70689798,-0.60170661,-0.58048685,1.33495421,0
0.47521662,0.99026149,-0.44985611,0.61517133,1
-0.82684078,-1.50903795,-1.07558664,-1.58617821,1
0.74796892,0.21412081,-0.68163549,1.80842335,1
-1.60415017,0.37753918,0.34907825,0.84853623,1
-0.55837841,-1.76538088,-1.02828045,0.10947788,1
1.54128314,-0.28946588,-1.41787486,0.44000134,1
0.75073510,-1.93077500,0.70209361,0.29446246,0
-1.75621945,-0.03760553,0.10879871,1.07413538,0
1.55043538,1.75783545,1.00472881,-2.22697929,1
-1.56016192,1.57926933,0.33889352,-0.48719467,1
-0.59046591,-1.05635076,1.40656135,1.47117763,1
0.87859767,1.13746177,-0.84902244,-1.41795869,1
-1.82820554,-0.42351692,-0.42603145,0.70815225,0
1.48653403,-1.19988184,1.03861105,-0.51154624,0
-0.71476675,1.88327640,0.58002224,-0.52981620,1
-0.77313302,0.11391122,0.63413140,-0.01931501,1
-1.30012759,1.23970409,1.45663447,-0.66997309,1
1.70537653,0.44454648,-1.16250699,0.28589419,0
0.74917928,0.79047136,-1.28010385,0.78408505,1
-0.73174982,0.88122097,-0.78136417,0.03767585,0
1.79992305,0.68053317,-1.17504843,0.61605913,1
0.20215915,0.67417659,0.46118358,0.09853472,0
-1.30544665,-1.84430018,1.06412691,0.28506222,1
1.61562106,-0.88905861,1.37783490,-0.08924780,0
0.81929364,0.22696717,-0.72218861,1.20256636,1
-0.10567288,-1.46158942,0.43527078,-0.14012567,0
-1.51047414,0.60060035,-0.02727019,0.67699036,0
-1.88800422,1.58651624,1.23321765,0.39954517,1
-0.56313003,-0.86279813,-1.02658506,-1.53166943,1
1.81352378,-0.98165363,-0.93356750,-0.70613592,0
-0.18392325,0.26414173,-0.03575276,1.68344222,0
0.86354212,-1.41700493,0.91410984,0.45432498,0
1.80282096,0.16007846,-0.94422397,0.06526042,0
0.35558641,-0.94412387,-0.58435775,-1.87589272,0
0.71531611,1.84734820,-0.66074137,-0.31497935,1
1.78519174,-0.98891497,-0.67909717,0.01543558,0
0.01263061,1.12115403,0.27957379,1.30559120,0
-0.54729946,-1.64575960,1.44279157,-0.38256265,0
-0.29146175,1.31374566,-0.70239274,0.10085393,0
1.74948500,-1.03933669,-1.34306880,-1.76802861,1
0.17512160,0.55722610,-0.54265890,-0.36775067,0
0.67396312,-0.55632157,-1.47823907,-1.52788823,0
-1.72714350,1.47650777,-0.88569462,-0.53536829,0
-0.81258214,1.88436093,-0.65375568,0.68943026,0
-0.09339793,0.98750152,1.47053236,0.81937302,0
-0.13045493,0.03615567,1.04466730,0.10343591,0
-0.82615795,-1.22028475,-0.25732148,0.58186983,1
-0.10837294,-0.61543913,0.52631654,0.31427633,0
0.93615746,-0.49343249,-0.81251915,-1.07787860,0
1.67093826,-0.67707518,-0.31232373,0.44658577,0
0.60949693,1.29537538,1.21289715,-1.43861921,1
-0.85532131,1.91094617,-1.38313931,2.91648193,0
0.50972132,0.56519364,-1.45362510,-0.91335040,1
-0.04449031,0.00733043,0.95767930,0.05953131,0
0.10733950,-1.14720835,0.20906418,0.74625888,0
-1.60040810,-0.11826209,1.38349914,-0.68853896,1
-0.21925696,1.78568247,-0.09720431,1.47206168,0
1.90054127,-1.59716003,0.22843250,1.21092568,0
1.37878526,1.54570368,0.57465887,0.63735819,1
1.55656178,-1.10300063,-0.98440875,-0.29472116,0
-0.67277865,-0.36630101,0.57696655,0.96561190,0
-0.41319346,-0.54363091,-1.20283859,0.43185221,0
-0.35028563,0.43108796,0.46454148,-0.62376166,0
1.48266239,1.09088494,0.99318770,-2.88433740,1
-1.72658051,-1.50597511,1.06731775,-2.67405908,1
-0.99115820,-1.59328443,-1.27543001,-0.94491991,1
0.63538060,0.32780965,1.28770563,0.44570752,1
1.42945805,0.11765760,0.07659871,2.30473531,1
-0.45564062,0.20080832,0.17196518,-1.07031196,0
0.72337978,-1.75188952,-1.07148983,-0.06971399,1
-0.91543353,-1.98606753,-1.02162777,-1.40522845,1
-1.70759672,-1.40774895,-1.17915612,-0.69987512,1
-1.19416978,-0.86712746,-0.16364894,0.08509209,0
1.61615219,-0.54977639,-0.61139412,0.10890890,0
1.82795496,0.27600161,-0.74573222,1.14041035,1
-0.77558234,-1.03976033,-1.23791722,-0.45432766,1
0.55678883,-0.52752472,-0.79258812,1.50451807,0
-1.05952444,-1.56478528,-0.07032816,-0.65891450,0
-1.25003889,0.49353809,1.14584612,0.91036865,1
-1.12572698,1.14873959,1.07410298,-0.05285166,1
1.38230474,1.12263397,0.21927979,0.73328888,1
-0.90047406,0.77194029,1.00777080,0.05792796,1
-1.23899898,-0.28802390,1.30596463,-1.16455211,1
-0.16445169,-0.47995908,-0.20322994,0.93528948,0
0.74535423,0.01970862,-0.34784302,2.37734938,1
-0.26866461,-1.78572202,1.39470991,-0.29775107,0
1.26536785,-0.41003138,0.52318153,-0.24561220,0
1.73149018,-0.36607152,1.29731025,1.50388267,0
-0.85416996,0.04691189,1.30404377,-0.27889534,1
1.05592689,0.95672838,-0.41067427,0.39734420,1
-1.49587991,1.51441291,0.34158989,1.29671874,1
-1.98034561,-0.47536754,1.01763176,-0.05732522,1
-1.77699140,1.01994469,-0.31403239,-0.71323023,0
-1.18714583,-0.44667942,0.51545764,0.09707470,1
-1.94950177,1.63188548,-0.64179636,0.93198962,0
-1.20296443,1.63179482,-0.42748862,-0.64207070,0
-0.18451616,-0.16122870,-0.61289978,0.23772324,1
-1.09598454,0.51188286,-0.19455642,-0.52041577,0
-0.59186861,1.62553641,0.95859608,-0.82865870,0
-0.93058376,1.36050312,0.25543666,1.35692050,1
-1.17298747,1.40385607,-0.76109746,0.13325110,0
-0.55448369,0.49560708,-0.11428463,-0.05930516,0
-0.76644237,-0.70037946,-0.33386119,0.77175062,1
0.23473385,-0.74482189,0.88435348,0.30553753,1
-0.04292376,1.68798927,-1.32974615,0.03352695,0
-1.79954502,-0.33708023,-1.18748847,-0.64330804,0
0.14187571,0.78887354,-0.55665041,0.26506872,0
0.80753095,1.04488625,-0.97933625,-0.80114111,1
-1.08368229,1.33788279,0.57269044,0.42126191,1
-0.87604755,-0.76045925,-1.34316259,-0.98723816,0
-1.57459599,-0.38806133,-0.31290663,-0.04269439,0
-1.36684208,-0.71169931,-1.07563523,-0.53248603,1
1.86391375,0.01931341,-0.52639753,3.00502093,1
-0.34886661,1.85518998,-0.16636728,-0.53716488,0
0.25000163,-0.74569598,-0.90927855,2.24604748,0
1.09128220,-0.06929927,-0.45507182,-0.53369131,1
1.70305673,-1.68011236,-0.69274024,-0.18038764,1
-0.11234597,-1.19589486,-0.59325773,0.43918260,1
-0.00958064,-0.76780125,-1.04202351,-1.31350256,0
-1.49261793,-0.84181883,-0.27674542,0.08111682,0
-1.80730990,1.23975638,-0.43335154,-0.64449478,0
1.26231914,0.54396507,-0.18045230,0.07801066,1
-0.09100039,0.50316891,1.27703503,1.02760662,0
1.86929739,-1.65988984,0.15199749,-0.40539001,0
-1.32661326,-0.44229502,1.27542118,1.34586148,1
1.90598261,-0.89049436,-1.26288327,0.68010447,0
1.69609790,-0.67619112,-0.79254672,-1.90036995,0
0.59547132,1.91876960,-1.34382221,0.15003544,1
-0.92814179,-0.97018862,-0.25620978,1.12327313,0
-1.43586087,0.12311902,1.06150634,-0.91349703,1
0.09178573,-0.27813870,1.39233881,0.02089159,0
-1.27305828,1.48280042,-1.00247706,0.59779416,0
1.18646473,-0.68872857,0.72096999,-0.20909533,0
1.08768445,-0.59774864,0.86518971,1.49777292,0
1.36691414,-1.34065686,-1.46288616,-0.03375655,1
-1.24225101,1.20800316,-1.41592517,0.00186900,0
-0.37832199,1.10831334,1.10092776,-1.45792111,0
1.81309987,-0.32648076,0.95858637,-0.92330464,0
0.00507536,0.74859493,-1.38523112,1.07047679,0
-0.96204329,1.20406995,0.98059085,-0.33831434,1
1.31879456,-1.37362840,0.27535446,-0.92624782,0
-1.77242338,1.25622906,1.16055857,0.11286211,1
0.98843902,-1.00099269,-0.76834858,0.88054166,1
0.97694429,-0.15951932,-0.11770845,-1.70401752,1
0.98564520,-0.57794547,-0.19007801,-0.17719192,0
0.39373695,-1.67465705,-0.16393914,-0.44821101,0
-0.03961029,-0.12106265,0.50463389,0.23471261,0
-1.87592224,1.38768858,-0.20732585,-1.05801486,0
0.21771191,-0.36543105,0.38537075,-0.43164205,0
-1.96612484,0.40284703,1.09056302,1.21529236,0
-1.67016501,1.73047135,0.13849934,-0.79291998,0
1.88060891,1.96912561,-1.38503257,-0.25000136,1
0.80617130,-1.68026100,0.87352889,0.95057303,0
-0.41741842,-0.14169341,-0.66445409,0.35342824,0
1.04004359,0.27198443,-0.84621554,-2.64954575,0
0.82015074,-0.21536363,0.06047735,0.02008957,1
-0.47843715,-0.87659880,0.89902743,-1.10447167,0
-0.24174960,0.85489783,1.42221912,-0.09064257,0
0.14155629,0.11701453,0.57527031,-0.55140016,1
-0.75323568,1.26577493,1.08357240,-0.36767818,1
1.85365162,-1.84365369,-0.32565327,1.10829071,1
1.67686600,-1.63474933,-0.46602376,0.69643432,1
0.05844628,-1.62568511,-1.36211202,0.85661528,0
-1.09014751,-1.38535993,-0.23805498,-1.02805327,0
-1.71174191,-1.99797682,1.05022391,0.36191128,1
-1.53771165,0.52590195,0.75610498,-1.95218833,1
1.27958653,1.43225625,-0.17611526,-0.54164812,1
-0.65542088,-0.54043808,-0.53586757,-1.90899854,0
-0.37038546,1.01241285,1.44443385,1.07631685,0
-1.86049319,-0.35751852,-1.06585103,0.11325920,0
0.28575807,-0.22990915,-1.32127822,0.21280574,0
-1.18383076,-0.85764220,0.58880950,0.52527445,1
1.48468548,-1.24539348,-0.41996960,0.61187487,1
-0.15571592,-0.50817380,0.56851206,-0.28331521,0
-1.89545184,0.03473401,0.82757523,0.02202061,1
0.18602791,-0.61719386,-0.69993771,-1.24877034,0
-1.43925888,-0.30484369,-0.18337908,1.07651774,0
-1.75256697,1.60875252,1.37189992,0.03142228,1
0.71750480,0.03936991,0.15260751,1.62750101,1
-0.05136768,1.77514691,-0.17005519,0.32803192,0
1.68406722,0.83366613,1.33947388,0.47764593,1
1.67783422,-1.88303918,-1.49535742,-1.05098822,1
1.82425489,-1.84542492,0.01566331,0.20446015,0
1.53953096,0.68948584,-1.35932009,-0.34698260,1
-0.57173400,0.41439154,0.53875599,-1.01299559,0
-0.31797892,1.40896271,0.13004619,-1.13593666,0
1.82579878,-0.22271854,0.06105489,-0.44781614,1
-1.08995030,1.60577368,1.12619268,0.49441586,1
0.71534974,-1.70555443,-1.44144806,-0.20806980,1
-0.36227193,0.84724415,-0.20534896,-0.21194349,0
-0.37601701,-1.10929140,-0.83113506,0.22164163,1
0.89589657,1.84346720,0.46410179,-0.11742627,1
-1.63740305,0.56236513,0.34968979,0.71114772,1
-0.69562746,-0.20368165,0.17197360,-0.64087016,0
-1.69869226,1.56798915,0.40066867,-0.19428917,1
0.27687077,-1.58583874,1.12925959,-0.56437600,1
1.66429268,0.74087633,-1.37278744,0.43451971,1
1.80984415,0.03434652,0.39246667,-1.48512838,1
1.52372644,-0.94317382,-0.18466121,0.72473392,0
-0.90620028,-0.24997073,-0.51905032,-1.11345207,0
-0.89757411,1.18988913,0.23128233,-0.37562875,1
-0.03166241,1.20494347,1.48788739,0.12840362,1
-1.30421571,-1.80071800,-0.92216879,0.15416799,1
-0.20128012,0.97160458,-1.35919487,-0.80615408,0
-0.57671362,1.10284363,0.03086428,0.22476116,0
0.81642165,-1.99825748,1.30585135,-1.82432962,0
-0.61793151,1.46694518,-0.93232766,0.23267194,1
-1.26353046,-1.10840397,-1.17921479,-0.61370546,1
0.71814130,-0.57031048,0.89095780,-0.77471977,0
0.92615739,1.58047920,1.08000646,-0.19918331,1
-0.76126225,0.30228313,-0.45826916,0.68220294,0
-0.79153313,0.71693342,1.44009105,-1.58191898,1
1.86577884,-1.38387004,-1.12846664,-0.10548412,1
-1.97046433,1.19114920,1.44094190,-0.14621365,1
1.44526048,0.37733817,0.28391363,0.04055801,1
-1.55897366,0.05722389,0.13240045,1.06109727,0
-1.30568536,0.28456572,-0.20082709,0.37889797,0
-0.79778895,-0.80550444,-0.63419445,-3.18560576,0
1.07152796,1.80862322,-0.01311012,0.61927329,1
-1.05768193,-0.30986371,0.26755091,-0.62921605,1
-0.73243270,-0.73344831,-0.54035005,0.02103246,1
-0.25772240,-1.90880923,0.64734152,2.59415442,0
-0.14654403,-1.70093378,0.47112260,-0.80540834,0
1.21023526,-1.92512091,1.24463160,-1.07096200,0
0.34006412,-1.03646871,1.29047688,-0.15370681,0
-0.33492913,1.41687864,-0.24497624,-0.82708117,0
-1.03220670,0.90485609,0.03659601,0.01947077,0
-1.74138598,-0.71007660,1.12116469,-0.88180968,1
0.97380311,0.14755214,0.92073845,-1.67986644,1
0.44668071,-1.37216286,0.09238257,1.19473590,0
-1.43263745,-0.54504390,1.16837629,-0.56382999,1
0.08359515,-0.54632230,-0.92448330,-0.97459323,0
0.17825900,1.53820692,1.02931261,0.81581622,0
0.75052404,0.00125792,0.20990534,0.27711947,0
-1.17644980,-1.27500054,-1.15762300,2.14337277,1
0.21997616,1.76733517,1.00423856,1.80434971,1
-0.72235749,0.10297736,-0.06611694,-0.37340108,0
1.19850415,-1.80529484,0.51421356,-1.56922207,0
-0.14486260,0.35056420,-0.42071000,0.31061109,0
0.51112439,0.73125052,-1.36725445,-0.30267782,1
-1.83297569,1.39782275,-0.23689246,0.36077765,0
-0.19197617,1.19720074,-0.14544052,-0.70214780,0
-0.28018450,-0.46469813,-1.21566485,0.06749555,0
0.12911375,1.92496619,0.30405118,1.41187410,0
0.64337030,-0.62146705,1.14314660,-1.26733782,0
-1.02411289,0.46735053,-0.75683553,1.47964206,0
1.07319639,1.42284279,1.27807945,1.70122463,1
0.37654616,-0.86695481,-0.43318540,-1.38360661,0
0.53074414,-0.13296834,-0.89351719,0.58575398,1
-1.39158106,-0.67062183,-1.48696785,-0.36923056,0
0.26266551,1.21169292,1.13306054,0.28060518,0
-0.67589580,0.02299756,0.42505409,-0.20176772,0
-1.95261798,-0.16407368,0.33302318,-0.65485339,1
-0.52786348,-1.07102254,0.77855163,0.82252190,0
0.17517469,0.01146846,1.02429167,0.10645996,0
-1.26955660,1.17923463,0.23964415,-1.28803295,0
1.96004646,-1.73480593,0.79556216,0.27040611,0
-1.39809254,0.64048832,-0.99859077,-1.62078455,0
1.61811815,-0.00101703,1.35259720,-0.37089418,1
-0.44521058,0.28169981,0.65019845,0.53501902,0
-0.76780332,0.95445904,-0.84642686,0.36364202,1
0.42658915,0.60173598,0.34377416,-2.17498637,0
-0.31785770,-1.87762562,0.24775652,-1.85834343,0
-1.46810481,-0.00755295,-0.76445687,-1.72035422,1
1.60990083,-0.42247008,1.26435978,0.66111321,0
1.53391506,1.02783517,-0.33815826,-0.93990840,1
0.02752280,-0.05720500,1.45162144,-0.89260079,0
-0.46824350,1.87763213,1.42497258,-0.67196472,1
-1.23109941,1.11898810,0.11926199,0.19963854,0
0.80488575,-0.04318267,-1.10851644,-0.04775419,1
1.07476680,-1.70114802,0.92118441,0.23385888,0
0.48294542,1.49247633,0.60840314,-0.01312998,1
0.64270354,0.42972443,1.30285637,-1.47012090,1
1.40860447,-0.69398206,-0.14174292,0.33042670,0
1.76968724,-0.58775105,-0.16402740,-0.21950647,0
-1.16505415,-1.45402431,-0.60162187,-1.01637263,1
0.36196451,1.04568423,1.35993530,0.32762404,0
-0.61971515,1.25919921,-0.32999496,1.67233545,0
-0.59643556,1.22609227,-1.45943695,0.08353285,0
1.18653224,0.57797387,0.93332524,-0.14159504,1
1.62745843,0.04937873,-0.08498884,-1.04961487,1
1.29952216,0.27025005,1.34182499,0.93239699,1
1.79528268,0.42623421,-0.72027378,0.75786812,1
-0.35028773,0.47454633,0.18574972,-0.79601066,1
0.08720106,-1.43940718,-1.11256840,0.51109199,1
-1.07033907,1.36625152,1.06966646,-0.21113273,1
-0.86449963,1.84563564,0.67382716,1.29688886,1
-1.22464992,-0.90320487,-1.19619998,0.43708725,0
1.55712650,-1.71149505,-1.49331282,-0.35846015,1
-0.31534757,-1.74521110,-0.78872751,1.75757020,1
-1.21950189,1.24745612,1.18440662,0.11381022,1
0.09338982,-1.44818660,-0.17166212,0.50824869,0
-0.65696553,-0.59350520,1.42034485,-0.36067817,0
1.29406043,1.93954954,0.18514187,-0.38039443,1
-1.41816575,1.79706610,-0.09820552,-0.36009798,1
1.60679639,-0.66372773,-0.80186709,0.67361899,0
-0.65259131,0.22029546,-0.59656034,-0.47020327,0
-1.19078043,0.55457098,1.21949185,-2.43829005,1
-1.96111932,1.56189937,-1.12523659,2.10087351,0
1.20331876,-0.36370168,0.05642491,-0.96701699,0
-0.17913371,-0.83542236,-0.29123202,0.86923756,0
0.92746019,-0.61481935,0.75433825,-1.10716761,1
-1.66371950,1.99928647,-0.76640617,-0.05230532,0
-1.31148489,-0.22399150,-0.17173035,-0.06885417,0
0.25413239,-1.00049719,1.00964977,-0.97993847,0
-1.32579947,1.86129447,-1.08798589,0.55157227,0
0.51353519,1.30359546,-1.34536451,-0.71907362,1
-0.74535664,-0.91581279,-0.66397009,0.19412386,0
-0.03793002,-1.97783346,-1.32780675,0.49164954,1
-1.56265616,-1.29290794,0.32953944,1.00390432,1
-1.40865934,-0.97795386,0.82244199,-1.27089968,1
-0.25607847,-1.48686434,-1.00082210,-0.77629712,1
-0.10798064,-0.33216289,-1.20969403,1.58107521,0
-0.43283437,-1.77695774,-0.97423918,0.33267421,1
-0.05569445,-1.68605392,-1.28001727,-0.24086057,1
1.74929406,0.05879816,1.11348383,-0.57940732,1
1.39266738,-1.12964334,0.68483383,0.18111771,0
1.89839571,-0.34632835,0.55071486,1.94578961,0
-0.27149839,0.90105461,0.81235167,-1.31269044,0
1.18702485,-0.62413331,-1.10052809,0.06264044,0
0.98104756,-0.34325044,0.57880292,-0.79979829,0
-0.09280099,-1.76719716,-0.96695015,0.11833990,1
1.49104543,0.23842564,-0.83807405,2.57101572,1
1.39368884,-1.62205636,0.39720260,0.68773047,0
-0.65904605,-1.64384641,0.47331377,-0.42482503,0
1.23491658,-0.25239555,-0.13354065,0.16908894,1
0.91074167,-1.71102862,1.11443362,0.26216386,0
1.95865621,-0.93833917,-1.28257519,-0.15501134,0
-1.32780019,0.65167827,-0.68984732,-1.80841122,0
0.84344423,-1.39327337,-0.48274033,2.06343863,1
-1.24283443,-1.23991678,0.70229323,-0.47446411,1
0.99377268,0.92197028,1.32314463,0.75098385,1
-0.30940739,-0.61397158,1.16512323,1.28602884,0
0.91387405,-0.20537654,1.48150157,0.72564002,1
1.61806233,1.30133876,1.43513908,-1.33692902,1
-1.66269714,-0.10453198,-0.86935882,1.53356150,0
0.52057069,1.26407762,0.88088668,0.37512558,0
-1.93486713,1.84811191,-1.08348364,0.15608003,0
-0.57546618,-0.78952420,-1.40072817,0.12595250,0
-0.90251325,-0.63740291,-1.45300139,0.61134803,0
-1.73629037,-0.37392497,0.05766799,-0.66377078,0
-0.90074979,-0.48984418,-0.61034355,0.35440015,0
0.51540956,0.04878554,-1.42079219,-0.16092242,1
-0.01977605,0.98527360,-1.01051701,0.80637605,0
-0.21090730,-1.38468944,-0.35148635,0.00412961,1
0.25336458,-1.73573816,-0.25072419,-0.87374305,1
-1.31793301,-1.18641456,1.20843253,-0.16959849,1
-1.18909185,0.84986183,0.36484289,0.18846276,1
1.05712014,-1.67039824,-0.59336324,1.17734142,1
-0.37540214,0.34056268,-0.19378336,0.69127642,0
-1.62417383,1.48606287,0.79505955,0.42916780,1
0.86277854,0.02691167,1.42041283,0.11372456,1
-0.61750934,-1.38501479,1.15048676,-0.21061828,0
0.44195292,-1.17020304,-0.27712106,0.02552161,1
-1.83540637,0.12000313,-0.01532736,-1.93814308,0
1.84393648,-1.19743029,0.19323501,1.11232471,0
0.80883967,-0.64628200,0.05924543,-0.78023311,1
0.21289995,-1.53299675,-0.56095340,0.50981127,1
-1.75783964,0.84591645,-0.66413052,-0.91635000,0
-1.03573170,-1.25232861,-1.34105709,0.09891818,0
0.09027373,1.22602475,1.16627106,1.34156816,0
-1.26381173,-1.55635270,-0.84096878,-0.06821028,1
0.81527662,0.87460783,-0.51716409,0.34081366,1
-0.71238112,1.53417848,-0.37530260,1.07596933,0
1.66980890,0.16110479,0.40893945,1.80507241,0
0.98428654,-0.94934636,-0.99641599,0.61008278,0
1.38392363,0.80377641,1.32087208,-0.17896911,1
0.43901678,-0.64157122,1.35759766,0.51335474,0
-1.79570670,0.68120615,-0.67562898,0.20605942,0
-1.35824358,0.23132963,1.03988670,-0.33912076,1
1.65613633,1.83605295,1.01072331,-2.33759094,1
-0.73699203,-1.40133397,-0.48472727,0.08174295,1
0.70698954,-1.12416075,0.83289664,-0.69608350,0
-0.08223773,-1.73707182,0.13690506,0.61658021,0
-0.93300398,0.08256920,-1.48837694,0.03990892,0
-1.49785190,-1.94259355,1.20210333,1.43639787,1
-1.97343204,-1.85071215,-0.21948157,0.25842293,0
-0.68520871,-1.78692754,-0.41855265,0.69827303,1
1.56256237,1.81747397,0.66956727,-1.93208950,1
-1.51575364,-1.93782889,0.46696982,-0.06609215,1
1.57638664,1.12137144,0.28043062,0.96124796,1
1.59407770,-0.02380726,0.27534084,1.38035447,1
1.37029479,0.48452475,-0.18076594,-1.90211784,1
-0.46995023,0.72172747,1.06231593,-0.02122336,0
1.98305580,1.87670942,0.67675058,-0.87864144,1
0.31017094,1.43688052,0.19029522,-1.41298351,0
1.69314427,-0.12502014,-1.47252565,0.10886326,1
-1.65982139,-1.22136856,-0.63904600,0.44530624,1
0.59540685,0.92383798,0.15385299,0.23953912,1
-0.30042348,-1.86596810,0.75476983,0.00959708,0
1.25536880,0.64474887,0.90726797,-1.17691678,1
1.37551397,-1.04976505,0.05326076,-0.39764989,0
-0.18993403,0.07990514,-0.11750525,-0.18894781,0
-1.37081854,-0.17038790,0.61723392,0.76949839,1
0.02780569,-0.50787932,1.46891182,0.83864112,0
1.17880809,-1.38509023,0.52536502,-2.15308006,0
-1.34578167,0.68740571,-0.35193462,0.21345759,0
1.55131535,-1.42185582,0.97304172,-1.00184174,0
-1.16464314,1.81436680,-0.95216029,0.28130345,0
-1.55264686,-1.08844392,0.98195355,-0.32056175,1
1.03571687,-0.20272551,-0.32559183,0.15583754,0
1.64392766,-1.13281544,0.91521020,0.21431971,0
-1.81709163,-1.08718260,0.86687852,0.61397142,1
-0.09029478,1.43876357,-0.93498652,1.67783330,0
0.85233232,-0.33738982,-0.51418306,-0.68453182,0
-1.85016343,-0.34853112,-0.27043003,0.34516691,0
1.18745645,-0.40588115,-0.49671799,1.62108433,0
-0.46241367,-1.54900275,0.03902550,-0.19508135,0
0.55287997,-1.86628856,1.43545591,0.97197664,0
1.11934353,0.21540739,1.04699477,-0.03416456,1
1.83011611,-0.20291452,-1.28736000,0.04090651,1
-0.61424013,-1.05325364,-1.15626113,-0.94050101,1
0.87144601,1.98094265,1.08817256,0.83380895,1
1.77578118,-1.72453331,-0.08912628,1.63917448,0
-0.13468005,1.54777773,-1.14860850,-0.81307045,0
-0.73857024,-0.14787279,-0.41406291,1.28717267,0
0.80921651,-1.65371154,1.38220239,0.76788153,0
-1.32321485,-0.07829924,-0.41656771,-1.26863490,0
0.02782275,-1.52029087,0.37947216,-0.49338569,0
-0.78405020,-1.18100991,-0.67431400,-0.01017079,1
-1.44047769,-0.04468399,0.69878693,0.99560513,1
1.58676550,-1.11853571,-1.28479032,0.71245988,1
1.88592553,0.71246661,1.38358336,0.86908910,1
-0.94110339,0.78382619,0.50064967,-0.36858980,1
0.14770560,1.19738446,0.77421108,0.13575409,1
1.07202002,1.00700221,0.29517558,1.51715121,1
-1.02770729,1.32993047,0.99660298,-0.19945210,1
-0.34604860,-0.06665134,-0.51721436,0.71342640,0
-0.23933049,-0.31099022,-1.07036443,-0.06263249,0
1.81796621,-1.13658153,0.45949495,1.00178442,1
-1.54667191,0.83176749,-0.71949369,-1.19687128,0
1.74798810,-0.85464388,1.09950195,-0.91728144,0
1.39228155,0.30291669,-0.77366771,-1.52542877,1
0.11517319,0.77870202,1.31790564,-1.36628293,0
-1.75961218,1.56831992,-0.82122698,0.32533936,0
-1.74721387,1.23227653,0.68058715,0.19371004,1
1.39077079,-0.14203789,0.27560037,1.50867559,1
0.07828405,0.56438481,0.65479252,-1.36438939,0
0.09171114,-0.05069837,-0.83068013,0.87772912,0
-0.38801410,-0.12250754,-1.42222921,0.85500556,0
-0.35385612,-0.05899050,0.63953429,0.46309573,0
1.80535835,1.61088184,0.34015404,-0.67783022,1
-1.12211266,1.10468608,0.56444773,-0.45657627,1
0.42575812,-0.26119987,0.69964392,1.86554383,0
-0.75698481,-1.02914449,1.33538246,-0.45817354,1
-1.70660716,-0.36832887,0.40607635,-0.07444514,1
-0.32302381,-1.92925467,0.89137746,-0.80538901,0
1.50268196,1.05049341,-0.48566161,-2.07238493,1
-0.52901198,1.64603439,-1.38042416,0.20337604,0
-0.01145955,0.67245728,0.27063645,1.38173112,1
1.56824797,-1.88631665,0.64480019,-0.41122485,1
1.27870834,1.14072643,-0.21684809,-1.22133453,1
-0.31536749,-1.64414996,-0.72466434,-0.28071199,1
-0.41762341,1.09277294,-0.78503908,-0.71448590,0
1.96284306,0.07579624,0.51020496,0.03772045,1
-1.82182401,-1.72264597,-1.23102115,-0.15975074,1
-1.47908730,-0.44966603,-0.33226316,-1.40205973,0
0.79880859,0.34651776,0.81290745,-0.45487463,1
-0.99218318,0.85467985,-1.42662027,1.22856940,0
-0.19600371,-0.04102175,-0.18261453,0.23672351,0
-1.44139347,-0.38260748,0.92244430,-1.51073122,1
0.36408706,0.24176889,1.09794982,0.25963643,1
0.86895781,1.68089978,-0.32905113,0.29621901,1
0.38342205,1.99563330,-0.80949677,0.77324438,0
1.61498494,-1.34459724,0.01535168,0.71834412,0
-1.01374548,-1.35395007,0.59341044,-0.59083324,1
-0.96475005,0.80608947,0.55259093,-1.81006289,1
-0.04608222,0.56823443,0.64703078,-0.75895704,0
1.17567097,-1.66811499,1.38141691,0.99249486,0
-0.22741073,1.05800441,0.50119922,-2.01014426,0
0.80048539,-0.05165085,-0.98514653,1.86013923,1
-0.86628072,1.57433097,0.40002448,0.94555038,0
-0.75715555,1.46558405,-0.16801553,-1.08055031,0
0.97993971,-0.82930563,0.87933440,-0.32627462,0
-1.70350684,-0.51002345,0.03640303,0.11764546,0
0.02529033,1.98198178,0.12767792,-0.61423324,0
-0.02303412,-0.96583670,-0.84747284,1.06685894,0
0.62520222,0.42967476,-0.57903320,-0.47655542,1
0.31575070,1.18010118,1.24588908,-0.03220840,0
1.28183447,0.34689534,-0.07755071,0.47100692,1
1.11056352,-0.05994707,-0.37935082,-0.32256841,1
-0.68487246,0.88639263,-1.05319618,1.13795729,1
1.37886405,0.19032561,1.07911696,-1.14079992,1
0.89544255,0.48792787,1.10401444,0.09127666,1
1.35383719,0.75164341,0.52608928,-0.30326017,1
1.99546184,0.10730597,-1.36319307,-0.35985678,1
-1.72628592,-1.29541039,1.30270142,-0.23267646,1
1.95288669,-0.33862108,1.10751085,0.55789032,0
-0.22314226,-1.57677999,0.40735766,2.61898864,0
-0.96149713,1.18582623,0.04385238,-0.69220483,0
-1.83086562,0.08483168,-1.45460684,-0.44854787,0
0.99263114,0.51261903,-0.87546880,-0.46751195,1
-0.21316223,0.75139378,-0.90797412,-0.97694584,0
0.66859890,1.87393676,-0.99451157,0.12308171,1
0.99889204,-0.77695666,1.38685431,0.39846302,0
0.35010358,1.48313267,-0.59975658,1.32677073,0
1.74266529,1.75393824,-1.10784782,0.96646773,1
-1.93382160,-0.63303392,-0.20914492,-0.97404688,0
0.49965672,1.05365127,1.22747844,-0.50617419,1
1.54546161,-0.88262350,-0.50608819,-0.85634963,0
1.28597182,-1.31767892,-1.05430636,0.75950118,1
1.46137203,1.49115610,-0.42288904,0.67330153,1
1.93690014,0.93426148,-1.28432686,-0.97292313,1
-0.89608589,1.77056861,-0.41826624,-1.02171049,0
1.73388472,-0.40270037,-0.29589160,1.07766712,0
0.43743728,-1.22022137,-1.46477588,0.17203911,1
-0.32480639,0.99218009,-0.59978165,-1.86481311,0
-0.43809807,1.30875081,1.31860330,-0.32326689,0
0.25213607,-0.08760663,-1.46424282,-0.25645399,0
-0.42233451,1.61312319,-0.93360831,0.63517213,0
0.42740851,1.66709467,-0.67362049,-1.73967386,0
-1.70644160,1.84133971,1.17964979,0.35947117,1
-0.35121509,0.43999787,0.25525712,-0.30635514,0
-0.19297112,-1.17794608,-0.21685629,0.26634041,0
-0.56665702,0.86278320,1.18547441,0.90947375,0
-1.36034145,0.29947717,0.78588052,-0.10957629,1
-1.24414386,-0.09230621,-0.11121489,0.70022250,0
-0.29166087,-1.56941942,-0.57126187,1.43340010,1
-0.68576007,1.99404469,1.34636360,-0.19278623,0
-0.17972034,-0.91678354,-0.82224815,-0.55864961,0
1.67424585,0.61212063,1.29487573,-1.06151455,1
0.63118265,1.36689986,0.94992021,-1.03575033,1
1.85464822,-0.47014734,0.57325677,0.26022071,0
-0.73921477,-1.75728399,-1.10075518,-0.96799222,1
0.88563012,-1.20348189,0.24257443,1.37695045,0
1.80934657,0.23135177,-0.50677645,1.75368967,1
-1.83160352,1.20759195,-0.49756132,1.08721420,1
-0.49431064,-1.48494012,1.43048605,-0.01017551,0
-1.71386717,-1.83546451,0.62162604,-0.09895922,1
0.30623616,-1.74773224,1.14177454,0.78525121,0
1.54854204,0.43799056,1.29266328,-0.05851710,1
0.29450010,1.41883801,-0.32950331,-1.29068525,0
-0.87340375,-0.69217455,1.01679503,-0.26364810,1
-0.49275990,-0.05053108,1.02980285,0.19201390,0
1.13475087,-0.27854921,-0.19380419,0.84518634,1
-0.47009552,1.32011888,-0.25787075,1.24812642,0
-0.66576799,-0.04646139,-1.01078964,-1.01712855,0
-1.80601494,1.08198733,0.25123720,-1.97491518,1
-0.13692781,0.96514933,-0.47139768,-0.59345490,0
1.89892132,1.30142520,0.69509005,-1.22750393,1
0.04107658,-1.37864186,-0.49152164,-0.03935415,1
1.25367245,-0.61731237,-0.38677371,0.28508064,0
1.53909438,0.76939702,-1.30415056,-1.03960144,1
-1.85231719,-0.64119969,1.20672899,2.72356524,1
-1.02693326,-1.27515163,0.78616033,-0.80510805,0
1.65478946,-0.85074835,0.78809116,-0.01603436,0
1.65969423,-1.76470954,0.51861040,-1.14320179,0
0.70903642,-0.08285545,0.49598361,1.20136074,1
1.84905362,1.80341237,-0.81546025,-0.91079342,1
0.72947078,0.71104346,0.61791608,-1.45396915,0
0.55070320,-1.51937224,-1.20151206,2.04827999,1
-0.11160605,1.90393148,1.04881129,0.08127910,0
0.19064433,1.17148548,-0.69896380,-0.58605891,0
-1.63234762,-0.97843490,-1.30100723,-1.20314730,0
-1.49095500,-1.12308000,-0.78821949,-0.62417230,1
0.95925949,0.09936292,-0.05528532,0.57559842,1
0.55028116,1.45776574,0.98849227,1.17477338,1
-1.79166855,-0.24907598,-0.95392841,-0.42232692,0
-0.40180003,1.61270992,0.23300755,-0.18307971,0
0.41011834,-1.44766496,-0.57873448,-0.05523943,1
-0.49636445,0.57656528,1.32385514,-0.12187485,0
-0.73654967,-1.81709535,1.14680891,0.14062144,1
0.33562597,-1.07857395,-0.92575942,0.30052266,1
0.52135961,-0.73284317,-0.69950494,0.12264419,0
1.65064650,1.69970557,0.54219673,1.10703851,0
1.19664736,-1.09448382,-0.73454362,-0.31665468,1
-0.73523739,0.14218867,-0.87261483,0.92414065,0
1.67123929,-1.55373727,-0.48233462,-0.50927204,1
0.15729791,-0.41950532,1.18982602,0.46402908,1
-1.60776991,1.31143422,0.32461668,1.17943085,1
0.44808220,1.99436607,-0.90739194,1.10819421,0
-0.05858157,0.64144974,0.16183969,-0.13828395,0
1.32214452,1.60112760,0.67578439,0.31535629,1
-1.98449478,1.88497220,1.07857502,1.13025034,1
0.37929820,1.79215598,0.14570389,0.62833805,0
-1.66178945,1.96257084,-0.80693809,-1.12165561,0
-1.26529336,0.80501030,-0.53235711,0.20403713,0
-0.00943161,-1.52361322,1.33015435,2.45651895,0
-1.82617360,0.94022796,0.33666418,1.05569312,1
1.56272673,-0.79074631,-0.25271809,1.06821078,0
1.92381858,-1.06901041,0.47522706,0.68582320,0
-1.65763150,1.77640278,-0.69972269,0.38099038,0
1.10020192,-0.49940206,0.33855307,-0.35175666,0
1.76569992,0.17793181,0.52067510,0.57862699,1
0.95280541,-1.90219775,-0.99068133,0.79567450,1
1.35231430,-1.48288920,-1.25234341,-0.81694296,1
-1.77644068,1.64116576,-0.84681103,-0.28626679,0
1.54524545,-1.08546326,0.44511499,-0.48149328,0
-0.42142259,0.39598561,0.83621084,-0.30584000,0
-1.16047686,-1.66932622,0.83227494,1.27940113,1
-1.16139621,1.06185734,0.81527403,-0.44698440,1
-1.85742408,0.57215963,0.95749997,0.76159646,1
-1.37502025,-0.81830728,0.33623813,-0.56590816,0
-1.90938337,-1.79845695,-1.19930962,-1.48967989,1
-0.61901747,-1.41145076,-0.61866251,-0.26151023,1
0.11722305,0.88149748,-0.99304072,-0.39847402,0
-1.96123002,0.20084880,-0.02611278,-1.65076310,0
-1.24767187,-0.53813685,0.18914550,0.89000266,1
0.75285534,0.79889583,-1.26689057,-0.19248258,1
-1.53631234,-1.60538527,1.02060230,1.56110811,1
-1.02480826,1.10900422,-0.37955585,-0.43686113,0
1.12838040,-1.95115615,0.63445318,-0.77036901,0
-0.31073914,0.86304270,-0.74158547,0.02926000,0
1.35070547,-1.18775423,1.30161742,0.36489056,0
1.37393957,-1.05175305,0.03718840,-0.66043815,0
-0.09654061,1.76394553,0.44473341,0.59224836,1
1.33589009,0.51138073,-0.75853264,1.45724847,1
0.57105149,-0.10490007,-1.11709782,-0.99124482,1
1.88916320,1.44736265,-1.49889450,-1.13598765,1
-1.06144150,0.98257760,0.44786531,-0.07568491,1
0.08790802,0.90110273,1.47609062,0.47506632,0
0.15674370,1.77230346,1.44730228,0.00211504,0
0.24068524,-1.18842812,-0.55531266,0.68711328,1
-1.68468502,1.84230690,1.06189692,-2.39323963,1
1.22219648,1.29887054,1.09492196,1.13122684,1
-1.78944023,1.06576896,0.38166267,0.48005128,1
-1.38378462,0.73517615,0.42810927,1.76711078,1
-1.61807481,-0.68180628,0.77320237,-0.02087123,1
-1.64842186,0.09651573,0.55695151,-0.83134164,1
-0.75620808,-1.58667522,0.63053748,-1.73451368,1
-0.97720352,-1.02345988,-1.37855842,-1.36932579,1
-1.32567584,1.83782551,0.33011454,1.26231121,1
-0.32872375,-0.44120648,0.09882768,-0.49039745,0
-1.32392895,1.22180353,0.29953722,0.29631998,1
1.82208593,-0.49317054,-0.14963965,1.05068953,0
-0.32975883,0.00264186,1.13521506,0.22404003,0
-0.33061576,-1.17208848,-1.40742668,0.75460198,0
-0.90753600,0.94040228,-0.73111537,-0.23002284,0
0.21089735,1.83862200,0.88964060,-0.98843994,0
0.80501386,0.74624435,-0.24591174,0.74772663,1
0.97787378,-1.34414865,-0.12662930,-0.03752253,0
0.81168912,-1.44949526,0.18138604,-1.07105636,0
-1.45977197,-1.17879928,0.94671755,0.87060474,1
-1.73788753,-0.49106126,0.71937558,-0.27089322,1
1.85720137,-0.52836601,-0.44689804,-0.03176595,0
0.62930854,-1.36069007,-0.58346959,-0.09842916,1
1.03118342,-1.34945635,-0.42552956,0.47770791,1
-1.98162085,0.65072773,0.43374787,-0.64529038,1
1.41538190,-1.23141905,-1.41742100,-0.97176224,1
0.01602836,1.99971863,0.23943106,-0.49958889,0
-1.07055745,-1.64216695,-1.04657870,-2.41830924,1
1.86397668,-0.18189328,-0.06999547,0.36755406,1
-1.65306778,1.57080619,-1.42143661,0.99517509,0
-1.18649278,0.45299431,-0.62775146,0.57447963,0
-1.02468083,1.26991913,-0.75569923,-0.84935380,0
1.02002964,0.10778909,1.42809160,0.16173865,1
-0.85578588,0.07500778,-0.13553599,0.49254311,0
0.25289737,1.21845625,-0.75740210,1.03583488,0
1.10766413,0.62213544,-0.44675181,-0.05205306,0
1.35771009,-0.81277629,-0.84902333,-0.50700461,0
1.53071793,1.09830387,-0.78748487,1.34192318,1
0.95280545,-0.11674095,0.15831763,0.17438591,1
1.73027430,-1.11410233,0.07739745,-0.53812556,0
-1.70874670,-0.28951972,1.18735105,0.29283435,1
0.81248329,-1.23552587,0.75683840,0.41073952,0
-1.73814335,1.37170247,-0.15410177,-0.23507251,0
1.02333366,-0.78103456,-1.06065238,0.78994606,0
1.92994361,0.24313066,-0.66345111,-1.82615392,1
0.45764594,-0.41518215,0.52411316,-0.50234283,0
-0.22021306,1.54399778,-0.50891028,-0.18867651,0
0.37087650,-0.26828765,-1.27929144,-0.81225501,1
0.38022897,1.99285343,1.38796920,-0.88353907,0
-1.15966684,1.95237294,1.42125331,0.20964465,1
0.97373588,1.39094906,-1.23147499,-0.58173103,1
-1.33684067,1.18782518,0.48234829,1.66492584,1
-0.64913526,-0.73730655,1.31719167,-1.07081478,0
-0.16871774,1.59946855,-0.43021879,1.25596346,0
-0.45089867,1.81679822,-0.05032578,0.14171348,1
1.41652670,-1.19382258,0.82054650,1.74009095,0
-0.94744415,-0.34886268,-1.36968579,-0.86857609,1
-0.12291227,0.27285277,0.42616387,1.52840563,0
1.56858036,-1.21603651,1.20578548,0.48911391,0
-1.34492365,1.97403097,-0.01196050,-0.17185079,0
0.40629861,0.47230379,-0.80937009,-0.71764110,0
-0.15129638,0.66218948,1.18093905,-0.92792180,0
-0.32372668,0.08975118,1.35821547,0.33394213,0
-0.63314179,-1.84242774,-0.62361814,0.64894880,1
-1.62409622,0.73305103,-0.42739611,0.77266024,0
-1.08119534,-0.37531186,1.14147435,-1.16427217,1
-1.53940375,-0.75407386,1.49322338,-1.38624295,1
-0.42582987,-0.31664556,1.41660803,1.53347700,0
-0.97278282,1.53675779,0.31227557,-0.87149075,1
-0.52760055,0.55745046,1.04561311,0.99768611,0
-0.44916742,0.36251976,0.81701534,-1.03961480,0
0.09542516,-1.26271033,-0.28767133,1.46176498,1
-0.40567065,-1.39841975,-0.17459297,0.49785245,0
-1.68296523,-1.68252352,0.65597002,0.61446224,1
0.08467679,0.11613536,0.45941559,1.90510008,0
-0.33250406,1.73363561,-0.63289568,-1.04368976,0
-0.89472510,-1.35917710,-1.31448253,-0.76154792,1
-0.30177518,-0.64393810,-0.24451355,-0.25454485,0
-0.67284363,1.04927736,0.38676791,0.21255822,0
1.83938683,0.84410586,-1.03206587,0.78689273,1
1.97025299,-0.99486975,0.48923975,-0.66116790,0
-1.03527897,0.06387323,-0.85761939,0.27157378,0
-1.55375165,-0.84825431,-0.74963214,1.54320090,0
-0.00688252,0.49894305,0.48054975,0.92415074,0
1.40146772,-0.84867163,-0.71637659,-1.28983370,0
0.99179709,0.94207500,-1.30547352,-0.73574281,1
-1.35850698,-1.63289232,1.26162647,-2.26875540,1
1.55546454,0.35442218,1.48429216,-0.66144971,1
-0.03972321,-0.37398766,-1.19407573,0.03722421,0
-0.04369299,0.90782155,-0.53636781,-1.69917942,0
-1.30989701,-0.08166858,-1.12599946,-0.90063438,0
0.04666498,-1.81400793,-0.75430800,-0.76046435,1
1.45748765,-1.78502132,-0.67039690,0.28071975,1
1.79992682,0.88651033,1.13970221,0.61923359,1
1.50689292,0.99147506,0.18976539,-0.78688858,1
-0.11953924,0.09768998,-0.87928433,1.68891196,0
-0.72272809,-0.57329799,-0.99127606,-0.53315646,0
1.35694626,0.27734965,-0.18729174,2.10518299,1
-1.10485162,0.14465088,-0.69942625,-0.20781570,0
-0.60489567,-1.30408096,0.29910027,1.74695316,0
-1.06277340,-1.58373184,-1.05102106,-0.92616569,1
0.51563964,-0.09478752,-1.05527320,-1.22894289,1
-0.75608919,0.56804286,-0.36781360,1.57158675,0
0.77350109,-1.51378441,-1.49326476,-0.52056424,1
1.51588544,-0.67298957,-1.29311524,0.32207913,1
1.43735016,0.45582250,-0.57576854,-0.11022395,1
-1.86220432,-1.78692949,-0.64105368,0.39602427,1
1.74613585,-1.04416486,-0.91352824,1.79390716,1
-0.91490416,1.71031014,-1.31290098,-0.40428986,0
-1.45449767,-1.47853415,-0.44131826,-1.86501067,1
-1.92674473,-1.23279929,0.78681059,-1.55829322,1
0.96693576,0.02002328,-0.62975345,-0.08035012,1
-0.64251354,-1.40927281,0.98022414,1.30507852,0
1.31538156,1.94617868,0.51678776,0.22159564,1
1.69823646,-1.26290412,0.41789825,1.15460748,0
1.10537277,-1.68052757,0.79877170,0.71688973,0
-0.48508146,-0.93044852,0.55003004,0.79089089,0
1.61014882,-0.58329594,0.82849665,0.82571912,0
-1.40331791,0.40268637,-1.03014252,-1.44222471,0
1.70518930,-0.00780969,0.54532040,0.70549723,1
0.20917804,-0.06954157,-0.86524445,1.01789839,0
0.08301137,-0.64487346,0.94518697,-0.12173509,0
-1.14220606,1.10414154,1.29283082,1.02706704,1
-1.97224118,1.52520021,0.05528846,1.49325100,0
-1.20690744,-0.42591795,-1.46868129,-0.13292170,0
1.51566294,0.07927110,1.19530928,-0.60409983,1
0.92826969,1.80347107,0.55279593,0.35173814,1
-1.09484805,-1.21144971,0.50145893,1.27724149,1
1.71458430,1.71213372,0.61378263,1.36181534,1
-1.81819203,-0.02122212,0.30349990,0.10276148,1
-0.91894549,0.28670718,0.76151245,-0.73585591,1
-1.00005994,-0.00585009,-1.10958074,0.60668658,0
1.75819978,0.01861672,0.14414561,-0.31844703,1
1.81546441,1.65215891,0.00074812,-0.55833477,1
-0.47078284,-1.02715225,-0.41718289,-1.25726745,1
1.02461039,0.49355756,0.39377245,0.63129766,1
-1.61841708,0.16985484,-0.22644683,-0.03083496,0
0.22684283,1.85774819,0.33555313,-0.82448762,0
1.90598340,1.23990051,-0.33055169,-0.40365831,1
-0.86705013,-1.87085341,1.28752649,-1.16065511,1
-1.42416424,-0.18267051,0.47889885,0.93250640,1
0.02751414,-0.70545356,-1.04635832,0.99732790,0
-1.15521181,0.37850133,0.12555863,0.14095251,0
0.27027152,-1.96569319,-1.41336531,0.06821375,1
1.15104583,0.27292982,1.10225351,-1.43317003,1
1.60418041,-1.37754896,0.20691932,0.39625100,0
-1.09640453,-1.35195432,-1.31613394,0.08713863,1
0.23216323,0.70229690,-0.67422039,-0.28865305,0
-1.77323752,-1.08536163,1.23142877,-0.26073557,1
0.51203636,0.62922684,0.28228251,1.04568628,1
0.58685684,0.93117698,-0.45089533,1.10572356,0
1.78233787,-1.19216791,-0.70831477,0.40164223,1
-1.82285182,0.22154102,-0.69287158,-0.75092774,0
1.57503119,-0.05525373,-0.38934509,-0.85638800,1
1.66398725,-0.24890802,-0.96641575,0.33593709,1
1.58228974,-0.54671855,1.14805683,-0.15220568,0
0.47733189,-0.62115997,1.38797110,0.41236546,1
1.05007098,-0.63078730,-0.95002771,-0.82292761,1
-1.53145580,-1.48778244,0.30858172,-1.69342044,1
0.60534612,1.46897761,1.10601028,0.99218014,1
0.30057785,-0.75204231,1.12524202,-0.19441920,0
0.50640652,-1.13755785,-1.21970235,-0.36192434,1
1.02218264,1.50455422,-0.18631125,-0.26466263,1
-1.25724235,-0.63211243,0.10392204,1.02217962,0
0.36854067,1.39414024,0.75131288,1.57809893,0
0.51254143,-0.47989663,0.13245160,-1.22321099,0
1.49787009,0.68953482,-0.59951276,-0.25108960,1
1.15881007,-1.77622391,1.12573767,-0.91471696,0
1.77592943,0.71052982,-0.30326143,0.34184203,1
-1.92738627,-1.40335325,-0.92095375,0.73120989,1
-0.01001444,1.57434036,-1.39210374,2.26054819,0
1.52790899,-0.86478954,-0.52817899,-0.59075015,0
