city_id,year,post,funding_eur_per_resident,investment_index,oracle_capacity,oracle_treatment_effect,dose_10,dose_10_post,dose_10_sq_post,intensity_group,low_post,medium_post,high_post
1,2019,0,0.0,41.764539219044636,-1.118319239180784,0.0,0.0,0.0,0.0,control,0,0,0
1,2020,0,0.0,44.11466198802913,-1.118319239180784,0.0,0.0,0.0,0.0,control,0,0,0
1,2021,0,0.0,41.28182576676587,-1.118319239180784,0.0,0.0,0.0,0.0,control,0,0,0
1,2022,1,0.0,44.966356744223,-1.118319239180784,0.0,0.0,0.0,0.0,control,0,0,0
1,2023,1,0.0,41.21726080721128,-1.118319239180784,0.0,0.0,0.0,0.0,control,0,0,0
1,2024,1,0.0,45.153826327689785,-1.118319239180784,0.0,0.0,0.0,0.0,control,0,0,0
2,2019,0,66.47093626315238,47.98342736676043,-0.15604243569946769,0.0,6.647093626315238,0.0,0.0,medium,0,0,0
2,2020,0,66.47093626315238,49.279970895941844,-0.15604243569946769,0.0,6.647093626315238,0.0,0.0,medium,0,0,0
2,2021,0,66.47093626315238,44.64659601234137,-0.15604243569946769,0.0,6.647093626315238,0.0,0.0,medium,0,0,0
2,2022,1,66.47093626315238,55.26811787795553,-0.15604243569946769,5.952149899770147,6.647093626315238,6.647093626315238,44.183853677000656,medium,0,1,0
2,2023,1,66.47093626315238,56.30710967299898,-0.15604243569946769,5.952149899770147,6.647093626315238,6.647093626315238,44.183853677000656,medium,0,1,0
2,2024,1,66.47093626315238,53.95539681827831,-0.15604243569946769,5.952149899770147,6.647093626315238,6.647093626315238,44.183853677000656,medium,0,1,0
3,2019,0,0.0,38.46377279629716,-2.098492126925619,0.0,0.0,0.0,0.0,control,0,0,0
3,2020,0,0.0,38.539286652520225,-2.098492126925619,0.0,0.0,0.0,0.0,control,0,0,0
3,2021,0,0.0,36.593042933924906,-2.098492126925619,0.0,0.0,0.0,0.0,control,0,0,0
3,2022,1,0.0,40.35381979769386,-2.098492126925619,0.0,0.0,0.0,0.0,control,0,0,0
3,2023,1,0.0,36.607472673033804,-2.098492126925619,0.0,0.0,0.0,0.0,control,0,0,0
3,2024,1,0.0,38.43071570396897,-2.098492126925619,0.0,0.0,0.0,0.0,control,0,0,0
4,2019,0,0.0,43.239914311671384,-1.4064960236078579,0.0,0.0,0.0,0.0,control,0,0,0
4,2020,0,0.0,44.0172285335276,-1.4064960236078579,0.0,0.0,0.0,0.0,control,0,0,0
4,2021,0,0.0,41.441788201650105,-1.4064960236078579,0.0,0.0,0.0,0.0,control,0,0,0
4,2022,1,0.0,43.65819769943929,-1.4064960236078579,0.0,0.0,0.0,0.0,control,0,0,0
4,2023,1,0.0,43.31261031915607,-1.4064960236078579,0.0,0.0,0.0,0.0,control,0,0,0
4,2024,1,0.0,45.08609723040449,-1.4064960236078579,0.0,0.0,0.0,0.0,control,0,0,0
5,2019,0,59.25728642449077,49.803441309077364,0.47649385582605086,0.0,5.925728642449077,0.0,0.0,medium,0,0,0
5,2020,0,59.25728642449077,50.82894016786935,0.47649385582605086,0.0,5.925728642449077,0.0,0.0,medium,0,0,0
5,2021,0,59.25728642449077,50.185696798110115,0.47649385582605086,0.0,5.925728642449077,0.0,0.0,medium,0,0,0
5,2022,1,59.25728642449077,55.96332435277408,0.47649385582605086,5.7123165579852735,5.925728642449077,5.925728642449077,35.114259943941384,medium,0,1,0
5,2023,1,59.25728642449077,55.4449267810915,0.47649385582605086,5.7123165579852735,5.925728642449077,5.925728642449077,35.114259943941384,medium,0,1,0
5,2024,1,59.25728642449077,58.65509130331377,0.47649385582605086,5.7123165579852735,5.925728642449077,5.925728642449077,35.114259943941384,medium,0,1,0
6,2019,0,51.01142208204059,48.507130640519435,-0.21247122177435918,0.0,5.101142208204059,0.0,0.0,medium,0,0,0
6,2020,0,51.01142208204059,51.049881964362676,-0.21247122177435918,0.0,5.101142208204059,0.0,0.0,medium,0,0,0
6,2021,0,51.01142208204059,49.56881099280121,-0.21247122177435918,0.0,5.101142208204059,0.0,0.0,medium,0,0,0
6,2022,1,51.01142208204059,54.92978535324007,-0.21247122177435918,5.370226665253701,5.101142208204059,5.101142208204059,26.02165182832098,medium,0,1,0
6,2023,1,51.01142208204059,53.30899948117383,-0.21247122177435918,5.370226665253701,5.101142208204059,5.101142208204059,26.02165182832098,medium,0,1,0
6,2024,1,51.01142208204059,56.34930537978961,-0.21247122177435918,5.370226665253701,5.101142208204059,5.101142208204059,26.02165182832098,medium,0,1,0
7,2019,0,86.72442005602626,51.11688144764991,0.7658065853204474,0.0,8.672442005602626,0.0,0.0,high,0,0,0
7,2020,0,86.72442005602626,52.46126152226006,0.7658065853204474,0.0,8.672442005602626,0.0,0.0,high,0,0,0
7,2021,0,86.72442005602626,49.7166140371937,0.7658065853204474,0.0,8.672442005602626,0.0,0.0,high,0,0,0
7,2022,1,86.72442005602626,58.92058554870234,0.7658065853204474,6.412530191442693,8.672442005602626,8.672442005602626,75.2112503405409,high,0,0,1
7,2023,1,86.72442005602626,58.12756320873198,0.7658065853204474,6.412530191442693,8.672442005602626,8.672442005602626,75.2112503405409,high,0,0,1
7,2024,1,86.72442005602626,59.21078501884029,0.7658065853204474,6.412530191442693,8.672442005602626,8.672442005602626,75.2112503405409,high,0,0,1
8,2019,0,0.0,47.67469537340102,-1.0328714356490099,0.0,0.0,0.0,0.0,control,0,0,0
8,2020,0,0.0,48.2416314958618,-1.0328714356490099,0.0,0.0,0.0,0.0,control,0,0,0
8,2021,0,0.0,46.463931807148995,-1.0328714356490099,0.0,0.0,0.0,0.0,control,0,0,0
8,2022,1,0.0,50.25041150578058,-1.0328714356490099,0.0,0.0,0.0,0.0,control,0,0,0
8,2023,1,0.0,48.36374268817838,-1.0328714356490099,0.0,0.0,0.0,0.0,control,0,0,0
8,2024,1,0.0,46.58113483802367,-1.0328714356490099,0.0,0.0,0.0,0.0,control,0,0,0
9,2019,0,51.859708771305414,47.62653614841675,-0.3321269178511578,0.0,5.185970877130542,0.0,0.0,medium,0,0,0
9,2020,0,51.859708771305414,48.3730237242768,-0.3321269178511578,0.0,5.185970877130542,0.0,0.0,medium,0,0,0
9,2021,0,51.859708771305414,45.74163439748885,-0.3321269178511578,0.0,5.185970877130542,0.0,0.0,medium,0,0,0
9,2022,1,51.859708771305414,55.18854062647466,-0.3321269178511578,5.409252257224754,5.185970877130542,5.185970877130542,26.894293938446122,medium,0,1,0
9,2023,1,51.859708771305414,51.89533487348507,-0.3321269178511578,5.409252257224754,5.185970877130542,5.185970877130542,26.894293938446122,medium,0,1,0
9,2024,1,51.859708771305414,52.83172644296744,-0.3321269178511578,5.409252257224754,5.185970877130542,5.185970877130542,26.894293938446122,medium,0,1,0
10,2019,0,0.0,43.59500580807858,-1.4784205576104978,0.0,0.0,0.0,0.0,control,0,0,0
10,2020,0,0.0,43.89713288061559,-1.4784205576104978,0.0,0.0,0.0,0.0,control,0,0,0
10,2021,0,0.0,43.42804499578955,-1.4784205576104978,0.0,0.0,0.0,0.0,control,0,0,0
10,2022,1,0.0,45.1510531299785,-1.4784205576104978,0.0,0.0,0.0,0.0,control,0,0,0
10,2023,1,0.0,42.77457062781712,-1.4784205576104978,0.0,0.0,0.0,0.0,control,0,0,0
10,2024,1,0.0,44.14387717368726,-1.4784205576104978,0.0,0.0,0.0,0.0,control,0,0,0
11,2019,0,93.03444057550985,47.76358359529576,0.05358624678108315,0.0,9.303444057550985,0.0,0.0,high,0,0,0
11,2020,0,93.03444057550985,49.8285596096731,0.05358624678108315,0.0,9.303444057550985,0.0,0.0,high,0,0,0
11,2021,0,93.03444057550985,46.64570128240883,0.05358624678108315,0.0,9.303444057550985,0.0,0.0,high,0,0,0
11,2022,1,93.03444057550985,56.42157214483388,0.05358624678108315,6.509444435246717,9.303444057550985,9.303444057550985,86.55407133198074,high,0,0,1
11,2023,1,93.03444057550985,56.189766014945896,0.05358624678108315,6.509444435246717,9.303444057550985,9.303444057550985,86.55407133198074,high,0,0,1
11,2024,1,93.03444057550985,55.71129570264526,0.05358624678108315,6.509444435246717,9.303444057550985,9.303444057550985,86.55407133198074,high,0,0,1
12,2019,0,72.72516991335183,50.249208794115496,0.3834011865248832,0.0,7.272516991335183,0.0,0.0,high,0,0,0
12,2020,0,72.72516991335183,50.176707968279786,0.3834011865248832,0.0,7.272516991335183,0.0,0.0,high,0,0,0
12,2021,0,72.72516991335183,51.40001595507632,0.3834011865248832,0.0,7.272516991335183,0.0,0.0,high,0,0,0
12,2022,1,72.72516991335183,57.80834802679225,0.3834011865248832,6.123616806744112,7.272516991335183,7.272516991335183,52.88950338925895,high,0,0,1
12,2023,1,72.72516991335183,59.06757864335826,0.3834011865248832,6.123616806744112,7.272516991335183,7.272516991335183,52.88950338925895,high,0,0,1
12,2024,1,72.72516991335183,58.666324666128844,0.3834011865248832,6.123616806744112,7.272516991335183,7.272516991335183,52.88950338925895,high,0,0,1
13,2019,0,100.0,59.852948863809104,2.115091021678188,0.0,10.0,0.0,0.0,high,0,0,0
13,2020,0,100.0,59.865216124811546,2.115091021678188,0.0,10.0,0.0,0.0,high,0,0,0
13,2021,0,100.0,58.677388193924266,2.115091021678188,0.0,10.0,0.0,0.0,high,0,0,0
13,2022,1,100.0,69.22692098301853,2.115091021678188,6.597971665126678,10.0,10.0,100.0,high,0,0,1
13,2023,1,100.0,65.99089682543537,2.115091021678188,6.597971665126678,10.0,10.0,100.0,high,0,0,1
13,2024,1,100.0,66.69497258979054,2.115091021678188,6.597971665126678,10.0,10.0,100.0,high,0,0,1
14,2019,0,52.096854409512275,49.96847221599051,0.36449440688805895,0.0,5.209685440951228,0.0,0.0,medium,0,0,0
14,2020,0,52.096854409512275,52.473477816440464,0.36449440688805895,0.0,5.209685440951228,0.0,0.0,medium,0,0,0
14,2021,0,52.096854409512275,50.86067081208612,0.36449440688805895,0.0,5.209685440951228,0.0,0.0,medium,0,0,0
14,2022,1,52.096854409512275,60.62817140497612,0.36449440688805895,5.419994079003774,5.209685440951228,5.209685440951228,27.14082239365919,medium,0,1,0
14,2023,1,52.096854409512275,56.207372570326925,0.36449440688805895,5.419994079003774,5.209685440951228,5.209685440951228,27.14082239365919,medium,0,1,0
14,2024,1,52.096854409512275,59.03081337600713,0.36449440688805895,5.419994079003774,5.209685440951228,5.209685440951228,27.14082239365919,medium,0,1,0
15,2019,0,78.7872966368855,57.832839633749444,1.3084280302573723,0.0,7.87872966368855,0.0,0.0,high,0,0,0
15,2020,0,78.7872966368855,56.75546981201801,1.3084280302573723,0.0,7.87872966368855,0.0,0.0,high,0,0,0
15,2021,0,78.7872966368855,53.392154178726365,1.3084280302573723,0.0,7.87872966368855,0.0,0.0,high,0,0,0
15,2022,1,78.7872966368855,63.0929550863397,1.3084280302573723,6.26299121663859,7.87872966368855,7.87872966368855,62.0743811134859,high,0,0,1
15,2023,1,78.7872966368855,62.59331841818464,1.3084280302573723,6.26299121663859,7.87872966368855,7.87872966368855,62.0743811134859,high,0,0,1
15,2024,1,78.7872966368855,65.97648194121659,1.3084280302573723,6.26299121663859,7.87872966368855,7.87872966368855,62.0743811134859,high,0,0,1
16,2019,0,65.9584477623683,49.2629983376855,0.2417339692843666,0.0,6.595844776236829,0.0,0.0,medium,0,0,0
16,2020,0,65.9584477623683,50.982990601866575,0.2417339692843666,0.0,6.595844776236829,0.0,0.0,medium,0,0,0
16,2021,0,65.9584477623683,49.876752478045724,0.2417339692843666,0.0,6.595844776236829,0.0,0.0,medium,0,0,0
16,2022,1,65.9584477623683,55.934001932235276,0.2417339692843666,5.936693842990733,6.595844776236829,6.595844776236829,43.505168312210664,medium,0,1,0
16,2023,1,65.9584477623683,55.41100955617319,0.2417339692843666,5.936693842990733,6.595844776236829,6.595844776236829,43.505168312210664,medium,0,1,0
16,2024,1,65.9584477623683,58.45424836711408,0.2417339692843666,5.936693842990733,6.595844776236829,6.595844776236829,43.505168312210664,medium,0,1,0
17,2019,0,53.18251800967039,50.04871543561367,-0.14536197452599375,0.0,5.3182518009670385,0.0,0.0,medium,0,0,0
17,2020,0,53.18251800967039,52.09533521437149,-0.14536197452599375,0.0,5.3182518009670385,0.0,0.0,medium,0,0,0
17,2021,0,53.18251800967039,48.00055972247828,-0.14536197452599375,0.0,5.3182518009670385,0.0,0.0,medium,0,0,0
17,2022,1,53.18251800967039,56.06139333270441,-0.14536197452599375,5.468251896504951,5.3182518009670385,5.3182518009670385,28.28380221848915,medium,0,1,0
17,2023,1,53.18251800967039,54.69783578653925,-0.14536197452599375,5.468251896504951,5.3182518009670385,5.3182518009670385,28.28380221848915,medium,0,1,0
17,2024,1,53.18251800967039,56.01829650946438,-0.14536197452599375,5.468251896504951,5.3182518009670385,5.3182518009670385,28.28380221848915,medium,0,1,0
18,2019,0,70.81596536571791,48.860049479702376,0.6161345477710228,0.0,7.081596536571792,0.0,0.0,high,0,0,0
18,2020,0,70.81596536571791,50.09978537788352,0.6161345477710228,0.0,7.081596536571792,0.0,0.0,high,0,0,0
18,2021,0,70.81596536571791,49.88568776185964,0.6161345477710228,0.0,7.081596536571792,0.0,0.0,high,0,0,0
18,2022,1,70.81596536571791,57.03107637951782,0.6161345477710228,6.0744833409791505,7.081596536571792,7.081596536571792,50.149009506785596,high,0,0,1
18,2023,1,70.81596536571791,52.47174672178791,0.6161345477710228,6.0744833409791505,7.081596536571792,7.081596536571792,50.149009506785596,high,0,0,1
18,2024,1,70.81596536571791,57.130747999940986,0.6161345477710228,6.0744833409791505,7.081596536571792,7.081596536571792,50.149009506785596,high,0,0,1
19,2019,0,66.83956126791243,51.02634276966576,0.5230690159135087,0.0,6.683956126791243,0.0,0.0,medium,0,0,0
19,2020,0,66.83956126791243,53.22284791948235,0.5230690159135087,0.0,6.683956126791243,0.0,0.0,medium,0,0,0
19,2021,0,66.83956126791243,51.14161811842023,0.5230690159135087,0.0,6.683956126791243,0.0,0.0,medium,0,0,0
19,2022,1,66.83956126791243,60.16719734785878,0.5230690159135087,5.963128093428005,6.683956126791243,6.683956126791243,44.67526950487019,medium,0,1,0
19,2023,1,66.83956126791243,58.28239043672929,0.5230690159135087,5.963128093428005,6.683956126791243,6.683956126791243,44.67526950487019,medium,0,1,0
19,2024,1,66.83956126791243,58.813668349573504,0.5230690159135087,5.963128093428005,6.683956126791243,6.683956126791243,44.67526950487019,medium,0,1,0
20,2019,0,20.053890107594196,44.06022049679451,-0.796578828188787,0.0,2.0053890107594197,0.0,0.0,low,0,0,0
20,2020,0,20.053890107594196,45.571551314805454,-0.796578828188787,0.0,2.0053890107594197,0.0,0.0,low,0,0,0
20,2021,0,20.053890107594196,44.19455364675993,-0.796578828188787,0.0,2.0053890107594197,0.0,0.0,low,0,0,0
20,2022,1,20.053890107594196,49.73738757986159,-0.796578828188787,3.0530550066419795,2.0053890107594197,2.0053890107594197,4.021585084474644,low,1,0,0
20,2023,1,20.053890107594196,49.410209763195844,-0.796578828188787,3.0530550066419795,2.0053890107594197,2.0053890107594197,4.021585084474644,low,1,0,0
20,2024,1,20.053890107594196,53.44380851490891,-0.796578828188787,3.0530550066419795,2.0053890107594197,2.0053890107594197,4.021585084474644,low,1,0,0
21,2019,0,0.0,42.31103157042711,-1.5086153344063025,0.0,0.0,0.0,0.0,control,0,0,0
21,2020,0,0.0,44.74168164135334,-1.5086153344063025,0.0,0.0,0.0,0.0,control,0,0,0
21,2021,0,0.0,41.356197269459884,-1.5086153344063025,0.0,0.0,0.0,0.0,control,0,0,0
21,2022,1,0.0,45.56042859917533,-1.5086153344063025,0.0,0.0,0.0,0.0,control,0,0,0
21,2023,1,0.0,42.62555251459504,-1.5086153344063025,0.0,0.0,0.0,0.0,control,0,0,0
21,2024,1,0.0,42.434355000945544,-1.5086153344063025,0.0,0.0,0.0,0.0,control,0,0,0
22,2019,0,0.0,40.1571645560619,-1.4375895793718287,0.0,0.0,0.0,0.0,control,0,0,0
22,2020,0,0.0,40.65517334038551,-1.4375895793718287,0.0,0.0,0.0,0.0,control,0,0,0
22,2021,0,0.0,37.789679783011096,-1.4375895793718287,0.0,0.0,0.0,0.0,control,0,0,0
22,2022,1,0.0,42.6440006682172,-1.4375895793718287,0.0,0.0,0.0,0.0,control,0,0,0
22,2023,1,0.0,39.5804523269717,-1.4375895793718287,0.0,0.0,0.0,0.0,control,0,0,0
22,2024,1,0.0,42.78454036804692,-1.4375895793718287,0.0,0.0,0.0,0.0,control,0,0,0
23,2019,0,38.341215992928845,46.12705718586118,-0.8065872762915924,0.0,3.8341215992928843,0.0,0.0,low,0,0,0
23,2020,0,38.341215992928845,47.28893543441842,-0.8065872762915924,0.0,3.8341215992928843,0.0,0.0,low,0,0,0
23,2021,0,38.341215992928845,43.62817779531756,-0.8065872762915924,0.0,3.8341215992928843,0.0,0.0,low,0,0,0
23,2022,1,38.341215992928845,51.075425963792824,-0.8065872762915924,4.659307478435817,3.8341215992928843,3.8341215992928843,14.700488438164225,low,1,0,0
23,2023,1,38.341215992928845,50.00813707742784,-0.8065872762915924,4.659307478435817,3.8341215992928843,3.8341215992928843,14.700488438164225,low,1,0,0
23,2024,1,38.341215992928845,51.657118669704765,-0.8065872762915924,4.659307478435817,3.8341215992928843,3.8341215992928843,14.700488438164225,low,1,0,0
24,2019,0,48.64186777332737,46.4366227806609,-0.5831266313355765,0.0,4.864186777332737,0.0,0.0,medium,0,0,0
24,2020,0,48.64186777332737,47.338156447870595,-0.5831266313355765,0.0,4.864186777332737,0.0,0.0,medium,0,0,0
24,2021,0,48.64186777332737,44.874070100636935,-0.5831266313355765,0.0,4.864186777332737,0.0,0.0,medium,0,0,0
24,2022,1,48.64186777332737,53.629314059360965,-0.5831266313355765,5.256067713144301,4.864186777332737,4.864186777332737,23.660313004778637,medium,0,1,0
24,2023,1,48.64186777332737,50.99037207785482,-0.5831266313355765,5.256067713144301,4.864186777332737,4.864186777332737,23.660313004778637,medium,0,1,0
24,2024,1,48.64186777332737,51.79362135136281,-0.5831266313355765,5.256067713144301,4.864186777332737,4.864186777332737,23.660313004778637,medium,0,1,0
25,2019,0,48.72731166029005,42.416982159293774,-0.7377409424822825,0.0,4.872731166029005,0.0,0.0,medium,0,0,0
25,2020,0,48.72731166029005,43.918876198719374,-0.7377409424822825,0.0,4.872731166029005,0.0,0.0,medium,0,0,0
25,2021,0,48.72731166029005,42.429447088436824,-0.7377409424822825,0.0,4.872731166029005,0.0,0.0,medium,0,0,0
25,2022,1,48.72731166029005,49.144881567966806,-0.7377409424822825,5.26031990221555,4.872731166029005,4.872731166029005,23.743509016390384,medium,0,1,0
25,2023,1,48.72731166029005,46.11777611641668,-0.7377409424822825,5.26031990221555,4.872731166029005,4.872731166029005,23.743509016390384,medium,0,1,0
25,2024,1,48.72731166029005,48.13742402291902,-0.7377409424822825,5.26031990221555,4.872731166029005,4.872731166029005,23.743509016390384,medium,0,1,0
26,2019,0,35.939536684176836,42.547255094490296,-0.6243049653583753,0.0,3.593953668417684,0.0,0.0,low,0,0,0
26,2020,0,35.939536684176836,44.93182528642042,-0.6243049653583753,0.0,3.593953668417684,0.0,0.0,low,0,0,0
26,2021,0,35.939536684176836,42.44239290294147,-0.6243049653583753,0.0,3.593953668417684,0.0,0.0,low,0,0,0
26,2022,1,35.939536684176836,51.9440501479401,-0.6243049653583753,4.493051581954616,3.593953668417684,3.593953668417684,12.916502970732926,low,1,0,0
26,2023,1,35.939536684176836,47.178995769119126,-0.6243049653583753,4.493051581954616,3.593953668417684,3.593953668417684,12.916502970732926,low,1,0,0
26,2024,1,35.939536684176836,48.43822634622986,-0.6243049653583753,4.493051581954616,3.593953668417684,3.593953668417684,12.916502970732926,low,1,0,0
27,2019,0,63.10324318450678,52.74497575148767,0.4211482409316247,0.0,6.310324318450678,0.0,0.0,medium,0,0,0
27,2020,0,63.10324318450678,54.41499328364729,0.4211482409316247,0.0,6.310324318450678,0.0,0.0,medium,0,0,0
27,2021,0,63.10324318450678,49.69156674844096,0.4211482409316247,0.0,6.310324318450678,0.0,0.0,medium,0,0,0
27,2022,1,63.10324318450678,59.301799356372904,0.4211482409316247,5.846315949985392,6.310324318450678,6.310324318450678,39.82019300403001,medium,0,1,0
27,2023,1,63.10324318450678,59.66873317626716,0.4211482409316247,5.846315949985392,6.310324318450678,6.310324318450678,39.82019300403001,medium,0,1,0
27,2024,1,63.10324318450678,57.72153092798226,0.4211482409316247,5.846315949985392,6.310324318450678,6.310324318450678,39.82019300403001,medium,0,1,0
28,2019,0,83.78907603034001,51.365637406510345,0.7395291440447658,0.0,8.378907603034001,0.0,0.0,high,0,0,0
28,2020,0,83.78907603034001,53.59204946004087,0.7395291440447658,0.0,8.378907603034001,0.0,0.0,high,0,0,0
28,2021,0,83.78907603034001,49.695680327133694,0.7395291440447658,0.0,8.378907603034001,0.0,0.0,high,0,0,0
28,2022,1,83.78907603034001,58.32612853967995,0.7395291440447658,6.361135854341559,8.378907603034001,8.378907603034001,70.206092620181,high,0,0,1
28,2023,1,83.78907603034001,61.26783866593335,0.7395291440447658,6.361135854341559,8.378907603034001,8.378907603034001,70.206092620181,high,0,0,1
28,2024,1,83.78907603034001,59.427234574908795,0.7395291440447658,6.361135854341559,8.378907603034001,8.378907603034001,70.206092620181,high,0,0,1
29,2019,0,0.0,39.61025933233685,-1.7141581207935905,0.0,0.0,0.0,0.0,control,0,0,0
29,2020,0,0.0,42.98632193777203,-1.7141581207935905,0.0,0.0,0.0,0.0,control,0,0,0
29,2021,0,0.0,39.966466525590754,-1.7141581207935905,0.0,0.0,0.0,0.0,control,0,0,0
29,2022,1,0.0,40.878207375237125,-1.7141581207935905,0.0,0.0,0.0,0.0,control,0,0,0
29,2023,1,0.0,41.100972280629975,-1.7141581207935905,0.0,0.0,0.0,0.0,control,0,0,0
29,2024,1,0.0,41.96017606085174,-1.7141581207935905,0.0,0.0,0.0,0.0,control,0,0,0
30,2019,0,67.35175871369894,49.46395833083711,-0.15812448023317244,0.0,6.735175871369894,0.0,0.0,medium,0,0,0
30,2020,0,67.35175871369894,49.680151780929535,-0.15812448023317244,0.0,6.735175871369894,0.0,0.0,medium,0,0,0
30,2021,0,67.35175871369894,49.10411357768686,-0.15812448023317244,0.0,6.735175871369894,0.0,0.0,medium,0,0,0
30,2022,1,67.35175871369894,55.190792132810074,-0.15812448023317244,5.9781914087796215,6.735175871369894,6.735175871369894,45.36259401828322,medium,0,1,0
30,2023,1,67.35175871369894,56.03932154836838,-0.15812448023317244,5.9781914087796215,6.735175871369894,6.735175871369894,45.36259401828322,medium,0,1,0
30,2024,1,67.35175871369894,56.84569735291494,-0.15812448023317244,5.9781914087796215,6.735175871369894,6.735175871369894,45.36259401828322,medium,0,1,0
31,2019,0,0.0,41.70133262392862,-1.5957818349109318,0.0,0.0,0.0,0.0,control,0,0,0
31,2020,0,0.0,41.92162450665611,-1.5957818349109318,0.0,0.0,0.0,0.0,control,0,0,0
31,2021,0,0.0,39.897541847567574,-1.5957818349109318,0.0,0.0,0.0,0.0,control,0,0,0
31,2022,1,0.0,42.131934978517485,-1.5957818349109318,0.0,0.0,0.0,0.0,control,0,0,0
31,2023,1,0.0,41.7095364522817,-1.5957818349109318,0.0,0.0,0.0,0.0,control,0,0,0
31,2024,1,0.0,43.17925717815633,-1.5957818349109318,0.0,0.0,0.0,0.0,control,0,0,0
32,2019,0,76.42755686428046,53.4402327129229,1.2667045793372502,0.0,7.642755686428046,0.0,0.0,high,0,0,0
32,2020,0,76.42755686428046,54.71251652079329,1.2667045793372502,0.0,7.642755686428046,0.0,0.0,high,0,0,0
32,2021,0,76.42755686428046,53.054729290893846,1.2667045793372502,0.0,7.642755686428046,0.0,0.0,high,0,0,0
32,2022,1,76.42755686428046,63.13417206433032,1.2667045793372502,6.211587881471722,7.642755686428046,7.642755686428046,58.41171448242824,high,0,0,1
32,2023,1,76.42755686428046,61.55664825956688,1.2667045793372502,6.211587881471722,7.642755686428046,7.642755686428046,58.41171448242824,high,0,0,1
32,2024,1,76.42755686428046,62.37730464658921,1.2667045793372502,6.211587881471722,7.642755686428046,7.642755686428046,58.41171448242824,high,0,0,1
33,2019,0,59.224580798940465,51.05448071695324,0.5157138344539983,0.0,5.922458079894047,0.0,0.0,medium,0,0,0
33,2020,0,59.224580798940465,52.16761207431167,0.5157138344539983,0.0,5.922458079894047,0.0,0.0,medium,0,0,0
33,2021,0,59.224580798940465,52.15927610346575,0.5157138344539983,0.0,5.922458079894047,0.0,0.0,medium,0,0,0
33,2022,1,59.224580798940465,60.04379514921668,0.5157138344539983,5.711112724400097,5.922458079894047,5.922458079894047,35.07550970810228,medium,0,1,0
33,2023,1,59.224580798940465,57.34001782213088,0.5157138344539983,5.711112724400097,5.922458079894047,5.922458079894047,35.07550970810228,medium,0,1,0
33,2024,1,59.224580798940465,59.658274360540105,0.5157138344539983,5.711112724400097,5.922458079894047,5.922458079894047,35.07550970810228,medium,0,1,0
34,2019,0,37.93607972029193,43.8958346188682,-0.6474786525586865,0.0,3.793607972029193,0.0,0.0,low,0,0,0
34,2020,0,37.93607972029193,41.995434860989235,-0.6474786525586865,0.0,3.793607972029193,0.0,0.0,low,0,0,0
34,2021,0,37.93607972029193,40.97507616420433,-0.6474786525586865,0.0,3.793607972029193,0.0,0.0,low,0,0,0
34,2022,1,37.93607972029193,49.99912155429867,-0.6474786525586865,4.632055789363094,3.793607972029193,3.793607972029193,14.391461445443445,low,1,0,0
34,2023,1,37.93607972029193,48.199036271060045,-0.6474786525586865,4.632055789363094,3.793607972029193,3.793607972029193,14.391461445443445,low,1,0,0
34,2024,1,37.93607972029193,49.49203178272129,-0.6474786525586865,4.632055789363094,3.793607972029193,3.793607972029193,14.391461445443445,low,1,0,0
35,2019,0,28.81459579798367,42.77556169402231,-0.7574884274490541,0.0,2.881459579798367,0.0,0.0,low,0,0,0
35,2020,0,28.81459579798367,45.805722398505715,-0.7574884274490541,0.0,2.881459579798367,0.0,0.0,low,0,0,0
35,2021,0,28.81459579798367,44.51149150739954,-0.7574884274490541,0.0,2.881459579798367,0.0,0.0,low,0,0,0
35,2022,1,28.81459579798367,51.17296909441637,-0.7574884274490541,3.9270562346163187,2.881459579798367,2.881459579798367,8.302809310011781,low,1,0,0
35,2023,1,28.81459579798367,51.78099929539888,-0.7574884274490541,3.9270562346163187,2.881459579798367,2.881459579798367,8.302809310011781,low,1,0,0
35,2024,1,28.81459579798367,50.10105682166721,-0.7574884274490541,3.9270562346163187,2.881459579798367,2.881459579798367,8.302809310011781,low,1,0,0
36,2019,0,70.05731674186929,53.8449941767457,1.092888236059415,0.0,7.005731674186928,0.0,0.0,high,0,0,0
36,2020,0,70.05731674186929,57.24611340449666,1.092888236059415,0.0,7.005731674186928,0.0,0.0,high,0,0,0
36,2021,0,70.05731674186929,52.29576416999942,1.092888236059415,0.0,7.005731674186928,0.0,0.0,high,0,0,0
36,2022,1,70.05731674186929,65.19439476476883,1.092888236059415,6.05420314323679,7.005731674186928,7.005731674186928,49.08027629070598,high,0,0,1
36,2023,1,70.05731674186929,59.85331367886763,1.092888236059415,6.05420314323679,7.005731674186928,7.005731674186928,49.08027629070598,high,0,0,1
36,2024,1,70.05731674186929,61.97006202205781,1.092888236059415,6.05420314323679,7.005731674186928,7.005731674186928,49.08027629070598,high,0,0,1
37,2019,0,0.0,41.321094454984475,-1.2041521958822532,0.0,0.0,0.0,0.0,control,0,0,0
37,2020,0,0.0,44.802732503666256,-1.2041521958822532,0.0,0.0,0.0,0.0,control,0,0,0
37,2021,0,0.0,42.15780200854831,-1.2041521958822532,0.0,0.0,0.0,0.0,control,0,0,0
37,2022,1,0.0,44.37944509107066,-1.2041521958822532,0.0,0.0,0.0,0.0,control,0,0,0
37,2023,1,0.0,40.87744169410389,-1.2041521958822532,0.0,0.0,0.0,0.0,control,0,0,0
37,2024,1,0.0,43.81395949996154,-1.2041521958822532,0.0,0.0,0.0,0.0,control,0,0,0
38,2019,0,71.83032122300249,53.22607123902778,0.9554895561052262,0.0,7.183032122300249,0.0,0.0,high,0,0,0
38,2020,0,71.83032122300249,53.802534686394594,0.9554895561052262,0.0,7.183032122300249,0.0,0.0,high,0,0,0
38,2021,0,71.83032122300249,51.226478820975665,0.9554895561052262,0.0,7.183032122300249,0.0,0.0,high,0,0,0
38,2022,1,71.83032122300249,61.1694107217821,0.9554895561052262,6.100921332727738,7.183032122300249,7.183032122300249,51.59595046999722,high,0,0,1
38,2023,1,71.83032122300249,60.26015514744562,0.9554895561052262,6.100921332727738,7.183032122300249,7.183032122300249,51.59595046999722,high,0,0,1
38,2024,1,71.83032122300249,61.919538659126744,0.9554895561052262,6.100921332727738,7.183032122300249,7.183032122300249,51.59595046999722,high,0,0,1
39,2019,0,36.002524726653164,47.56384860800418,-0.7043054034580432,0.0,3.6002524726653164,0.0,0.0,low,0,0,0
39,2020,0,36.002524726653164,46.50780868508092,-0.7043054034580432,0.0,3.6002524726653164,0.0,0.0,low,0,0,0
39,2021,0,36.002524726653164,43.53553166476618,-0.7043054034580432,0.0,3.6002524726653164,0.0,0.0,low,0,0,0
39,2022,1,36.002524726653164,50.66018035785758,-0.7043054034580432,4.4975591753437385,3.6002524726653164,3.6002524726653164,12.961817866932725,low,1,0,0
39,2023,1,36.002524726653164,50.62032497680633,-0.7043054034580432,4.4975591753437385,3.6002524726653164,3.6002524726653164,12.961817866932725,low,1,0,0
39,2024,1,36.002524726653164,52.29570141485199,-0.7043054034580432,4.4975591753437385,3.6002524726653164,3.6002524726653164,12.961817866932725,low,1,0,0
40,2019,0,0.0,39.6561682437924,-1.53558410675132,0.0,0.0,0.0,0.0,control,0,0,0
40,2020,0,0.0,39.08739380996793,-1.53558410675132,0.0,0.0,0.0,0.0,control,0,0,0
40,2021,0,0.0,38.699514118339565,-1.53558410675132,0.0,0.0,0.0,0.0,control,0,0,0
40,2022,1,0.0,40.60922802123932,-1.53558410675132,0.0,0.0,0.0,0.0,control,0,0,0
40,2023,1,0.0,37.86210603897324,-1.53558410675132,0.0,0.0,0.0,0.0,control,0,0,0
40,2024,1,0.0,39.68528081387145,-1.53558410675132,0.0,0.0,0.0,0.0,control,0,0,0
41,2019,0,50.528637563991566,46.594071643899625,-0.3595714495227076,0.0,5.052863756399157,0.0,0.0,medium,0,0,0
41,2020,0,50.528637563991566,46.76583515774359,-0.3595714495227076,0.0,5.052863756399157,0.0,0.0,medium,0,0,0
41,2021,0,50.528637563991566,45.85395046739137,-0.3595714495227076,0.0,5.052863756399157,0.0,0.0,medium,0,0,0
41,2022,1,50.528637563991566,53.39248070681677,-0.3595714495227076,5.34759006319059,5.052863756399157,5.052863756399157,25.5314321407322,medium,0,1,0
41,2023,1,50.528637563991566,53.743698143729034,-0.3595714495227076,5.34759006319059,5.052863756399157,5.052863756399157,25.5314321407322,medium,0,1,0
41,2024,1,50.528637563991566,55.80661446101799,-0.3595714495227076,5.34759006319059,5.052863756399157,5.052863756399157,25.5314321407322,medium,0,1,0
42,2019,0,0.0,38.69517458245409,-1.168728062669009,0.0,0.0,0.0,0.0,control,0,0,0
42,2020,0,0.0,39.489719549889074,-1.168728062669009,0.0,0.0,0.0,0.0,control,0,0,0
42,2021,0,0.0,35.82036110440544,-1.168728062669009,0.0,0.0,0.0,0.0,control,0,0,0
42,2022,1,0.0,39.094131583596706,-1.168728062669009,0.0,0.0,0.0,0.0,control,0,0,0
42,2023,1,0.0,38.32034447308398,-1.168728062669009,0.0,0.0,0.0,0.0,control,0,0,0
42,2024,1,0.0,40.5585139675119,-1.168728062669009,0.0,0.0,0.0,0.0,control,0,0,0
43,2019,0,83.92028778949697,52.75286668406164,0.6461724109177808,0.0,8.392028778949697,0.0,0.0,high,0,0,0
43,2020,0,83.92028778949697,54.186903854826966,0.6461724109177808,0.0,8.392028778949697,0.0,0.0,high,0,0,0
43,2021,0,83.92028778949697,49.07516615558852,0.6461724109177808,0.0,8.392028778949697,0.0,0.0,high,0,0,0
43,2022,1,83.92028778949697,58.857329236772344,0.6461724109177808,6.363526413076204,8.392028778949697,8.392028778949697,70.42614702671995,high,0,0,1
43,2023,1,83.92028778949697,56.86836257819509,0.6461724109177808,6.363526413076204,8.392028778949697,8.392028778949697,70.42614702671995,high,0,0,1
43,2024,1,83.92028778949697,59.52697307692268,0.6461724109177808,6.363526413076204,8.392028778949697,8.392028778949697,70.42614702671995,high,0,0,1
44,2019,0,78.65320252328495,52.41825547178797,0.8473963772744153,0.0,7.865320252328495,0.0,0.0,high,0,0,0
44,2020,0,78.65320252328495,57.220170172367105,0.8473963772744153,0.0,7.865320252328495,0.0,0.0,high,0,0,0
44,2021,0,78.65320252328495,53.30573667714418,0.8473963772744153,0.0,7.865320252328495,0.0,0.0,high,0,0,0
44,2022,1,78.65320252328495,63.00577486979608,0.8473963772744153,6.26016212805392,7.865320252328495,7.865320252328495,61.86326267168877,high,0,0,1
44,2023,1,78.65320252328495,60.95592112023951,0.8473963772744153,6.26016212805392,7.865320252328495,7.865320252328495,61.86326267168877,high,0,0,1
44,2024,1,78.65320252328495,61.49943807043408,0.8473963772744153,6.26016212805392,7.865320252328495,7.865320252328495,61.86326267168877,high,0,0,1
45,2019,0,60.575664576538806,53.644014959669526,0.693440627315811,0.0,6.057566457653881,0.0,0.0,medium,0,0,0
45,2020,0,60.575664576538806,53.76176358718379,0.693440627315811,0.0,6.057566457653881,0.0,0.0,medium,0,0,0
45,2021,0,60.575664576538806,52.69662114254777,0.693440627315811,0.0,6.057566457653881,0.0,0.0,medium,0,0,0
45,2022,1,60.575664576538806,58.509215483313106,0.693440627315811,5.759918782519839,6.057566457653881,6.057566457653881,36.69411138889338,medium,0,1,0
45,2023,1,60.575664576538806,57.838466585752066,0.693440627315811,5.759918782519839,6.057566457653881,6.057566457653881,36.69411138889338,medium,0,1,0
45,2024,1,60.575664576538806,58.37197211120019,0.693440627315811,5.759918782519839,6.057566457653881,6.057566457653881,36.69411138889338,medium,0,1,0
46,2019,0,75.59622669641585,52.09537086456664,0.6001073982799487,0.0,7.559622669641586,0.0,0.0,high,0,0,0
46,2020,0,75.59622669641585,52.876925612004,0.6001073982799487,0.0,7.559622669641586,0.0,0.0,high,0,0,0
46,2021,0,75.59622669641585,50.76725969407241,0.6001073982799487,0.0,7.559622669641586,0.0,0.0,high,0,0,0
46,2022,1,75.59622669641585,58.79966981432572,0.6001073982799487,6.192637116703517,7.559622669641586,7.559622669641586,57.147894907358975,high,0,0,1
46,2023,1,75.59622669641585,57.686888537235326,0.6001073982799487,6.192637116703517,7.559622669641586,7.559622669641586,57.147894907358975,high,0,0,1
46,2024,1,75.59622669641585,60.333026015048624,0.6001073982799487,6.192637116703517,7.559622669641586,7.559622669641586,57.147894907358975,high,0,0,1
47,2019,0,55.450077055621925,47.37133888274524,-0.005833489134815108,0.0,5.545007705562193,0.0,0.0,medium,0,0,0
47,2020,0,55.450077055621925,50.61267959295818,-0.005833489134815108,0.0,5.545007705562193,0.0,0.0,medium,0,0,0
47,2021,0,55.450077055621925,45.54352575817182,-0.005833489134815108,0.0,5.545007705562193,0.0,0.0,medium,0,0,0
47,2022,1,55.450077055621925,55.14513920994792,-0.005833489134815108,5.564343503880793,5.545007705562193,5.545007705562193,30.747110454744092,medium,0,1,0
47,2023,1,55.450077055621925,55.837571580330454,-0.005833489134815108,5.564343503880793,5.545007705562193,5.545007705562193,30.747110454744092,medium,0,1,0
47,2024,1,55.450077055621925,55.09790739413892,-0.005833489134815108,5.564343503880793,5.545007705562193,5.545007705562193,30.747110454744092,medium,0,1,0
48,2019,0,61.7058591877002,49.69430528743023,0.4872611018047134,0.0,6.17058591877002,0.0,0.0,medium,0,0,0
48,2020,0,61.7058591877002,50.15726237679654,0.4872611018047134,0.0,6.17058591877002,0.0,0.0,medium,0,0,0
48,2021,0,61.7058591877002,48.62944624017372,0.4872611018047134,0.0,6.17058591877002,0.0,0.0,medium,0,0,0
48,2022,1,61.7058591877002,57.102959478368476,0.4872611018047134,5.799322956227074,6.17058591877002,6.17058591877002,38.07613058092285,medium,0,1,0
48,2023,1,61.7058591877002,55.91858915655892,0.4872611018047134,5.799322956227074,6.17058591877002,6.17058591877002,38.07613058092285,medium,0,1,0
48,2024,1,61.7058591877002,55.038054925976866,0.4872611018047134,5.799322956227074,6.17058591877002,6.17058591877002,38.07613058092285,medium,0,1,0
49,2019,0,52.85385929148674,47.45514269071887,0.13868270747923486,0.0,5.285385929148674,0.0,0.0,medium,0,0,0
49,2020,0,52.85385929148674,48.132041644741214,0.13868270747923486,0.0,5.285385929148674,0.0,0.0,medium,0,0,0
49,2021,0,52.85385929148674,46.30558342558292,0.13868270747923486,0.0,5.285385929148674,0.0,0.0,medium,0,0,0
49,2022,1,52.85385929148674,54.95075950251198,0.13868270747923486,5.453800656083405,5.285385929148674,5.285385929148674,27.935304420042794,medium,0,1,0
49,2023,1,52.85385929148674,53.98956937962795,0.13868270747923486,5.453800656083405,5.285385929148674,5.285385929148674,27.935304420042794,medium,0,1,0
49,2024,1,52.85385929148674,55.50826511683715,0.13868270747923486,5.453800656083405,5.285385929148674,5.285385929148674,27.935304420042794,medium,0,1,0
50,2019,0,0.0,34.855414075971694,-2.3473007874506853,0.0,0.0,0.0,0.0,control,0,0,0
50,2020,0,0.0,36.519010049462345,-2.3473007874506853,0.0,0.0,0.0,0.0,control,0,0,0
50,2021,0,0.0,33.690475443931966,-2.3473007874506853,0.0,0.0,0.0,0.0,control,0,0,0
50,2022,1,0.0,36.5902878344003,-2.3473007874506853,0.0,0.0,0.0,0.0,control,0,0,0
50,2023,1,0.0,36.12851240623868,-2.3473007874506853,0.0,0.0,0.0,0.0,control,0,0,0
50,2024,1,0.0,38.20281916573563,-2.3473007874506853,0.0,0.0,0.0,0.0,control,0,0,0
51,2019,0,0.0,43.54363465565215,-1.0240782008102323,0.0,0.0,0.0,0.0,control,0,0,0
51,2020,0,0.0,44.79090393396372,-1.0240782008102323,0.0,0.0,0.0,0.0,control,0,0,0
51,2021,0,0.0,41.0559171542223,-1.0240782008102323,0.0,0.0,0.0,0.0,control,0,0,0
51,2022,1,0.0,43.325108072336555,-1.0240782008102323,0.0,0.0,0.0,0.0,control,0,0,0
51,2023,1,0.0,45.552540021294284,-1.0240782008102323,0.0,0.0,0.0,0.0,control,0,0,0
51,2024,1,0.0,44.63971792077352,-1.0240782008102323,0.0,0.0,0.0,0.0,control,0,0,0
52,2019,0,40.05855876330453,51.76507567495512,0.62482390986486,0.0,4.005855876330453,0.0,0.0,medium,0,0,0
52,2020,0,40.05855876330453,52.45029265463818,0.62482390986486,0.0,4.005855876330453,0.0,0.0,medium,0,0,0
52,2021,0,40.05855876330453,52.10267518507512,0.62482390986486,0.0,4.005855876330453,0.0,0.0,medium,0,0,0
52,2022,1,40.05855876330453,60.518425117449084,0.62482390986486,4.771385930704914,4.005855876330453,4.005855876330453,16.046881301931222,medium,0,1,0
52,2023,1,40.05855876330453,56.82227454646056,0.62482390986486,4.771385930704914,4.005855876330453,4.005855876330453,16.046881301931222,medium,0,1,0
52,2024,1,40.05855876330453,58.14025006301452,0.62482390986486,4.771385930704914,4.005855876330453,4.005855876330453,16.046881301931222,medium,0,1,0
53,2019,0,0.0,36.97021485588078,-2.0130845006553533,0.0,0.0,0.0,0.0,control,0,0,0
53,2020,0,0.0,39.61773883516079,-2.0130845006553533,0.0,0.0,0.0,0.0,control,0,0,0
53,2021,0,0.0,37.42770094510636,-2.0130845006553533,0.0,0.0,0.0,0.0,control,0,0,0
53,2022,1,0.0,38.998691716864435,-2.0130845006553533,0.0,0.0,0.0,0.0,control,0,0,0
53,2023,1,0.0,39.405070658990354,-2.0130845006553533,0.0,0.0,0.0,0.0,control,0,0,0
53,2024,1,0.0,39.46413468094262,-2.0130845006553533,0.0,0.0,0.0,0.0,control,0,0,0
54,2019,0,59.18840117637895,50.71556290796606,0.4636193518736129,0.0,5.918840117637895,0.0,0.0,medium,0,0,0
54,2020,0,59.18840117637895,51.946230841003725,0.4636193518736129,0.0,5.918840117637895,0.0,0.0,medium,0,0,0
54,2021,0,59.18840117637895,48.901184888744794,0.4636193518736129,0.0,5.918840117637895,0.0,0.0,medium,0,0,0
54,2022,1,59.18840117637895,57.72972278687187,0.4636193518736129,5.70977970825691,5.918840117637895,5.918840117637895,35.03266833815977,medium,0,1,0
54,2023,1,59.18840117637895,57.2966558949955,0.4636193518736129,5.70977970825691,5.918840117637895,5.918840117637895,35.03266833815977,medium,0,1,0
54,2024,1,59.18840117637895,56.954725108742956,0.4636193518736129,5.70977970825691,5.918840117637895,5.918840117637895,35.03266833815977,medium,0,1,0
55,2019,0,0.0,38.2736351381117,-1.7540094486114322,0.0,0.0,0.0,0.0,control,0,0,0
55,2020,0,0.0,39.74136010377003,-1.7540094486114322,0.0,0.0,0.0,0.0,control,0,0,0
55,2021,0,0.0,37.51973890894837,-1.7540094486114322,0.0,0.0,0.0,0.0,control,0,0,0
55,2022,1,0.0,40.54267993894345,-1.7540094486114322,0.0,0.0,0.0,0.0,control,0,0,0
55,2023,1,0.0,39.16855158644144,-1.7540094486114322,0.0,0.0,0.0,0.0,control,0,0,0
55,2024,1,0.0,38.846058584030374,-1.7540094486114322,0.0,0.0,0.0,0.0,control,0,0,0
56,2019,0,56.82243679068435,44.43892507318055,-0.3142868617158384,0.0,5.682243679068435,0.0,0.0,medium,0,0,0
56,2020,0,56.82243679068435,46.6110166559279,-0.3142868617158384,0.0,5.682243679068435,0.0,0.0,medium,0,0,0
56,2021,0,56.82243679068435,44.48950646862642,-0.3142868617158384,0.0,5.682243679068435,0.0,0.0,medium,0,0,0
56,2022,1,56.82243679068435,53.12224663634619,-0.3142868617158384,5.619546656456429,5.682243679068435,5.682243679068435,32.28789322831318,medium,0,1,0
56,2023,1,56.82243679068435,51.593788603861654,-0.3142868617158384,5.619546656456429,5.682243679068435,5.682243679068435,32.28789322831318,medium,0,1,0
56,2024,1,56.82243679068435,52.54764770689325,-0.3142868617158384,5.619546656456429,5.682243679068435,5.682243679068435,32.28789322831318,medium,0,1,0
57,2019,0,63.19765398700954,52.32082200887962,1.0534132027558993,0.0,6.319765398700953,0.0,0.0,medium,0,0,0
57,2020,0,63.19765398700954,53.09537195656558,1.0534132027558993,0.0,6.319765398700953,0.0,0.0,medium,0,0,0
57,2021,0,63.19765398700954,51.464557718164635,1.0534132027558993,0.0,6.319765398700953,0.0,0.0,medium,0,0,0
57,2022,1,63.19765398700954,59.414519000112776,1.0534132027558993,5.849423763284464,6.319765398700953,6.319765398700953,39.93943469461782,medium,0,1,0
57,2023,1,63.19765398700954,58.94133247979404,1.0534132027558993,5.849423763284464,6.319765398700953,6.319765398700953,39.93943469461782,medium,0,1,0
57,2024,1,63.19765398700954,61.30383699340357,1.0534132027558993,5.849423763284464,6.319765398700953,6.319765398700953,39.93943469461782,medium,0,1,0
58,2019,0,40.978464340463844,45.62338544734332,-0.3569516490775443,0.0,4.097846434046384,0.0,0.0,medium,0,0,0
58,2020,0,40.978464340463844,49.02743998536859,-0.3569516490775443,0.0,4.097846434046384,0.0,0.0,medium,0,0,0
58,2021,0,40.978464340463844,44.90994170433826,-0.3569516490775443,0.0,4.097846434046384,0.0,0.0,medium,0,0,0
58,2022,1,40.978464340463844,51.506436823369214,-0.3569516490775443,4.829197570921622,4.097846434046384,4.097846434046384,16.79234539702667,medium,0,1,0
58,2023,1,40.978464340463844,51.80507637609828,-0.3569516490775443,4.829197570921622,4.097846434046384,4.097846434046384,16.79234539702667,medium,0,1,0
58,2024,1,40.978464340463844,53.14209438418366,-0.3569516490775443,4.829197570921622,4.097846434046384,4.097846434046384,16.79234539702667,medium,0,1,0
59,2019,0,55.00692937834551,49.84195104030561,0.28751286424480194,0.0,5.500692937834551,0.0,0.0,medium,0,0,0
59,2020,0,55.00692937834551,50.739857651147126,0.28751286424480194,0.0,5.500692937834551,0.0,0.0,medium,0,0,0
59,2021,0,55.00692937834551,48.1711665284949,0.28751286424480194,0.0,5.500692937834551,0.0,0.0,medium,0,0,0
59,2022,1,55.00692937834551,59.1410746453826,0.28751286424480194,5.546050574653692,5.500692937834551,5.500692937834551,30.257622796342908,medium,0,1,0
59,2023,1,55.00692937834551,55.00523338043028,0.28751286424480194,5.546050574653692,5.500692937834551,5.500692937834551,30.257622796342908,medium,0,1,0
59,2024,1,55.00692937834551,57.00677594484772,0.28751286424480194,5.546050574653692,5.500692937834551,5.500692937834551,30.257622796342908,medium,0,1,0
60,2019,0,25.125857993733877,46.94537043200865,-0.21008733756409084,0.0,2.5125857993733876,0.0,0.0,low,0,0,0
60,2020,0,25.125857993733877,47.43153164571355,-0.21008733756409084,0.0,2.5125857993733876,0.0,0.0,low,0,0,0
60,2021,0,25.125857993733877,45.38105332857293,-0.21008733756409084,0.0,2.5125857993733876,0.0,0.0,low,0,0,0
60,2022,1,25.125857993733877,50.105112854920115,-0.21008733756409084,3.5855088002734723,2.5125857993733876,2.5125857993733876,6.3130873992128045,low,1,0,0
60,2023,1,25.125857993733877,49.76725036227852,-0.21008733756409084,3.5855088002734723,2.5125857993733876,2.5125857993733876,6.3130873992128045,low,1,0,0
60,2024,1,25.125857993733877,51.35403056080879,-0.21008733756409084,3.5855088002734723,2.5125857993733876,2.5125857993733876,6.3130873992128045,low,1,0,0
61,2019,0,71.67196996761074,58.72394403915514,1.5329687930495586,0.0,7.167196996761073,0.0,0.0,high,0,0,0
61,2020,0,71.67196996761074,56.28272105746686,1.5329687930495586,0.0,7.167196996761073,0.0,0.0,high,0,0,0
61,2021,0,71.67196996761074,53.70728301864935,1.5329687930495586,0.0,7.167196996761073,0.0,0.0,high,0,0,0
61,2022,1,71.67196996761074,63.80387322487788,1.5329687930495586,6.096844395976855,7.167196996761073,7.167196996761073,51.36871279038095,high,0,0,1
61,2023,1,71.67196996761074,60.94340972550135,1.5329687930495586,6.096844395976855,7.167196996761073,7.167196996761073,51.36871279038095,high,0,0,1
61,2024,1,71.67196996761074,65.51965274273512,1.5329687930495586,6.096844395976855,7.167196996761073,7.167196996761073,51.36871279038095,high,0,0,1
62,2019,0,65.73056439385552,52.184903094783515,1.0936931955084968,0.0,6.573056439385551,0.0,0.0,medium,0,0,0
62,2020,0,65.73056439385552,53.78279355908901,1.0936931955084968,0.0,6.573056439385551,0.0,0.0,medium,0,0,0
62,2021,0,65.73056439385552,52.403626929610205,1.0936931955084968,0.0,6.573056439385551,0.0,0.0,medium,0,0,0
62,2022,1,65.73056439385552,60.74452753368909,1.0936931955084968,5.929748119062157,6.573056439385551,6.573056439385551,43.205070955347864,medium,0,1,0
62,2023,1,65.73056439385552,58.381946719888255,1.0936931955084968,5.929748119062157,6.573056439385551,6.573056439385551,43.205070955347864,medium,0,1,0
62,2024,1,65.73056439385552,57.566357043593115,1.0936931955084968,5.929748119062157,6.573056439385551,6.573056439385551,43.205070955347864,medium,0,1,0
63,2019,0,97.81511766462302,59.17566239115664,1.9861420569139607,0.0,9.781511766462302,0.0,0.0,high,0,0,0
63,2020,0,97.81511766462302,59.29406633070455,1.9861420569139607,0.0,9.781511766462302,0.0,0.0,high,0,0,0
63,2021,0,97.81511766462302,57.28591451044079,1.9861420569139607,0.0,9.781511766462302,0.0,0.0,high,0,0,0
63,2022,1,97.81511766462302,68.16064116354485,1.9861420569139607,6.572075071080449,9.781511766462302,9.781511766462302,95.67797243744046,high,0,0,1
63,2023,1,97.81511766462302,66.28664976745901,1.9861420569139607,6.572075071080449,9.781511766462302,9.781511766462302,95.67797243744046,high,0,0,1
63,2024,1,97.81511766462302,68.32073871346016,1.9861420569139607,6.572075071080449,9.781511766462302,9.781511766462302,95.67797243744046,high,0,0,1
64,2019,0,0.0,43.98061262638846,-1.102131878580222,0.0,0.0,0.0,0.0,control,0,0,0
64,2020,0,0.0,43.742661306387056,-1.102131878580222,0.0,0.0,0.0,0.0,control,0,0,0
64,2021,0,0.0,44.20978598334033,-1.102131878580222,0.0,0.0,0.0,0.0,control,0,0,0
64,2022,1,0.0,45.47358128149462,-1.102131878580222,0.0,0.0,0.0,0.0,control,0,0,0
64,2023,1,0.0,44.8276650227404,-1.102131878580222,0.0,0.0,0.0,0.0,control,0,0,0
64,2024,1,0.0,46.723935948975964,-1.102131878580222,0.0,0.0,0.0,0.0,control,0,0,0
65,2019,0,70.82026568898131,50.59811603555021,0.3468834230557626,0.0,7.082026568898131,0.0,0.0,high,0,0,0
65,2020,0,70.82026568898131,50.99391952893756,0.3468834230557626,0.0,7.082026568898131,0.0,0.0,high,0,0,0
65,2021,0,70.82026568898131,50.50332719282269,0.3468834230557626,0.0,7.082026568898131,0.0,0.0,high,0,0,0
65,2022,1,70.82026568898131,57.214091593300985,0.3468834230557626,6.074597048874124,7.082026568898131,7.082026568898131,50.15510032257904,high,0,0,1
65,2023,1,70.82026568898131,57.4757484376959,0.3468834230557626,6.074597048874124,7.082026568898131,7.082026568898131,50.15510032257904,high,0,0,1
65,2024,1,70.82026568898131,57.928955346801025,0.3468834230557626,6.074597048874124,7.082026568898131,7.082026568898131,50.15510032257904,high,0,0,1
66,2019,0,48.03820160357342,42.99797312207059,-0.6821213938293091,0.0,4.803820160357342,0.0,0.0,medium,0,0,0
66,2020,0,48.03820160357342,44.32926667147038,-0.6821213938293091,0.0,4.803820160357342,0.0,0.0,medium,0,0,0
66,2021,0,48.03820160357342,43.03867545749084,-0.6821213938293091,0.0,4.803820160357342,0.0,0.0,medium,0,0,0
66,2022,1,48.03820160357342,50.76842787667034,-0.6821213938293091,5.225728168045938,4.803820160357342,4.803820160357342,23.076688133055637,medium,0,1,0
66,2023,1,48.03820160357342,48.467553212690824,-0.6821213938293091,5.225728168045938,4.803820160357342,4.803820160357342,23.076688133055637,medium,0,1,0
66,2024,1,48.03820160357342,48.426980288188965,-0.6821213938293091,5.225728168045938,4.803820160357342,4.803820160357342,23.076688133055637,medium,0,1,0
67,2019,0,65.67056438529774,52.53307828156851,0.3238218398670631,0.0,6.567056438529773,0.0,0.0,medium,0,0,0
67,2020,0,65.67056438529774,50.56517787026545,0.3238218398670631,0.0,6.567056438529773,0.0,0.0,medium,0,0,0
67,2021,0,65.67056438529774,51.54648970218883,0.3238218398670631,0.0,6.567056438529773,0.0,0.0,medium,0,0,0
67,2022,1,65.67056438529774,59.00201469067973,0.3238218398670631,5.927911827775812,6.567056438529773,6.567056438529773,43.12623026683535,medium,0,1,0
67,2023,1,65.67056438529774,56.251455136044164,0.3238218398670631,5.927911827775812,6.567056438529773,6.567056438529773,43.12623026683535,medium,0,1,0
67,2024,1,65.67056438529774,57.30122721311588,0.3238218398670631,5.927911827775812,6.567056438529773,6.567056438529773,43.12623026683535,medium,0,1,0
68,2019,0,73.04041503753996,51.56419065669764,1.238614219050157,0.0,7.304041503753996,0.0,0.0,high,0,0,0
68,2020,0,73.04041503753996,55.30181094278638,1.238614219050157,0.0,7.304041503753996,0.0,0.0,high,0,0,0
68,2021,0,73.04041503753996,52.77966949115252,1.238614219050157,0.0,7.304041503753996,0.0,0.0,high,0,0,0
68,2022,1,73.04041503753996,60.59870144567155,1.238614219050157,6.1314749509838675,7.304041503753996,7.304041503753996,53.34902228856093,high,0,0,1
68,2023,1,73.04041503753996,60.89582369300727,1.238614219050157,6.1314749509838675,7.304041503753996,7.304041503753996,53.34902228856093,high,0,0,1
68,2024,1,73.04041503753996,58.4634413736705,1.238614219050157,6.1314749509838675,7.304041503753996,7.304041503753996,53.34902228856093,high,0,0,1
69,2019,0,65.580268143304,50.172866442689084,0.7247119093368222,0.0,6.5580268143303995,0.0,0.0,medium,0,0,0
69,2020,0,65.580268143304,51.73454932725297,0.7247119093368222,0.0,6.5580268143303995,0.0,0.0,medium,0,0,0
69,2021,0,65.580268143304,50.006323328876775,0.7247119093368222,0.0,6.5580268143303995,0.0,0.0,medium,0,0,0
69,2022,1,65.580268143304,58.9708896138338,0.7247119093368222,5.925142384506247,6.5580268143303995,6.5580268143303995,43.00771569747653,medium,0,1,0
69,2023,1,65.580268143304,58.821553869963196,0.7247119093368222,5.925142384506247,6.5580268143303995,6.5580268143303995,43.00771569747653,medium,0,1,0
69,2024,1,65.580268143304,58.30516055953313,0.7247119093368222,5.925142384506247,6.5580268143303995,6.5580268143303995,43.00771569747653,medium,0,1,0
70,2019,0,40.35383756399984,46.22755506508552,-0.14846860876422388,0.0,4.035383756399984,0.0,0.0,medium,0,0,0
70,2020,0,40.35383756399984,47.31601609288205,-0.14846860876422388,0.0,4.035383756399984,0.0,0.0,medium,0,0,0
70,2021,0,40.35383756399984,43.81872693905349,-0.14846860876422388,0.0,4.035383756399984,0.0,0.0,medium,0,0,0
70,2022,1,40.35383756399984,52.380636977219474,-0.14846860876422388,4.790108627708248,4.035383756399984,4.035383756399984,16.284322061416844,medium,0,1,0
70,2023,1,40.35383756399984,50.279928960080156,-0.14846860876422388,4.790108627708248,4.035383756399984,4.035383756399984,16.284322061416844,medium,0,1,0
70,2024,1,40.35383756399984,50.451372044735464,-0.14846860876422388,4.790108627708248,4.035383756399984,4.035383756399984,16.284322061416844,medium,0,1,0
71,2019,0,40.925995244400305,47.85445285675816,-0.30966800998170774,0.0,4.092599524440031,0.0,0.0,medium,0,0,0
71,2020,0,40.925995244400305,47.26996524966003,-0.30966800998170774,0.0,4.092599524440031,0.0,0.0,medium,0,0,0
71,2021,0,40.925995244400305,46.742021816226725,-0.30966800998170774,0.0,4.092599524440031,0.0,0.0,medium,0,0,0
71,2022,1,40.925995244400305,53.284266698298204,-0.30966800998170774,4.8259408435327575,4.092599524440031,4.092599524440031,16.749370867446768,medium,0,1,0
71,2023,1,40.925995244400305,51.70891032361189,-0.30966800998170774,4.8259408435327575,4.092599524440031,4.092599524440031,16.749370867446768,medium,0,1,0
71,2024,1,40.925995244400305,52.501400056200616,-0.30966800998170774,4.8259408435327575,4.092599524440031,4.092599524440031,16.749370867446768,medium,0,1,0
72,2019,0,72.57622827754986,54.80812207298453,1.6943096982673695,0.0,7.257622827754986,0.0,0.0,high,0,0,0
72,2020,0,72.57622827754986,56.942556270344014,1.6943096982673695,0.0,7.257622827754986,0.0,0.0,high,0,0,0
72,2021,0,72.57622827754986,54.535134903010565,1.6943096982673695,0.0,7.257622827754986,0.0,0.0,high,0,0,0
72,2022,1,72.57622827754986,64.09371275067721,1.6943096982673695,6.119879433193912,7.257622827754986,7.257622827754986,52.673089109950276,high,0,0,1
72,2023,1,72.57622827754986,61.23598099429903,1.6943096982673695,6.119879433193912,7.257622827754986,7.257622827754986,52.673089109950276,high,0,0,1
72,2024,1,72.57622827754986,63.13175047875716,1.6943096982673695,6.119879433193912,7.257622827754986,7.257622827754986,52.673089109950276,high,0,0,1
73,2019,0,85.84182163468591,57.34877530634822,1.4618187921661636,0.0,8.584182163468592,0.0,0.0,high,0,0,0
73,2020,0,85.84182163468591,55.262557125172656,1.4618187921661636,0.0,8.584182163468592,0.0,0.0,high,0,0,0
73,2021,0,85.84182163468591,57.442944849012726,1.4618187921661636,0.0,8.584182163468592,0.0,0.0,high,0,0,0
73,2022,1,85.84182163468591,64.0374029429881,1.4618187921661636,6.397527541214475,8.584182163468592,8.584182163468592,73.68818341561231,high,0,0,1
73,2023,1,85.84182163468591,63.44679481744,1.4618187921661636,6.397527541214475,8.584182163468592,8.584182163468592,73.68818341561231,high,0,0,1
73,2024,1,85.84182163468591,61.237020892976666,1.4618187921661636,6.397527541214475,8.584182163468592,8.584182163468592,73.68818341561231,high,0,0,1
74,2019,0,68.06573074109926,52.897582339354535,0.9509607827009773,0.0,6.8065730741099255,0.0,0.0,medium,0,0,0
74,2020,0,68.06573074109926,54.002311599716165,0.9509607827009773,0.0,6.8065730741099255,0.0,0.0,medium,0,0,0
74,2021,0,68.06573074109926,50.067762530166306,0.9509607827009773,0.0,6.8065730741099255,0.0,0.0,medium,0,0,0
74,2022,1,68.06573074109926,59.926480537792195,0.9509607827009773,5.99882432441075,6.8065730741099255,6.8065730741099255,46.329437013198245,medium,0,1,0
74,2023,1,68.06573074109926,57.798865749786714,0.9509607827009773,5.99882432441075,6.8065730741099255,6.8065730741099255,46.329437013198245,medium,0,1,0
74,2024,1,68.06573074109926,61.19944904627241,0.9509607827009773,5.99882432441075,6.8065730741099255,6.8065730741099255,46.329437013198245,medium,0,1,0
75,2019,0,50.4178776769875,48.22675244255188,-0.1744130087973247,0.0,5.04178776769875,0.0,0.0,medium,0,0,0
75,2020,0,50.4178776769875,48.245752198100355,-0.1744130087973247,0.0,5.04178776769875,0.0,0.0,medium,0,0,0
75,2021,0,50.4178776769875,48.26892900609336,-0.1744130087973247,0.0,5.04178776769875,0.0,0.0,medium,0,0,0
75,2022,1,50.4178776769875,55.35189649941927,-0.1744130087973247,5.342352616493235,5.04178776769875,5.04178776769875,25.419623894516747,medium,0,1,0
75,2023,1,50.4178776769875,53.714708617824634,-0.1744130087973247,5.342352616493235,5.04178776769875,5.04178776769875,25.419623894516747,medium,0,1,0
75,2024,1,50.4178776769875,53.38635453039702,-0.1744130087973247,5.342352616493235,5.04178776769875,5.04178776769875,25.419623894516747,medium,0,1,0
76,2019,0,61.942195969774595,48.74508354240529,0.4136878616263871,0.0,6.19421959697746,0.0,0.0,medium,0,0,0
76,2020,0,61.942195969774595,50.86279834547735,0.4136878616263871,0.0,6.19421959697746,0.0,0.0,medium,0,0,0
76,2021,0,61.942195969774595,48.07714897315956,0.4136878616263871,0.0,6.19421959697746,0.0,0.0,medium,0,0,0
76,2022,1,61.942195969774595,57.48074744715581,0.4136878616263871,5.80740319182195,6.19421959697746,6.19421959697746,38.368356415579605,medium,0,1,0
76,2023,1,61.942195969774595,55.16926684611602,0.4136878616263871,5.80740319182195,6.19421959697746,6.19421959697746,38.368356415579605,medium,0,1,0
76,2024,1,61.942195969774595,53.81893069511573,0.4136878616263871,5.80740319182195,6.19421959697746,6.19421959697746,38.368356415579605,medium,0,1,0
77,2019,0,65.69146121190056,46.735854286124045,0.4111286318139801,0.0,6.569146121190056,0.0,0.0,medium,0,0,0
77,2020,0,65.69146121190056,46.211437128586326,0.4111286318139801,0.0,6.569146121190056,0.0,0.0,medium,0,0,0
77,2021,0,65.69146121190056,45.399097714305405,0.4111286318139801,0.0,6.569146121190056,0.0,0.0,medium,0,0,0
77,2022,1,65.69146121190056,55.9085249628768,0.4111286318139801,5.928551729319149,6.569146121190056,6.569146121190056,43.15368076154636,medium,0,1,0
77,2023,1,65.69146121190056,55.68349420562984,0.4111286318139801,5.928551729319149,6.569146121190056,6.569146121190056,43.15368076154636,medium,0,1,0
77,2024,1,65.69146121190056,54.294842943879786,0.4111286318139801,5.928551729319149,6.569146121190056,6.569146121190056,43.15368076154636,medium,0,1,0
78,2019,0,0.0,39.525586362266544,-1.365312730344914,0.0,0.0,0.0,0.0,control,0,0,0
78,2020,0,0.0,40.99503675746145,-1.365312730344914,0.0,0.0,0.0,0.0,control,0,0,0
78,2021,0,0.0,38.865553628570225,-1.365312730344914,0.0,0.0,0.0,0.0,control,0,0,0
78,2022,1,0.0,41.651206008131304,-1.365312730344914,0.0,0.0,0.0,0.0,control,0,0,0
78,2023,1,0.0,39.40407320658658,-1.365312730344914,0.0,0.0,0.0,0.0,control,0,0,0
78,2024,1,0.0,39.748443494379615,-1.365312730344914,0.0,0.0,0.0,0.0,control,0,0,0
79,2019,0,75.38846845624043,56.418657770008025,1.8648748788217173,0.0,7.538846845624043,0.0,0.0,high,0,0,0
79,2020,0,75.38846845624043,59.349913741557486,1.8648748788217173,0.0,7.538846845624043,0.0,0.0,high,0,0,0
79,2021,0,75.38846845624043,58.07007431211581,1.8648748788217173,0.0,7.538846845624043,0.0,0.0,high,0,0,0
79,2022,1,75.38846845624043,67.13224599545818,1.8648748788217173,6.187830399120012,7.538846845624043,7.538846845624043,56.834211761775585,high,0,0,1
79,2023,1,75.38846845624043,63.090089835969614,1.8648748788217173,6.187830399120012,7.538846845624043,7.538846845624043,56.834211761775585,high,0,0,1
79,2024,1,75.38846845624043,64.56421402474739,1.8648748788217173,6.187830399120012,7.538846845624043,7.538846845624043,56.834211761775585,high,0,0,1
80,2019,0,56.72201021580359,46.58584421102296,0.3671052886089005,0.0,5.672201021580359,0.0,0.0,medium,0,0,0
80,2020,0,56.72201021580359,47.34231104391602,0.3671052886089005,0.0,5.672201021580359,0.0,0.0,medium,0,0,0
80,2021,0,56.72201021580359,47.26929870012997,0.3671052886089005,0.0,5.672201021580359,0.0,0.0,medium,0,0,0
80,2022,1,56.72201021580359,53.58058021239297,0.3671052886089005,5.615579991167079,5.672201021580359,5.672201021580359,32.17386442921727,medium,0,1,0
80,2023,1,56.72201021580359,54.11585518575816,0.3671052886089005,5.615579991167079,5.672201021580359,5.672201021580359,32.17386442921727,medium,0,1,0
80,2024,1,56.72201021580359,53.93134823563066,0.3671052886089005,5.615579991167079,5.672201021580359,5.672201021580359,32.17386442921727,medium,0,1,0
81,2019,0,34.42564771420733,48.33756531643206,0.007084551846975552,0.0,3.442564771420733,0.0,0.0,low,0,0,0
81,2020,0,34.42564771420733,50.28673187114413,0.007084551846975552,0.0,3.442564771420733,0.0,0.0,low,0,0,0
81,2021,0,34.42564771420733,45.834042464173315,0.007084551846975552,0.0,3.442564771420733,0.0,0.0,low,0,0,0
81,2022,1,34.42564771420733,54.98562930444352,0.007084551846975552,4.382236795569107,3.442564771420733,3.442564771420733,11.851252205427084,low,1,0,0
81,2023,1,34.42564771420733,53.208941126522355,0.007084551846975552,4.382236795569107,3.442564771420733,3.442564771420733,11.851252205427084,low,1,0,0
81,2024,1,34.42564771420733,52.97417104397728,0.007084551846975552,4.382236795569107,3.442564771420733,3.442564771420733,11.851252205427084,low,1,0,0
82,2019,0,49.54203021368388,45.534632989753256,-0.5012678509660004,0.0,4.954203021368388,0.0,0.0,medium,0,0,0
82,2020,0,49.54203021368388,46.992345659626515,-0.5012678509660004,0.0,4.954203021368388,0.0,0.0,medium,0,0,0
82,2021,0,49.54203021368388,45.78010361386119,-0.5012678509660004,0.0,4.954203021368388,0.0,0.0,medium,0,0,0
82,2022,1,49.54203021368388,53.17885246928256,-0.5012678509660004,5.300347919611932,4.954203021368388,4.954203021368388,24.54412757693566,medium,0,1,0
82,2023,1,49.54203021368388,51.363031689369556,-0.5012678509660004,5.300347919611932,4.954203021368388,4.954203021368388,24.54412757693566,medium,0,1,0
82,2024,1,49.54203021368388,50.31871647266637,-0.5012678509660004,5.300347919611932,4.954203021368388,4.954203021368388,24.54412757693566,medium,0,1,0
83,2019,0,74.70691044815501,51.242145887245336,1.0013501238480838,0.0,7.470691044815501,0.0,0.0,high,0,0,0
83,2020,0,74.70691044815501,53.050264861277384,1.0013501238480838,0.0,7.470691044815501,0.0,0.0,high,0,0,0
83,2021,0,74.70691044815501,51.19293179932465,1.0013501238480838,0.0,7.470691044815501,0.0,0.0,high,0,0,0
83,2022,1,74.70691044815501,59.36167450747108,1.0013501238480838,6.17185995846233,7.470691044815501,7.470691044815501,55.81122468708652,high,0,0,1
83,2023,1,74.70691044815501,57.25513892548643,1.0013501238480838,6.17185995846233,7.470691044815501,7.470691044815501,55.81122468708652,high,0,0,1
83,2024,1,74.70691044815501,59.52424913239246,1.0013501238480838,6.17185995846233,7.470691044815501,7.470691044815501,55.81122468708652,high,0,0,1
84,2019,0,85.60521924718299,56.05145499803038,1.4106635842692403,0.0,8.560521924718298,0.0,0.0,high,0,0,0
84,2020,0,85.60521924718299,56.62049741645715,1.4106635842692403,0.0,8.560521924718298,0.0,0.0,high,0,0,0
84,2021,0,85.60521924718299,55.055655325490456,1.4106635842692403,0.0,8.560521924718298,0.0,0.0,high,0,0,0
84,2022,1,85.60521924718299,65.35678068009882,1.4106635842692403,6.393440989172962,8.560521924718298,8.560521924718298,73.28253562358267,high,0,0,1
84,2023,1,85.60521924718299,61.50724570220558,1.4106635842692403,6.393440989172962,8.560521924718298,8.560521924718298,73.28253562358267,high,0,0,1
84,2024,1,85.60521924718299,64.01484066987425,1.4106635842692403,6.393440989172962,8.560521924718298,8.560521924718298,73.28253562358267,high,0,0,1
85,2019,0,0.0,39.77180839514766,-0.8681647021557606,0.0,0.0,0.0,0.0,control,0,0,0
85,2020,0,0.0,43.888316845239196,-0.8681647021557606,0.0,0.0,0.0,0.0,control,0,0,0
85,2021,0,0.0,42.97889657010932,-0.8681647021557606,0.0,0.0,0.0,0.0,control,0,0,0
85,2022,1,0.0,43.53175662095208,-0.8681647021557606,0.0,0.0,0.0,0.0,control,0,0,0
85,2023,1,0.0,43.27697911790431,-0.8681647021557606,0.0,0.0,0.0,0.0,control,0,0,0
85,2024,1,0.0,41.62951219962738,-0.8681647021557606,0.0,0.0,0.0,0.0,control,0,0,0
86,2019,0,0.0,33.0891170762818,-2.7134933427350143,0.0,0.0,0.0,0.0,control,0,0,0
86,2020,0,0.0,35.408732851074994,-2.7134933427350143,0.0,0.0,0.0,0.0,control,0,0,0
86,2021,0,0.0,31.19583811318543,-2.7134933427350143,0.0,0.0,0.0,0.0,control,0,0,0
86,2022,1,0.0,35.46430401583075,-2.7134933427350143,0.0,0.0,0.0,0.0,control,0,0,0
86,2023,1,0.0,33.98073741798834,-2.7134933427350143,0.0,0.0,0.0,0.0,control,0,0,0
86,2024,1,0.0,34.07350747102989,-2.7134933427350143,0.0,0.0,0.0,0.0,control,0,0,0
87,2019,0,42.29472967077984,51.24961529780648,0.16207016290026452,0.0,4.229472967077983,0.0,0.0,medium,0,0,0
87,2020,0,42.29472967077984,50.9617604144766,0.16207016290026452,0.0,4.229472967077983,0.0,0.0,medium,0,0,0
87,2021,0,42.29472967077984,48.40355856570199,0.16207016290026452,0.0,4.229472967077983,0.0,0.0,medium,0,0,0
87,2022,1,42.29472967077984,53.88560946566393,0.16207016290026452,4.90932014758514,4.229472967077983,4.229472967077983,17.88844157924344,medium,0,1,0
87,2023,1,42.29472967077984,53.821587305264984,0.16207016290026452,4.90932014758514,4.229472967077983,4.229472967077983,17.88844157924344,medium,0,1,0
87,2024,1,42.29472967077984,55.58938088804104,0.16207016290026452,4.90932014758514,4.229472967077983,4.229472967077983,17.88844157924344,medium,0,1,0
88,2019,0,42.66291588002644,47.84895292871943,0.11381679585583157,0.0,4.266291588002644,0.0,0.0,medium,0,0,0
88,2020,0,42.66291588002644,48.798525967874696,0.11381679585583157,0.0,4.266291588002644,0.0,0.0,medium,0,0,0
88,2021,0,42.66291588002644,48.27756104015783,0.11381679585583157,0.0,4.266291588002644,0.0,0.0,medium,0,0,0
88,2022,1,42.66291588002644,56.930839457533295,0.11381679585583157,4.9311980009076315,4.266291588002644,4.266291588002644,18.20124391386212,medium,0,1,0
88,2023,1,42.66291588002644,54.67540496274628,0.11381679585583157,4.9311980009076315,4.266291588002644,4.266291588002644,18.20124391386212,medium,0,1,0
88,2024,1,42.66291588002644,53.43237823226454,0.11381679585583157,4.9311980009076315,4.266291588002644,4.266291588002644,18.20124391386212,medium,0,1,0
89,2019,0,62.78870198409395,51.51257801746252,0.8518982676179163,0.0,6.278870198409395,0.0,0.0,medium,0,0,0
89,2020,0,62.78870198409395,55.63916835444381,0.8518982676179163,0.0,6.278870198409395,0.0,0.0,medium,0,0,0
89,2021,0,62.78870198409395,52.419645273583264,0.8518982676179163,0.0,6.278870198409395,0.0,0.0,medium,0,0,0
89,2022,1,62.78870198409395,59.21955952403329,0.8518982676179163,5.835901188601371,6.278870198409395,6.278870198409395,39.42421096847364,medium,0,1,0
89,2023,1,62.78870198409395,58.05144707186365,0.8518982676179163,5.835901188601371,6.278870198409395,6.278870198409395,39.42421096847364,medium,0,1,0
89,2024,1,62.78870198409395,61.57707662738303,0.8518982676179163,5.835901188601371,6.278870198409395,6.278870198409395,39.42421096847364,medium,0,1,0
90,2019,0,56.88537493421818,49.56431143440271,0.41884673138196665,0.0,5.688537493421817,0.0,0.0,medium,0,0,0
90,2020,0,56.88537493421818,52.2427087623742,0.41884673138196665,0.0,5.688537493421817,0.0,0.0,medium,0,0,0
90,2021,0,56.88537493421818,49.02184667050284,0.41884673138196665,0.0,5.688537493421817,0.0,0.0,medium,0,0,0
90,2022,1,56.88537493421818,58.00820457505813,0.41884673138196665,5.622026802153669,5.688537493421817,5.688537493421817,32.359458814065775,medium,0,1,0
90,2023,1,56.88537493421818,56.690396388068464,0.41884673138196665,5.622026802153669,5.688537493421817,5.688537493421817,32.359458814065775,medium,0,1,0
90,2024,1,56.88537493421818,56.5936355046008,0.41884673138196665,5.622026802153669,5.688537493421817,5.688537493421817,32.359458814065775,medium,0,1,0
91,2019,0,0.0,42.16867248283808,-1.2120656292944707,0.0,0.0,0.0,0.0,control,0,0,0
91,2020,0,0.0,44.4635279424821,-1.2120656292944707,0.0,0.0,0.0,0.0,control,0,0,0
91,2021,0,0.0,41.63640815876096,-1.2120656292944707,0.0,0.0,0.0,0.0,control,0,0,0
91,2022,1,0.0,44.721072153733445,-1.2120656292944707,0.0,0.0,0.0,0.0,control,0,0,0
91,2023,1,0.0,42.122570890489676,-1.2120656292944707,0.0,0.0,0.0,0.0,control,0,0,0
91,2024,1,0.0,43.660985043390134,-1.2120656292944707,0.0,0.0,0.0,0.0,control,0,0,0
92,2019,0,0.0,37.05470069133428,-1.9434283735859035,0.0,0.0,0.0,0.0,control,0,0,0
92,2020,0,0.0,38.96659931360419,-1.9434283735859035,0.0,0.0,0.0,0.0,control,0,0,0
92,2021,0,0.0,37.90382603838102,-1.9434283735859035,0.0,0.0,0.0,0.0,control,0,0,0
92,2022,1,0.0,39.53187493205623,-1.9434283735859035,0.0,0.0,0.0,0.0,control,0,0,0
92,2023,1,0.0,36.95329104180438,-1.9434283735859035,0.0,0.0,0.0,0.0,control,0,0,0
92,2024,1,0.0,38.05726684779136,-1.9434283735859035,0.0,0.0,0.0,0.0,control,0,0,0
93,2019,0,0.0,44.60940690062756,-0.9348622608284486,0.0,0.0,0.0,0.0,control,0,0,0
93,2020,0,0.0,46.44349333391813,-0.9348622608284486,0.0,0.0,0.0,0.0,control,0,0,0
93,2021,0,0.0,42.09198388833337,-0.9348622608284486,0.0,0.0,0.0,0.0,control,0,0,0
93,2022,1,0.0,46.70193918337218,-0.9348622608284486,0.0,0.0,0.0,0.0,control,0,0,0
93,2023,1,0.0,45.70006821819525,-0.9348622608284486,0.0,0.0,0.0,0.0,control,0,0,0
93,2024,1,0.0,45.662731484066484,-0.9348622608284486,0.0,0.0,0.0,0.0,control,0,0,0
94,2019,0,0.0,35.43872810427114,-2.5652763019935607,0.0,0.0,0.0,0.0,control,0,0,0
94,2020,0,0.0,37.452903469400425,-2.5652763019935607,0.0,0.0,0.0,0.0,control,0,0,0
94,2021,0,0.0,34.117056474090916,-2.5652763019935607,0.0,0.0,0.0,0.0,control,0,0,0
94,2022,1,0.0,37.821333753333825,-2.5652763019935607,0.0,0.0,0.0,0.0,control,0,0,0
94,2023,1,0.0,36.482436870398786,-2.5652763019935607,0.0,0.0,0.0,0.0,control,0,0,0
94,2024,1,0.0,38.37901237222297,-2.5652763019935607,0.0,0.0,0.0,0.0,control,0,0,0
95,2019,0,72.27685471706828,44.417705140201605,-0.3393773582852657,0.0,7.2276854717068275,0.0,0.0,high,0,0,0
95,2020,0,72.27685471706828,45.85619791175678,-0.3393773582852657,0.0,7.2276854717068275,0.0,0.0,high,0,0,0
95,2021,0,72.27685471706828,42.41972513616364,-0.3393773582852657,0.0,7.2276854717068275,0.0,0.0,high,0,0,0
95,2022,1,72.27685471706828,51.84852803562056,-0.3393773582852657,6.1123190071872395,7.2276854717068275,7.2276854717068275,52.239437277921944,high,0,0,1
95,2023,1,72.27685471706828,51.87199621033753,-0.3393773582852657,6.1123190071872395,7.2276854717068275,7.2276854717068275,52.239437277921944,high,0,0,1
95,2024,1,72.27685471706828,53.54315923160386,-0.3393773582852657,6.1123190071872395,7.2276854717068275,7.2276854717068275,52.239437277921944,high,0,0,1
96,2019,0,41.04658415205987,44.86579432521103,-0.5552015720606409,0.0,4.1046584152059875,0.0,0.0,medium,0,0,0
96,2020,0,41.04658415205987,45.37371828719785,-0.5552015720606409,0.0,4.1046584152059875,0.0,0.0,medium,0,0,0
96,2021,0,41.04658415205987,43.25793440759745,-0.5552015720606409,0.0,4.1046584152059875,0.0,0.0,medium,0,0,0
96,2022,1,41.04658415205987,48.96618907767045,-0.5552015720606409,4.833418452151055,4.1046584152059875,4.1046584152059875,16.848220705521328,medium,0,1,0
96,2023,1,41.04658415205987,48.422088578735064,-0.5552015720606409,4.833418452151055,4.1046584152059875,4.1046584152059875,16.848220705521328,medium,0,1,0
96,2024,1,41.04658415205987,51.1361285293804,-0.5552015720606409,4.833418452151055,4.1046584152059875,4.1046584152059875,16.848220705521328,medium,0,1,0
97,2019,0,56.51632630070272,49.55734041518279,0.3870150116779596,0.0,5.651632630070273,0.0,0.0,medium,0,0,0
97,2020,0,56.51632630070272,52.57334790374266,0.3870150116779596,0.0,5.651632630070273,0.0,0.0,medium,0,0,0
97,2021,0,56.51632630070272,49.10892859521237,0.3870150116779596,0.0,5.651632630070273,0.0,0.0,medium,0,0,0
97,2022,1,56.51632630070272,56.13468035229121,0.3870150116779596,5.607420240585176,5.651632630070273,5.651632630070273,31.940951385275028,medium,0,1,0
97,2023,1,56.51632630070272,57.894232413235635,0.3870150116779596,5.607420240585176,5.651632630070273,5.651632630070273,31.940951385275028,medium,0,1,0
97,2024,1,56.51632630070272,56.659959387619345,0.3870150116779596,5.607420240585176,5.651632630070273,5.651632630070273,31.940951385275028,medium,0,1,0
98,2019,0,79.84001821056498,51.111885156675825,0.3535860812797213,0.0,7.984001821056498,0.0,0.0,high,0,0,0
98,2020,0,79.84001821056498,52.22712625495887,0.3535860812797213,0.0,7.984001821056498,0.0,0.0,high,0,0,0
98,2021,0,79.84001821056498,48.67381502085879,0.3535860812797213,0.0,7.984001821056498,0.0,0.0,high,0,0,0
98,2022,1,79.84001821056498,59.56274525347653,0.3535860812797213,6.284828731343129,7.984001821056498,7.984001821056498,63.74428507863347,high,0,0,1
98,2023,1,79.84001821056498,60.378288502597776,0.3535860812797213,6.284828731343129,7.984001821056498,7.984001821056498,63.74428507863347,high,0,0,1
98,2024,1,79.84001821056498,60.039210280148055,0.3535860812797213,6.284828731343129,7.984001821056498,7.984001821056498,63.74428507863347,high,0,0,1
99,2019,0,85.51828073142228,51.631746933266,0.5951119189484976,0.0,8.551828073142229,0.0,0.0,high,0,0,0
99,2020,0,85.51828073142228,50.83966793235712,0.5951119189484976,0.0,8.551828073142229,0.0,0.0,high,0,0,0
99,2021,0,85.51828073142228,49.63334936620279,0.5951119189484976,0.0,8.551828073142229,0.0,0.0,high,0,0,0
99,2022,1,85.51828073142228,58.2843360358303,0.5951119189484976,6.391932449513693,8.551828073142229,8.551828073142229,73.13376339258352,high,0,0,1
99,2023,1,85.51828073142228,56.439946080848436,0.5951119189484976,6.391932449513693,8.551828073142229,8.551828073142229,73.13376339258352,high,0,0,1
99,2024,1,85.51828073142228,59.09161206568318,0.5951119189484976,6.391932449513693,8.551828073142229,8.551828073142229,73.13376339258352,high,0,0,1
100,2019,0,72.14961406928373,50.75079073842643,1.0810686705701582,0.0,7.2149614069283725,0.0,0.0,high,0,0,0
100,2020,0,72.14961406928373,52.90700165496265,1.0810686705701582,0.0,7.2149614069283725,0.0,0.0,high,0,0,0
100,2021,0,72.14961406928373,51.44904879943903,1.0810686705701582,0.0,7.2149614069283725,0.0,0.0,high,0,0,0
100,2022,1,72.14961406928373,59.80787220042099,1.0810686705701582,6.109086016792322,7.2149614069283725,7.2149614069283725,52.05566810346584,high,0,0,1
100,2023,1,72.14961406928373,58.164778339578845,1.0810686705701582,6.109086016792322,7.2149614069283725,7.2149614069283725,52.05566810346584,high,0,0,1
100,2024,1,72.14961406928373,60.33251584776755,1.0810686705701582,6.109086016792322,7.2149614069283725,7.2149614069283725,52.05566810346584,high,0,0,1
101,2019,0,62.74767318948715,51.17867847008581,-0.12456301491371272,0.0,6.274767318948715,0.0,0.0,medium,0,0,0
101,2020,0,62.74767318948715,47.335532961945844,-0.12456301491371272,0.0,6.274767318948715,0.0,0.0,medium,0,0,0
101,2021,0,62.74767318948715,46.2512753273701,-0.12456301491371272,0.0,6.274767318948715,0.0,0.0,medium,0,0,0
101,2022,1,62.74767318948715,55.16397663243094,-0.12456301491371272,5.834535772136853,6.274767318948715,6.274767318948715,39.37270490694685,medium,0,1,0
101,2023,1,62.74767318948715,52.79309505928491,-0.12456301491371272,5.834535772136853,6.274767318948715,6.274767318948715,39.37270490694685,medium,0,1,0
101,2024,1,62.74767318948715,55.42551054531476,-0.12456301491371272,5.834535772136853,6.274767318948715,6.274767318948715,39.37270490694685,medium,0,1,0
102,2019,0,84.60049300195939,54.777474091215296,1.1910365465616295,0.0,8.460049300195939,0.0,0.0,high,0,0,0
102,2020,0,84.60049300195939,56.10349050586822,1.1910365465616295,0.0,8.460049300195939,0.0,0.0,high,0,0,0
102,2021,0,84.60049300195939,55.52051238877034,1.1910365465616295,0.0,8.460049300195939,0.0,0.0,high,0,0,0
102,2022,1,84.60049300195939,62.85459600905417,1.1910365465616295,6.375776495126913,8.460049300195939,8.460049300195939,71.57243416174579,high,0,0,1
102,2023,1,84.60049300195939,63.808176839932266,1.1910365465616295,6.375776495126913,8.460049300195939,8.460049300195939,71.57243416174579,high,0,0,1
102,2024,1,84.60049300195939,62.50564622920084,1.1910365465616295,6.375776495126913,8.460049300195939,8.460049300195939,71.57243416174579,high,0,0,1
103,2019,0,57.42515112971228,50.226593284175074,0.24726726557144127,0.0,5.742515112971228,0.0,0.0,medium,0,0,0
103,2020,0,57.42515112971228,52.85780850726565,0.24726726557144127,0.0,5.742515112971228,0.0,0.0,medium,0,0,0
103,2021,0,57.42515112971228,49.78809741856499,0.24726726557144127,0.0,5.742515112971228,0.0,0.0,medium,0,0,0
103,2022,1,57.42515112971228,57.370085645652,0.24726726557144127,5.643115116895159,5.742515112971228,5.742515112971228,32.976479822702956,medium,0,1,0
103,2023,1,57.42515112971228,55.42464474648927,0.24726726557144127,5.643115116895159,5.742515112971228,5.742515112971228,32.976479822702956,medium,0,1,0
103,2024,1,57.42515112971228,57.176178439556665,0.24726726557144127,5.643115116895159,5.742515112971228,5.742515112971228,32.976479822702956,medium,0,1,0
104,2019,0,65.03924759479538,49.59929762467905,0.5999148095212649,0.0,6.503924759479538,0.0,0.0,medium,0,0,0
104,2020,0,65.03924759479538,49.67821190905837,0.5999148095212649,0.0,6.503924759479538,0.0,0.0,medium,0,0,0
104,2021,0,65.03924759479538,48.852052840062726,0.5999148095212649,0.0,6.503924759479538,0.0,0.0,medium,0,0,0
104,2022,1,65.03924759479538,57.863253828271276,0.5999148095212649,5.908398447515428,6.503924759479538,6.503924759479538,42.30103727697097,medium,0,1,0
104,2023,1,65.03924759479538,54.74726386903125,0.5999148095212649,5.908398447515428,6.503924759479538,6.503924759479538,42.30103727697097,medium,0,1,0
104,2024,1,65.03924759479538,57.23441757290216,0.5999148095212649,5.908398447515428,6.503924759479538,6.503924759479538,42.30103727697097,medium,0,1,0
105,2019,0,86.41353926787747,55.0048288636328,1.382238434770409,0.0,8.641353926787747,0.0,0.0,high,0,0,0
105,2020,0,86.41353926787747,55.63731552664818,1.382238434770409,0.0,8.641353926787747,0.0,0.0,high,0,0,0
105,2021,0,86.41353926787747,53.959608393315584,1.382238434770409,0.0,8.641353926787747,0.0,0.0,high,0,0,0
105,2022,1,86.41353926787747,64.10521150800172,1.382238434770409,6.407288860426489,8.641353926787747,8.641353926787747,74.67299768801003,high,0,0,1
105,2023,1,86.41353926787747,63.471020607420904,1.382238434770409,6.407288860426489,8.641353926787747,8.641353926787747,74.67299768801003,high,0,0,1
105,2024,1,86.41353926787747,62.872319874533105,1.382238434770409,6.407288860426489,8.641353926787747,8.641353926787747,74.67299768801003,high,0,0,1
106,2019,0,0.0,41.938547644852086,-0.9012387289012418,0.0,0.0,0.0,0.0,control,0,0,0
106,2020,0,0.0,42.96528565515017,-0.9012387289012418,0.0,0.0,0.0,0.0,control,0,0,0
106,2021,0,0.0,39.945032103991274,-0.9012387289012418,0.0,0.0,0.0,0.0,control,0,0,0
106,2022,1,0.0,43.345102127309666,-0.9012387289012418,0.0,0.0,0.0,0.0,control,0,0,0
106,2023,1,0.0,41.75020183173309,-0.9012387289012418,0.0,0.0,0.0,0.0,control,0,0,0
106,2024,1,0.0,43.71715272773136,-0.9012387289012418,0.0,0.0,0.0,0.0,control,0,0,0
107,2019,0,0.0,46.85428644479565,-0.8394325120526883,0.0,0.0,0.0,0.0,control,0,0,0
107,2020,0,0.0,45.862070183913374,-0.8394325120526883,0.0,0.0,0.0,0.0,control,0,0,0
107,2021,0,0.0,45.59866794674463,-0.8394325120526883,0.0,0.0,0.0,0.0,control,0,0,0
107,2022,1,0.0,48.87581138699492,-0.8394325120526883,0.0,0.0,0.0,0.0,control,0,0,0
107,2023,1,0.0,46.78339961738225,-0.8394325120526883,0.0,0.0,0.0,0.0,control,0,0,0
107,2024,1,0.0,46.843903563962016,-0.8394325120526883,0.0,0.0,0.0,0.0,control,0,0,0
108,2019,0,50.28989875034783,50.25053645101299,-0.047058445092655755,0.0,5.0289898750347835,0.0,0.0,medium,0,0,0
108,2020,0,50.28989875034783,51.03971028106128,-0.047058445092655755,0.0,5.0289898750347835,0.0,0.0,medium,0,0,0
108,2021,0,50.28989875034783,48.18087637185316,-0.047058445092655755,0.0,5.0289898750347835,0.0,0.0,medium,0,0,0
108,2022,1,50.28989875034783,57.560624926321694,-0.047058445092655755,5.336280266135313,5.0289898750347835,5.0289898750347835,25.290739163202367,medium,0,1,0
108,2023,1,50.28989875034783,60.21495738338111,-0.047058445092655755,5.336280266135313,5.0289898750347835,5.0289898750347835,25.290739163202367,medium,0,1,0
108,2024,1,50.28989875034783,58.0474224428414,-0.047058445092655755,5.336280266135313,5.0289898750347835,5.0289898750347835,25.290739163202367,medium,0,1,0
109,2019,0,62.191510262817374,54.715583299838535,0.8884709763435633,0.0,6.219151026281738,0.0,0.0,medium,0,0,0
109,2020,0,62.191510262817374,54.02415215702655,0.8884709763435633,0.0,6.219151026281738,0.0,0.0,medium,0,0,0
109,2021,0,62.191510262817374,53.45935371253942,0.8884709763435633,0.0,6.219151026281738,0.0,0.0,medium,0,0,0
109,2022,1,62.191510262817374,61.2265399492603,0.8884709763435633,5.815868190529409,6.219151026281738,6.219151026281738,38.67783948770119,medium,0,1,0
109,2023,1,62.191510262817374,59.69055560507718,0.8884709763435633,5.815868190529409,6.219151026281738,6.219151026281738,38.67783948770119,medium,0,1,0
109,2024,1,62.191510262817374,60.5400191097015,0.8884709763435633,5.815868190529409,6.219151026281738,6.219151026281738,38.67783948770119,medium,0,1,0
110,2019,0,0.0,36.11432138617568,-1.8851791471322281,0.0,0.0,0.0,0.0,control,0,0,0
110,2020,0,0.0,40.27569909776209,-1.8851791471322281,0.0,0.0,0.0,0.0,control,0,0,0
110,2021,0,0.0,38.37528775979802,-1.8851791471322281,0.0,0.0,0.0,0.0,control,0,0,0
110,2022,1,0.0,39.735127821792425,-1.8851791471322281,0.0,0.0,0.0,0.0,control,0,0,0
110,2023,1,0.0,36.868865491439614,-1.8851791471322281,0.0,0.0,0.0,0.0,control,0,0,0
110,2024,1,0.0,38.692695348712384,-1.8851791471322281,0.0,0.0,0.0,0.0,control,0,0,0
111,2019,0,0.0,42.577499171538065,-1.098211681181279,0.0,0.0,0.0,0.0,control,0,0,0
111,2020,0,0.0,43.0410744616536,-1.098211681181279,0.0,0.0,0.0,0.0,control,0,0,0
111,2021,0,0.0,42.76178379207457,-1.098211681181279,0.0,0.0,0.0,0.0,control,0,0,0
111,2022,1,0.0,47.16730940132898,-1.098211681181279,0.0,0.0,0.0,0.0,control,0,0,0
111,2023,1,0.0,43.45949689481665,-1.098211681181279,0.0,0.0,0.0,0.0,control,0,0,0
111,2024,1,0.0,43.95323164676442,-1.098211681181279,0.0,0.0,0.0,0.0,control,0,0,0
112,2019,0,0.0,44.32214486567184,-0.9179703776760386,0.0,0.0,0.0,0.0,control,0,0,0
112,2020,0,0.0,43.848975861393185,-0.9179703776760386,0.0,0.0,0.0,0.0,control,0,0,0
112,2021,0,0.0,41.198813700070986,-0.9179703776760386,0.0,0.0,0.0,0.0,control,0,0,0
112,2022,1,0.0,45.00696066271107,-0.9179703776760386,0.0,0.0,0.0,0.0,control,0,0,0
112,2023,1,0.0,46.372130449161546,-0.9179703776760386,0.0,0.0,0.0,0.0,control,0,0,0
112,2024,1,0.0,45.64366898054967,-0.9179703776760386,0.0,0.0,0.0,0.0,control,0,0,0
113,2019,0,44.765573859216516,44.477856395063554,-0.461302092688266,0.0,4.476557385921652,0.0,0.0,medium,0,0,0
113,2020,0,44.765573859216516,46.20798768040243,-0.461302092688266,0.0,4.476557385921652,0.0,0.0,medium,0,0,0
113,2021,0,44.765573859216516,43.42749713472767,-0.461302092688266,0.0,4.476557385921652,0.0,0.0,medium,0,0,0
113,2022,1,44.765573859216516,51.91508596554841,-0.461302092688266,5.051823604787889,4.476557385921652,4.476557385921652,20.03956602944969,medium,0,1,0
113,2023,1,44.765573859216516,48.7834025198656,-0.461302092688266,5.051823604787889,4.476557385921652,4.476557385921652,20.03956602944969,medium,0,1,0
113,2024,1,44.765573859216516,49.88492029153934,-0.461302092688266,5.051823604787889,4.476557385921652,4.476557385921652,20.03956602944969,medium,0,1,0
114,2019,0,88.33960974540169,58.7625901016439,1.7262425056990538,0.0,8.833960974540169,0.0,0.0,high,0,0,0
114,2020,0,88.33960974540169,59.67863093413679,1.7262425056990538,0.0,8.833960974540169,0.0,0.0,high,0,0,0
114,2021,0,88.33960974540169,58.4660449831863,1.7262425056990538,0.0,8.833960974540169,0.0,0.0,high,0,0,0
114,2022,1,88.33960974540169,65.1527848698508,1.7262425056990538,6.439024867094368,8.833960974540169,8.833960974540169,78.03886649969868,high,0,0,1
114,2023,1,88.33960974540169,63.80006791857259,1.7262425056990538,6.439024867094368,8.833960974540169,8.833960974540169,78.03886649969868,high,0,0,1
114,2024,1,88.33960974540169,65.18450122326797,1.7262425056990538,6.439024867094368,8.833960974540169,8.833960974540169,78.03886649969868,high,0,0,1
115,2019,0,75.27119391870788,51.48921596399927,0.7422933941207213,0.0,7.527119391870788,0.0,0.0,high,0,0,0
115,2020,0,75.27119391870788,51.83730514510208,0.7422933941207213,0.0,7.527119391870788,0.0,0.0,high,0,0,0
115,2021,0,75.27119391870788,48.26386946706029,0.7422933941207213,0.0,7.527119391870788,0.0,0.0,high,0,0,0
115,2022,1,75.27119391870788,60.80301983628923,0.7422933941207213,6.185104497276644,7.527119391870788,7.527119391870788,56.657526339477265,high,0,0,1
115,2023,1,75.27119391870788,56.2107812363798,0.7422933941207213,6.185104497276644,7.527119391870788,7.527119391870788,56.657526339477265,high,0,0,1
115,2024,1,75.27119391870788,57.36596075969524,0.7422933941207213,6.185104497276644,7.527119391870788,7.527119391870788,56.657526339477265,high,0,0,1
116,2019,0,47.124750496400004,46.03063514996279,-0.7128954486613864,0.0,4.71247504964,0.0,0.0,medium,0,0,0
116,2020,0,47.124750496400004,48.01738208850073,-0.7128954486613864,0.0,4.71247504964,0.0,0.0,medium,0,0,0
116,2021,0,47.124750496400004,41.98774369209393,-0.7128954486613864,0.0,4.71247504964,0.0,0.0,medium,0,0,0
116,2022,1,47.124750496400004,50.357076044814136,-0.7128954486613864,5.178812599341213,4.71247504964,4.71247504964,22.20742109347952,medium,0,1,0
116,2023,1,47.124750496400004,49.69727008228002,-0.7128954486613864,5.178812599341213,4.71247504964,4.71247504964,22.20742109347952,medium,0,1,0
116,2024,1,47.124750496400004,51.435381048552074,-0.7128954486613864,5.178812599341213,4.71247504964,4.71247504964,22.20742109347952,medium,0,1,0
117,2019,0,89.9560950134291,52.393884440204836,1.19519651679242,0.0,8.99560950134291,0.0,0.0,high,0,0,0
117,2020,0,89.9560950134291,54.818674726451974,1.19519651679242,0.0,8.99560950134291,0.0,0.0,high,0,0,0
117,2021,0,89.9560950134291,51.800246103043484,1.19519651679242,0.0,8.99560950134291,0.0,0.0,high,0,0,0
117,2022,1,89.9560950134291,61.10006866984989,1.19519651679242,6.464344470945,8.99560950134291,8.99560950134291,80.92099030065084,high,0,0,1
117,2023,1,89.9560950134291,60.225942747597266,1.19519651679242,6.464344470945,8.99560950134291,8.99560950134291,80.92099030065084,high,0,0,1
117,2024,1,89.9560950134291,60.36068731663519,1.19519651679242,6.464344470945,8.99560950134291,8.99560950134291,80.92099030065084,high,0,0,1
118,2019,0,0.0,43.75875479120825,-1.4079575807478626,0.0,0.0,0.0,0.0,control,0,0,0
118,2020,0,0.0,43.70868634480161,-1.4079575807478626,0.0,0.0,0.0,0.0,control,0,0,0
118,2021,0,0.0,41.68136904491249,-1.4079575807478626,0.0,0.0,0.0,0.0,control,0,0,0
118,2022,1,0.0,42.78179918896057,-1.4079575807478626,0.0,0.0,0.0,0.0,control,0,0,0
118,2023,1,0.0,42.47892794091308,-1.4079575807478626,0.0,0.0,0.0,0.0,control,0,0,0
118,2024,1,0.0,44.80018326321269,-1.4079575807478626,0.0,0.0,0.0,0.0,control,0,0,0
119,2019,0,51.34579071266836,47.94493941945246,0.24489761970857812,0.0,5.134579071266836,0.0,0.0,medium,0,0,0
119,2020,0,51.34579071266836,50.82669693260011,0.24489761970857812,0.0,5.134579071266836,0.0,0.0,medium,0,0,0
119,2021,0,51.34579071266836,48.85678553644932,0.24489761970857812,0.0,5.134579071266836,0.0,0.0,medium,0,0,0
119,2022,1,51.34579071266836,55.62830660844878,0.24489761970857812,5.385722388436747,5.134579071266836,5.134579071266836,26.36390223909141,medium,0,1,0
119,2023,1,51.34579071266836,54.85701331568373,0.24489761970857812,5.385722388436747,5.134579071266836,5.134579071266836,26.36390223909141,medium,0,1,0
119,2024,1,51.34579071266836,55.06216006268019,0.24489761970857812,5.385722388436747,5.134579071266836,5.134579071266836,26.36390223909141,medium,0,1,0
120,2019,0,54.332244962029435,50.446947010222175,0.4260410924536797,0.0,5.433224496202944,0.0,0.0,medium,0,0,0
120,2020,0,54.332244962029435,51.75340419429426,0.4260410924536797,0.0,5.433224496202944,0.0,0.0,medium,0,0,0
120,2021,0,54.332244962029435,47.37840115538072,0.4260410924536797,0.0,5.433224496202944,0.0,0.0,medium,0,0,0
120,2022,1,54.332244962029435,58.45449234572882,0.4260410924536797,5.517751349748109,5.433224496202944,5.433224496202944,29.51992842613973,medium,0,1,0
120,2023,1,54.332244962029435,56.90041245517865,0.4260410924536797,5.517751349748109,5.433224496202944,5.433224496202944,29.51992842613973,medium,0,1,0
120,2024,1,54.332244962029435,56.77123261021392,0.4260410924536797,5.517751349748109,5.433224496202944,5.433224496202944,29.51992842613973,medium,0,1,0
