permutation,difference_under_sharp_null
1,1.403863928090118
2,-0.7998747032191318
3,-0.376837268373464
4,-1.4146453890504205
5,0.8044190307091554
6,0.9162240627817226
7,-0.05728746225909731
8,-0.5217562678489713
9,-0.4656851283829013
10,-1.0758762013775964
11,-1.1493220295635211
12,-1.2393012351984538
13,1.8512824130373104
14,1.0771585987530585
15,0.6569598032023265
16,-0.7344413378394137
17,-0.19548410175595166
18,0.541198368160579
19,-0.7417430862249574
20,-0.45991480525465533
21,1.0072081921353941
22,0.0003449689370000897
23,-1.3450817956816081
24,-0.14949120175666053
25,1.161875231905782
26,0.1457617893242258
27,0.0020211662780127426
28,-2.026739297428051
29,-1.0277141269157397
30,-0.3346357332718952
31,-0.26590311602925
32,-0.6833557985635537
33,0.6571190333112185
34,0.8570211723422432
35,-1.0487016808512521
36,-0.3532611410752651
37,-0.17766032645317864
38,0.5101685517403354
39,-0.15893272912444445
40,1.0955910980433288
41,1.176579594076415
42,-0.4748349521552484
43,0.5566314079656678
44,-0.12427539421177869
45,-0.7007796176915093
46,-1.9944892272185655
47,-0.8469460302049043
48,-0.8612209216090179
49,-0.025191348999769048
50,-0.2369655849891643
51,-0.0014650162780753817
52,0.17195220390186705
53,0.38163853914844026
54,0.07470591872539956
55,-0.5900213824040179
56,0.964471167397889
57,1.0278957658687347
58,-0.916687734099483
59,-0.2807380617203279
60,-0.19684753424785129
61,0.5980203573052876
62,0.03224779055992144
63,-0.788935807377257
64,-1.0474402769986284
65,0.5425142926718252
66,1.006099462345503
67,0.19340777809956933
68,0.41171672931916703
69,0.4208776856058307
70,0.6835014980907914
71,1.1550517672314697
72,-1.5123408487502275
73,-0.12693531210855724
74,-0.2589098917399042
75,-0.5731287856104217
76,0.8396636472275105
77,0.7241793627861881
78,0.9243361094496834
79,0.7906806426454551
80,0.5531439269991978
81,-0.7958437924012571
82,-0.8055512457699905
83,1.7604492465277701
84,0.20426407697478055
85,0.5116138018429268
86,2.105515368417187
87,0.061170777211017935
88,-1.4336853302389727
89,0.01625797525980488
90,1.378308393435205
91,-1.1225279091976716
92,1.2124930192638743
93,-0.6715423418645656
94,-0.14583657559762742
95,-1.1309768685552655
96,-0.1882073588059825
97,-0.7181903804479077
98,-0.07170071471429651
99,0.9091882530248654
100,-0.32121072301512754
101,-0.40115292399305247
102,0.23876103038044505
103,0.327210508987406
104,0.29718297668438254
105,0.6706986037480789
106,1.4036094806591564
107,-0.8079176589236994
108,0.3414560698439715
109,0.7387131491798442
110,0.3531267638284703
111,0.20897431744158723
112,-0.6929849068886114
113,0.8949504761643965
114,0.12082013033864314
115,-0.476010635472619
116,-1.6730177678362281
117,-0.29155497261952235
118,0.8121940191546742
119,-1.5152403992458545
120,0.6440323416481419
121,-0.5102566553676269
122,-0.6940897465769638
123,-0.0073649680754357405
124,-1.5327479058180131
125,0.601084360101126
126,-1.0273087137036327
127,-2.1471891796830533
128,1.2243459947299442
129,-0.6047615798329247
130,-0.6917932925152286
131,-1.539398124749411
132,0.873576804550737
133,1.1077239037730209
134,0.7055770605554557
135,0.743951053229182
136,0.136337795340836
137,-1.8911495987643292
138,0.886458768653938
139,-0.5808524149020684
140,-0.35892258496387797
141,0.9195767054948902
142,-0.36175839814841027
143,-0.7797016837229478
144,0.504581549952249
145,0.2957994796357042
146,-0.6181609507861054
147,-0.44570086113067475
148,0.4832728730771123
149,1.1968267316616021
150,0.5491890071602228
151,0.5067642894164948
152,-0.3476390618650953
153,0.20846814352384513
154,-0.5181332648604666
155,0.36523932757621935
156,-0.30795830254616874
157,0.7964173680165061
158,-0.28905228373118064
159,-0.4311796547578268
160,2.3266568460815193
161,0.3952955300194958
162,1.235300343165619
163,-0.8368454896297237
164,0.5873828376581542
165,0.7372741123766531
166,-0.8926306501161321
167,-0.23993030640235702
168,0.21900861518625447
169,-0.8455767118398683
170,0.6888873597889216
171,-0.6072510364717658
172,0.26512660035483293
173,2.335111143911874
174,-0.9668917963422672
175,0.848777945471852
176,0.5550074358646668
177,1.0739745666446652
178,0.5351591698280203
179,-0.5124674573604011
180,-1.1099270477534162
181,1.3278298384291958
182,0.839104785676895
183,1.2921850225343832
184,1.230016820204881
185,-0.41194709719839295
186,0.2502045103169763
187,0.029503684092560434
188,-0.7499603334965883
189,0.842098848019674
190,-1.1878345703031243
191,0.961361751264505
192,0.1342125699256087
193,-0.44436967195993304
194,-0.13483814779823433
195,0.1423784645284627
196,1.1484007997096342
197,-0.2489338265021388
198,-0.6964707821462071
199,-1.35437145656023
200,0.8555216321035743
201,1.7347768312811525
202,0.08308420628431179
203,-1.1193981284016274
204,0.768129910589451
205,0.9301881957213851
206,-0.4262855050011609
207,0.8894741476944716
208,0.0035298789901077043
209,1.0279013304524938
210,-0.09251076072369813
211,-0.9231926265433117
212,-0.23832319581327965
213,-0.9165781308232823
214,1.2368236492438314
215,1.134614118726688
216,1.191659515002769
217,0.593339632872599
218,0.0828562680470668
219,0.7503349542913185
220,-1.3517564993995137
221,1.6021832758078318
222,0.7996061320123289
223,-0.9127302800025205
224,-0.011172268440517996
225,0.7746169121404307
226,-0.8169521748554018
227,-0.592239776342069
228,1.434011778951941
229,-0.3750239734215768
230,0.242832995918846
231,0.5378017935009751
232,-1.3998066991178604
233,1.887449236984196
234,-0.5747906381084533
235,0.24847217791669607
236,0.054726666566054405
237,-1.456157485448557
238,-1.7083446330774308
239,0.42128206655822
240,-1.175703152255707
241,-0.412014708883234
242,-1.5850754910922689
243,-1.2845938677899795
244,0.5287893879956869
245,0.2545012450744082
246,-1.2584710722333199
247,-0.9782088481529172
248,-0.08396151325513301
249,-0.19519592746311787
250,1.9462269477159282
251,0.2936017657945058
252,-1.6237682935947504
253,-1.0132347725077722
254,0.3396420925065513
255,0.05712739665624156
256,-0.6201066755149895
257,0.7340303250810365
258,-0.5260544954433328
259,-0.6623994099495008
260,1.4182386274626424
261,-0.08406937460067354
262,0.49709061841844004
263,-1.0815852572731046
264,0.0033631136537053408
265,-1.8605027820099025
266,1.0483764611672086
267,0.8766429062215622
268,0.06428176805671626
269,-1.4922404884262903
270,-0.15443456394417865
271,1.2747155971307649
272,0.7568768075524872
273,-1.2530139711681585
274,0.7734327947774773
275,-1.7806153807405707
276,0.3533412955198969
277,0.7143382634578472
278,-0.8198042566365871
279,0.014183614928185762
280,0.13809271552128166
281,0.5318716970530346
282,-0.4656671178474454
283,0.5504720198441362
284,-0.23554962858445094
285,-1.010060710197152
286,-0.5754032045851574
287,-0.1574167855440578
288,-0.4933056787466512
289,-0.6057341754755043
290,0.4809132232395257
291,1.5562514894174342
292,0.5444264592396593
293,0.15571457552577783
294,-0.1912059303604252
295,-0.9967042829999997
296,0.6662144680540507
297,1.763109740555734
298,-0.5569513199450569
299,-0.17791906329230756
300,0.4035278194973557
301,0.3068234242319221
302,-0.042149581211276654
303,-1.381875911364304
304,-1.6157336689024646
305,0.7265616485746165
306,-1.1524421297789758
307,0.6741682543091656
308,-0.25630523732641564
309,-0.13000662509362826
310,-0.38657297868411433
311,0.9315397345175
312,-0.5073274913592911
313,0.7441896179506244
314,-1.1331831915245516
315,0.5598960724186242
316,1.162206578773862
317,-0.2307624584242518
318,-1.2049865470680174
319,-1.2752961896151618
320,-1.0501002152041963
321,0.46178796642104203
322,0.9515384789315533
323,-0.5548282194526593
324,0.8850342272012313
325,1.3432912836669715
326,-0.3866971284193994
327,-0.23705395892713454
328,0.4982593887658453
329,-0.051758017884452556
330,-0.9002857658269363
331,1.2670617646163578
332,-0.7703307281809231
333,0.8137122822782317
334,0.760472604615984
335,-0.1748971281666627
336,-0.6588064447929014
337,0.42273733838122496
338,0.3489027404526297
339,0.38093080982440597
340,-1.84721107949089
341,1.0879415607886926
342,-0.8625248510911234
343,-0.26251862819925975
344,-0.44403192836989547
345,0.9106103963973169
346,-0.5863560920154924
347,0.7074725151905881
348,-0.1619737655156115
349,-0.30159363581248044
350,-0.2461917314957276
351,-1.8824708771288243
352,-0.38144742650824526
353,-0.8560066973280556
354,-0.13623297451350425
355,-0.14355718824934627
356,0.2745674271536984
357,0.402543954209591
358,0.707476684965755
359,-0.1225074089290672
360,-0.3845873646463218
361,0.5525157614856084
362,-1.2511439138278604
363,1.260632280578335
364,0.816923101848019
365,-0.6495221698289839
366,-1.0855787210058594
367,0.5352276833239102
368,-0.04448794142069801
369,0.780990851648383
370,0.007697284205320898
371,0.8576611065474395
372,1.150555591457092
373,0.9845636008827512
374,-1.2358575647977688
375,-0.08521408929239271
376,-1.3105306928246137
377,0.5266926702303181
378,-0.7561297272955443
379,0.5889551644797422
380,0.19404440751289087
381,-0.03123247429452647
382,-0.25883152708004786
383,-1.8718769582151396
384,0.12448567175033531
385,-1.2245107230806838
386,-0.05727194179375772
387,-0.8782241870402885
388,1.8795768825741703
389,1.6655917841087984
390,0.7306587050464657
391,0.6821853872021251
392,-1.2641826058944758
393,-0.5824977049703648
394,0.28234710621970294
395,-0.32297572203989944
396,-0.38232000127524657
397,-0.8010774202395652
398,-0.7620560701493986
399,2.5860404745883727
400,0.7258880439920148
401,0.5175058005326889
402,0.01797396018135089
403,0.6144961743462289
404,1.250608891807758
405,0.7996167966157373
406,-0.8631017994411394
407,-0.0776922983166628
408,-1.3445292436041285
409,-0.8861030122743472
410,-1.6057587398447595
411,1.3252137160621515
412,-1.729169767707205
413,0.34815339801066614
414,1.053658165515614
415,-0.011983858672863335
416,0.4810539140023167
417,1.4519158316690408
418,2.0940871737382025
419,0.34861374617331364
420,0.8221259752962737
421,1.0542354423151323
422,-0.3496734629494398
423,-0.314905123965886
424,0.9431601908072054
425,1.6304185349999898
426,2.2875803980004292
427,0.6749928684217537
428,-0.5400926383963878
429,1.79015626104254
430,-0.5509687961367575
431,0.3883592897694541
432,-1.2420160860864087
433,-1.3155234034768455
434,-0.21653659134007341
435,0.8265478029110938
436,-0.32109694330867455
437,-0.012116428872644747
438,-0.6571674319625203
439,-0.15473602564078703
440,-0.18872297486176137
441,1.0520394239726585
442,0.054519661124658114
443,-0.38010175170077787
444,-0.3861871354555291
445,0.7042108788522086
446,1.0011115135546333
447,0.5398990841573266
448,0.41646887266509225
449,-0.7182373642955042
450,-0.29166524125349724
451,-0.4072678375644472
452,-0.5555745632780571
453,0.0887375094590368
454,-0.09280860702003224
455,0.7145853113369895
456,0.770253699317422
457,-0.6020824405823646
458,-0.31022312605206537
459,-0.8844830778855481
460,-0.5833425076650087
461,0.211298806466246
462,-0.13024358757377286
463,-0.8155517669209331
464,-0.47422549696308636
465,-0.6317241593586829
466,-1.8608335733193542
467,1.0964913950594024
468,0.34623511632507586
469,-0.18530628145613548
470,-0.5241743111295847
471,0.15594351130336292
472,-0.15786624730694143
473,0.31688785188667623
474,-0.2480856217073466
475,0.43801830943307607
476,0.8883400699954933
477,-0.17690826818301275
478,0.055754987521581256
479,0.22078791370817896
480,0.9356755336665117
481,0.027633644025215176
482,0.3737649430762957
483,1.636423893702002
484,-0.3366772092643515
485,1.2891182886098846
486,-1.2994597088500939
487,0.8111882200636416
488,-0.4813014117402332
489,-0.9299587226931862
490,-0.05890433826297681
491,-2.1961970912091857
492,-0.5780840588695924
493,0.5744361235224886
494,1.6037285583393412
495,0.028935275223531676
496,-0.27436497848884756
497,2.1002029547751846
498,-0.0121012353872203
499,-0.705877493232066
500,-0.4471794339860793
501,-0.7142680750374666
502,0.1483691270378955
503,-1.4052296152207475
504,0.1485660885740856
505,0.8567506612745177
506,0.29402594286774786
507,-1.277294263720293
508,-1.0234759535392897
509,-0.7528888300179943
510,0.5184514330032073
511,-2.214129989102105
512,0.979484687765634
513,-0.9372676330025342
514,0.7849923735568325
515,0.42691475458723005
516,-1.4240969016695146
517,-0.15809433555989472
518,-1.1120476278276499
519,-1.0546120764043252
520,-0.4898835978283387
521,0.6093898667833315
522,1.3825632357350202
523,1.227338964339836
524,0.41980635734110194
525,1.0060129344634134
526,1.2854689929335876
527,-0.8541788388567397
528,-0.037470135156041806
529,-1.018619970309146
530,-0.7977846607364967
531,0.03695088854765061
532,0.13109253999608939
533,-0.07771359615063034
534,0.738601416950516
535,1.0261119550831523
536,0.03478363679515439
537,0.3642006570838845
538,-0.6537299162528285
539,-2.2413931428412894
540,-0.1774116919993105
541,-0.5528637925360584
542,1.4762456503706431
543,0.42908459849682856
544,-0.5332019977403348
545,0.2922159061850067
546,-1.1101899477827146
547,0.46871777239941537
548,0.7361840278381067
549,-1.0017642713938812
550,-0.2281157872506725
551,-1.1261630649960495
552,0.4230712547278017
553,0.22849994851414124
554,-0.3052219160231431
555,-0.30434828748866494
556,-0.2543750879478637
557,0.5883964692216495
558,0.679060079093091
559,-0.6929126454747063
560,-0.0412886956067382
561,-0.33482202710717957
562,-1.4128817453063505
563,0.17648156861130815
564,-0.06527932038096651
565,0.009314159165910496
566,0.6770168994214742
567,0.9620983413719841
568,0.07596626914798321
569,1.0993476138070832
570,1.2916402386972266
571,-0.7568583701637124
572,0.09835780497230928
573,1.1836360210794936
574,0.7635100394578842
575,-0.09475979352983188
576,0.34543288881316414
577,0.0071145561519614375
578,0.5757795660333755
579,1.1790239518754788
580,0.05671565037788184
581,-0.2398069089969539
582,0.5926070418833547
583,0.6620801567890595
584,-0.32748548936876887
585,0.022582565146095135
586,-0.11417360170911195
587,-0.408236628672185
588,-0.4750049595196657
589,-0.38194359118685384
590,-0.15114941177803587
591,0.2621219723117889
592,-1.1165090595791867
593,0.8609522143327268
594,0.5866584755257946
595,1.823472956743231
596,0.28906957180856807
597,-1.1455322529956646
598,-0.8163945550289213
599,-1.1598862977466808
600,1.6212963757570549
601,-0.4139539898074247
602,-1.1042216080488885
603,0.16491953828611372
604,-0.3345817103198101
605,0.2172301960050902
606,-0.7834215115579894
607,-0.6174551131148434
608,0.08457616633522491
609,-0.35817544330171813
610,-0.5152369297467487
611,0.24445396412042442
612,1.2166059886310592
613,1.371852569351745
614,-0.5369245597943149
615,0.04276901004747913
616,0.6702929144104957
617,-0.7646052897828639
618,-0.25874730950015135
619,-0.10713786949327186
620,-0.4337313220143244
621,-0.27778482616227507
622,1.2424470863848711
623,1.6532681914480065
624,0.11619016900135648
625,1.6133475875420658
626,0.16160605567625907
627,0.04747490130873189
628,-0.43925551398547213
629,-0.9070158487114099
630,-0.7707324558767681
631,1.087526176161731
632,-0.1788575712635776
633,-1.6240909022832284
634,1.9778850188223345
635,-0.26371567423461784
636,0.8005030316702886
637,-0.4761211561801417
638,1.4030604046524218
639,-0.1984238351092955
640,-0.40443617801729204
641,-0.2684900340895382
642,1.9688463243568606
643,-0.579219397627071
644,-0.6564534027453561
645,-0.6601381025219126
646,0.8192165977244059
647,-0.3758390282007298
648,1.5313716764927108
649,1.0359363706626254
650,0.6716945463421098
651,-0.6440183986120047
652,1.3585433400992883
653,-1.1582726213418084
654,-0.3295998659830275
655,0.1445375639584796
656,0.3509823986203031
657,0.4631330799372364
658,0.1578487648462783
659,0.3350892825894647
660,0.9188142107572332
661,0.1819357306357432
662,-0.48508875277879326
663,-0.24976955141052315
664,-0.9221435638547035
665,-0.9053413433592112
666,-1.2791755577957815
667,0.3493546544786028
668,-0.3866922451926911
669,-0.6405290559270895
670,-1.419411840742228
671,-1.8134668475672981
672,-0.8000551785491012
673,-0.7997399046111724
674,1.272984937812609
675,0.32567121240582253
676,0.8392675808494374
677,0.033371197918810935
678,0.193011808385549
679,0.10768570557027601
680,0.5170984551129152
681,-0.17779469510864487
682,-0.5614109948681829
683,0.6914211281017231
684,-0.4537859608321071
685,-0.2871164351332425
686,0.7316520720266766
687,-0.7151998961420389
688,0.5139386142343625
689,0.28337835992324756
690,0.7363509982546645
691,-1.0219529346000655
692,0.01959509799819159
693,2.027703441635026
694,-0.49433833752495104
695,0.03800104106261415
696,-0.4072419255371784
697,-0.13677667121767456
698,0.17672825156114413
699,0.23772104815694206
700,0.031784061082888115
701,1.3243035386789899
702,-0.411460285992888
703,-1.1856985471154644
704,0.04742717904350968
705,0.6475353249510931
706,0.05096196180453205
707,-0.4728512634007416
708,-0.4786460447627974
709,0.7216240792591151
710,-1.0160944570300785
711,-0.021607920097196143
712,0.10198910801743466
713,-0.7738808860668343
714,0.4807585109530663
715,-1.0680305954465439
716,-0.4026546606814492
717,1.8592565831587393
718,0.04658424670138572
719,-2.3318484886339945
720,0.13272615310387437
721,1.0320134394405187
722,0.5124406932786059
723,1.8950689953787077
724,-0.24125207693039386
725,0.16311953255062406
726,-1.374402061517614
727,0.4087128509236493
728,-1.5606547027286126
729,0.09296730901918693
730,-1.0068526125635913
731,1.1513597655418266
732,-1.44546174573874
733,-0.2030264273932545
734,-0.17590434701230606
735,-0.7234044448170636
736,-0.07055976167413291
737,-0.31046936913017475
738,0.2446229533631623
739,-0.020626906892104557
740,0.25402150537082946
741,-0.18982867088176647
742,-0.518116836211604
743,0.9360499568381613
744,-0.3812693997198835
745,1.2219048534096117
746,-0.12865694195762956
747,0.5644512843336287
748,2.138473233570352
749,0.40962840859769756
750,-0.6114329134404386
751,0.4589050601743736
752,-1.2140848869765222
753,-0.7867569563213834
754,-1.439052515535849
755,-1.1220908710319009
756,-1.7263488014679496
757,-1.0986631737793857
758,0.6639343313703705
759,0.5523633762045961
760,0.5263288971602549
761,-0.6222157624733882
762,1.2789534910418041
763,-0.5493519520477435
764,0.9609612543535633
765,0.6844546864974888
766,0.3502820743390771
767,1.000243972513502
768,-0.9480844739415488
769,-0.013860158984059012
770,0.38628602939530765
771,-0.6192282089948264
772,0.28635732616440635
773,0.1628659073111578
774,1.48823125671764
775,-0.4969771376996164
776,-0.16718161061588432
777,-1.6979308995194629
778,-0.20342434378929397
779,-1.0771727015652033
780,0.20339036463575155
781,-0.11621922382468597
782,-0.4136141209698536
783,-0.2301687960913199
784,-0.38384165999572417
785,-0.04051531328580893
786,0.23463705640517674
787,0.2768806007704683
788,-0.7310469756603197
789,0.8666255606339064
790,-1.0151086506341471
791,-1.7212082486397549
792,-0.1769376040038395
793,-0.4035633979214168
794,0.017196635018237316
795,0.12100182351744593
796,1.1473477564680508
797,0.925390916720275
798,0.5653251604212954
799,0.9549624288549694
800,1.9146273073577191
801,-0.532179624429034
802,1.0532154895617225
803,0.6247095958569133
804,-0.966760379545704
805,-1.0875118860607103
806,-0.8352580506162752
807,-0.2252099713869029
808,-1.0394047865564318
809,1.7054144020663529
810,-0.494681561702464
811,0.3081373420535414
812,1.2005850149689792
813,-0.45542176391228395
814,-0.8757966484625541
815,1.948091637948579
816,1.5491501743117624
817,-0.042561010208061134
818,-1.2323714183248171
819,1.3315109638960507
820,0.3919086291220566
821,1.4009256091937203
822,1.3977271095817088
823,0.022169483578792892
824,-0.4916912415779535
825,-0.046419253670890726
826,0.46482391650515353
827,-0.6585463207386653
828,-0.007724946907572416
829,-0.3559845675341222
830,1.0344621929490927
831,2.1025506837549415
832,-1.0485264940405017
833,-0.5998912001449384
834,-0.8066557258893141
835,0.05954542920024153
836,1.0847313306283155
837,-0.5669665148768104
838,-0.999909511528287
839,-0.42284839288151943
840,-0.09459388781459666
841,-1.0107825405488597
842,0.025001058679421817
843,-0.9944917645478171
844,-0.5495971877865173
845,-0.019223122724710606
846,0.16357757854542854
847,-0.26375625454093665
848,-0.5716560603300422
849,-1.9896516924802512
850,2.243918727406154
851,-0.503348464924855
852,-0.32252542276079055
853,-0.6110868165279157
854,0.21876125568036286
855,0.28388999260157277
856,-0.787204941904335
857,-0.07078397793456759
858,-1.2482099125083579
859,-0.9730930771703896
860,-0.07143388521453176
861,-0.3583507743355909
862,-1.8126175139858844
863,0.9433943832025449
864,1.3224065846408877
865,-0.12961754771231426
866,-0.2847778873352098
867,-0.875869417511538
868,-0.2289797539190488
869,-1.0512935294563306
870,-1.3157765810265545
871,0.5923735439474456
872,1.138546878785732
873,1.0428365289533588
874,1.1755154129274956
875,-0.6325359282297285
876,-0.017550342636340588
877,-1.4375131662830825
878,0.7518800744402654
879,-0.4612125863740033
880,0.8241021067317718
881,-0.7306252540342228
882,-0.6848808131264832
883,-0.2785494508339639
884,1.0774624398478068
885,-0.37853084991954233
886,-0.579257586002214
887,-1.0138382912307975
888,1.310511405048814
889,-0.4599847366470726
890,-1.0174415437146394
891,0.5566673513959159
892,-0.6388080926758448
893,1.1413099320231055
894,0.6867294577402703
895,0.4574867526338977
896,0.06990944522252107
897,-0.39308578269917405
898,-0.3492941973289163
899,0.16573141946297199
900,0.014813232285888489
901,-0.1841921760090628
902,0.6011194241169733
903,-0.8349968814154352
904,-0.36231541508705334
905,0.0955408963044988
906,0.563098210528338
907,-0.03714208249961359
908,1.0284759749225856
909,1.323548589737726
910,0.3069617953120627
911,0.18591280984674086
912,0.7781270924289743
913,-0.26124160931784957
914,-0.4165974556956229
915,-0.5006623673236419
916,-0.73431367744287
917,-0.303095423270193
918,0.7003641735862232
919,1.4536887407963803
920,-0.514451162863665
921,0.19753580182849362
922,0.5472030858450552
923,0.004260815161458709
924,0.4283681900700742
925,-0.2781113184305468
926,0.2034220607927324
927,-0.3382730117180728
928,1.7261113158300248
929,0.6137845257440944
930,-0.49697570903288124
931,0.047511227966111846
932,1.5619478910155777
933,-0.7285205770217829
934,1.5653122795354761
935,-0.3877987265952214
936,-0.030515991609036064
937,0.20379407493682322
938,0.22013643773455271
939,-0.8414112778094278
940,0.8907581432027882
941,0.5078901514187919
942,-0.2353680560724456
943,0.21612928336074333
944,0.15460213405135903
945,-0.6085870457404354
946,-1.0878494205318106
947,-0.13267747742588654
948,-1.388040781445028
949,0.8463535757205847
950,0.895166320710004
951,2.044369915256837
952,0.16542296678180435
953,0.9032148889919824
954,-0.5598644248345721
955,0.259161400423892
956,0.15578898821836162
957,0.06314041317683916
958,1.078632632119195
959,-0.774772912520362
960,1.6104837750966254
961,-0.5510530949981245
962,-0.8010965835299544
963,-1.9894919377177729
964,0.8377823941017652
965,1.3697024848931534
966,-0.7541779984812678
967,2.210181095480948
968,0.6289240347686444
969,-0.576841883259064
970,0.639766815711738
971,0.7158498147110777
972,0.34310468974751984
973,0.9985276777029384
974,-0.421993258049838
975,-0.8444112076316088
976,0.0920061992949428
977,0.06087952868753632
978,0.3304588707922136
979,0.17907763775717456
980,-0.05537330594675893
981,-0.788314179230369
982,0.5979850954180392
983,2.168986555318341
984,0.6129169849683365
985,-1.543387617169003
986,-0.3384303799005579
987,-1.4357362699244902
988,-0.4145777357500151
989,-0.5938818489174906
990,0.31501376378548684
991,2.1064447879190453
992,0.018281897525909585
993,0.24626639169741793
994,-1.5519262513617633
995,0.2425582326687845
996,-0.34156953246501587
997,-0.017365188122056452
998,1.8831903394688112
999,1.6236042216555404
1000,-1.589655058678872
1001,2.2435672576359735
1002,-1.8362694298876505
1003,0.9433673700249159
1004,-0.9049878015815125
1005,-0.2211836895967707
1006,-1.29516135468414
1007,1.2507560737854817
1008,1.8797957164980517
1009,0.4082998930400805
1010,0.15037771060518423
1011,0.2938724608911656
1012,0.5861068883207139
1013,0.9507608379173433
1014,0.9558225019007835
1015,0.25899431637263604
1016,0.9276064430117401
1017,1.2558384566603848
1018,-1.0550363455929954
1019,1.6365418134601413
1020,-1.0459529160406902
1021,0.015792924775681172
1022,-0.6586852974365769
1023,0.8096305517690752
1024,0.8839965819357616
1025,0.05781162701555331
1026,0.08252673003674715
1027,0.6580693372556539
1028,0.0010852689320870468
1029,1.4519375385287105
1030,-0.23136063433271659
1031,-1.2328807140480649
1032,1.3304353323435976
1033,0.5195252639798582
1034,0.5162956980544635
1035,-0.6150686180680225
1036,1.691360621790011
1037,-0.0029443691558412866
1038,-0.1385072414741586
1039,-1.0040037465791158
1040,0.7282736982068343
1041,-0.9195636530798765
1042,0.4499138602580075
1043,-0.48955101512088106
1044,0.1541291274773613
1045,0.5889016680097399
1046,-0.6875918466380142
1047,0.09437518075274909
1048,-0.2655461081726287
1049,1.269891221532049
1050,0.67226771435476
1051,-0.09800962203689778
1052,0.3155828189667176
1053,2.0238246902870713
1054,-1.5243718794103955
1055,1.0719489753011402
1056,0.7004907446218454
1057,-0.19973990827756438
1058,0.5310518676236029
1059,-1.1627041271753313
1060,-1.1975186589231441
1061,1.0180065052087883
1062,0.5434414924264814
1063,0.12746495180077488
1064,-0.12206347263469297
1065,0.7583359388992221
1066,1.044435072647417
1067,-0.9437286201934683
1068,1.479903611293281
1069,-0.04250085744683929
1070,-0.7574302665263417
1071,-0.25421740823578887
1072,0.9330164885709422
1073,-0.8741106032582167
1074,2.0939190011850854
1075,0.4480501327460189
1076,0.14506634878434
1077,-0.2835298037378635
1078,0.07086116903700201
1079,1.1719872294429479
1080,0.09826959163181925
1081,-0.0011297327089323517
1082,0.25531827057265843
1083,-1.369692685801553
1084,-1.2688029030452839
1085,-0.9117572037603878
1086,0.8742082339505686
1087,-0.03966425543303842
1088,0.851123279077882
1089,-0.8420649486564002
1090,1.5855554137719423
1091,-0.10820916906179434
1092,-0.7295391635020394
1093,0.087779255722225
1094,-1.1378538965337128
1095,0.10346367535596812
1096,0.7992911720729126
1097,-0.28981400151084813
1098,1.1431293533297406
1099,-0.5149957595462098
1100,-1.3771191865585024
1101,-0.4535823833918613
1102,0.808587282820838
1103,-0.23187323657330694
1104,0.5590483837219864
1105,0.8671416250131614
1106,-0.45932280721278573
1107,1.1692365221296512
1108,-0.40352680434979504
1109,1.4410933237338526
1110,-0.9956568619072499
1111,0.44365461643333504
1112,1.2899260492738733
1113,0.9494595392156526
1114,-0.6690204990117081
1115,-1.8632880311703985
1116,-1.166933999778962
1117,-0.38775697156938804
1118,0.3638159900762332
1119,1.0271591474042765
1120,-1.7173209401538259
1121,-1.1131387740258276
1122,1.0105499974558967
1123,-0.9146150716639312
1124,-0.09251678966732868
1125,0.5817528027130834
1126,0.5653407073447312
1127,0.7457680397180297
1128,-0.9687259535404422
1129,1.5338002457458089
1130,0.41235177330970885
1131,-0.43987692118304267
1132,-1.2901336388180624
1133,0.9790977929692701
1134,-0.04877752330443741
1135,-0.44840072800785435
1136,0.7160749327371718
1137,-1.1751756364232904
1138,-0.09513870689424664
1139,-0.6224271354205371
1140,-0.5161501191935685
1141,0.7214779714557551
1142,-0.5935954604329226
1143,-0.7477176041151807
1144,-0.14158604422560472
1145,-0.42999092911006187
1146,-0.2838097580826542
1147,0.5394192364134938
1148,-1.0757907891825766
1149,-0.3851387120372465
1150,0.12482839868560802
1151,0.670329644292309
1152,-0.481883655176631
1153,1.130070029047502
1154,0.4795247228116182
1155,0.028843716655742924
1156,0.40882118613819785
1157,0.002422199097239286
1158,0.5176380926716604
1159,-0.7594344767752403
1160,-0.11192512612407768
1161,0.05758158288503523
1162,-0.1442373926834648
1163,0.05980501425027285
1164,1.1569424320511956
1165,-0.11268847446059738
1166,-0.6277655552150492
1167,-1.5215968148797572
1168,0.5507971257297157
1169,0.8020762769115777
1170,-0.5431713839786454
1171,0.4938847114018472
1172,-0.1653170398050321
1173,-0.5630876305790906
1174,-1.053842036177258
1175,0.28700183565071313
1176,0.5869811341840858
1177,0.29023232174073144
1178,0.27119744815030344
1179,-0.6246798287722868
1180,0.3012850488953802
1181,-0.5573625497018213
1182,1.0738668109394496
1183,-1.977606402189238
1184,0.21463377604949585
1185,-0.46993242362226795
1186,0.5679000342536114
1187,-0.1964745129819363
1188,1.5625679850224827
1189,0.6147640894304942
1190,1.5688630934658363
1191,-1.6317172744968644
1192,-1.0043748242193686
1193,0.5706889442703158
1194,-1.0029952119083418
1195,0.9209149318656387
1196,0.035317178220168444
1197,-0.6979273573903555
1198,-0.5532044734170825
1199,0.62037668444313
1200,-0.7301592008032145
1201,0.30870711345517066
1202,1.7382100209996167
1203,-0.6348660941664548
1204,0.8013044128375384
1205,0.8679497862807892
1206,0.07186306084550154
1207,-0.015733611907393197
1208,-0.6814272470328575
1209,0.48053149793615546
1210,-1.1149179354316345
1211,-0.5084172928605568
1212,-0.8701236228719154
1213,0.5558851176199511
1214,-0.27430842772203334
1215,0.43237419291611445
1216,-1.5833503487964435
1217,0.10203520109030251
1218,-0.10037688974497883
1219,-1.1387980403588216
1220,0.5035923960225688
1221,1.4854510048116651
1222,1.1328528519140804
1223,1.7356671960884
1224,0.9395765678231527
1225,-0.4798584376796242
1226,-1.033147675485381
1227,-0.9993617268299886
1228,0.40977851979042157
1229,0.25461809640772515
1230,0.9688197844594413
1231,-0.005678632263240502
1232,0.5960116966710842
1233,-0.20610160336421757
1234,-1.0049213042406677
1235,-0.0457291267844937
1236,-2.3841682154938155
1237,-0.35932132946993534
1238,0.7292904167145622
1239,1.0799317635523806
1240,-0.21579055021518911
1241,-0.6470692909830831
1242,-0.36930118035643034
1243,-1.7152301271916457
1244,1.5852123185744205
1245,-0.9113711707119876
1246,-1.8666613162452705
1247,0.4691821655173669
1248,-1.0916661389730251
1249,-0.5563664753048556
1250,-0.34968385378722644
1251,0.7382885878534893
1252,0.23656638149223852
1253,-1.5295600661708164
1254,-0.8884511765154457
1255,0.08958404018908084
1256,1.110916866075371
1257,0.3926866601810559
1258,1.0024537918246352
1259,-0.3049904155615195
1260,-0.980292128599757
1261,0.11857424865213773
1262,-0.7131283808653706
1263,-0.37075080400319393
1264,-0.1947238665375295
1265,1.5311034757969821
1266,0.49174111367412365
1267,0.42934554348678944
1268,0.26501584467391126
1269,0.9688933855159831
1270,-1.2905379315313041
1271,1.1796821313572394
1272,0.10564233925653355
1273,0.42261023224425287
1274,-0.17084688954578553
1275,-0.06994107065735022
1276,0.43626229307334086
1277,-0.9520246894759765
1278,0.7214893786193954
1279,0.7098141199446815
1280,1.1713283302571824
1281,0.5493734467775795
1282,-0.1941653527165954
1283,-0.6854838710410576
1284,-1.0128181639180411
1285,0.9237965487241695
1286,0.675064879307314
1287,0.16344448180959148
1288,0.3700634533327616
1289,1.0976066953402324
1290,-0.6240988217479639
1291,0.568283046857843
1292,-0.1339471771383529
1293,-0.7586478317393386
1294,-0.6484004680335715
1295,-0.11536638954369494
1296,0.8508939493269736
1297,0.8799024012437826
1298,-2.258946017884682
1299,-0.4169977144070316
1300,0.7747769176938561
1301,0.819292684515716
1302,0.38423074572475
1303,1.0123159088143154
1304,-1.19451182725372
1305,0.008570579273822432
1306,-0.6132606277221981
1307,-0.05693032511736362
1308,0.18375424881004676
1309,-0.3900509913360395
1310,-1.234449894045028
1311,-0.3749047928296818
1312,0.4798585041923502
1313,0.553008918757655
1314,-0.24084853994354205
1315,-0.49391445352789276
1316,-0.6662227172140263
1317,-0.1232262361015728
1318,-0.4495140525442167
1319,-0.9649973897283957
1320,-0.17657356419734072
1321,0.35179361826089917
1322,0.07190952713081344
1323,-0.9126947121497722
1324,0.22791220337698803
1325,-0.1737287314171283
1326,1.4225196468131713
1327,-1.4623755448017164
1328,0.037735163988728004
1329,0.4875767610730719
1330,-0.5849780741410768
1331,0.23400098539960368
1332,-1.5817596207016607
1333,-0.29607937066700174
1334,0.053206009783863806
1335,1.0650291350834635
1336,-0.5132255761077715
1337,-0.568184583139768
1338,0.21810961974212262
1339,-0.16217035712450922
1340,-1.3546835342511088
1341,0.8205423246415648
1342,-0.3474696297778195
1343,0.14060615478035743
1344,0.3420923527267945
1345,0.3832339315852664
1346,-0.8979798866615596
1347,0.7022501889056372
1348,-0.20351128800662366
1349,0.41340145608981516
1350,0.6978738294337177
1351,0.23988454570353213
1352,-0.03407682989477223
1353,-0.40667486861907776
1354,0.8336763076334819
1355,0.16119068582553098
1356,0.26215315258144756
1357,-0.010503974680176498
1358,0.8349344940899641
1359,-0.02332087718117748
1360,0.05674348060979639
1361,-0.45337209471969686
1362,0.9075001219485301
1363,1.03453870647283
1364,0.4104424685078385
1365,-0.8069129300724853
1366,-0.14278108933011424
1367,0.8350614561544631
1368,0.17232387790210169
1369,-0.8362050216752976
1370,-0.6682358774998818
1371,-0.7022096643541005
1372,0.3112681789514795
1373,1.011250212237698
1374,1.2997174750392446
1375,-1.392700831563289
1376,0.8505764944735148
1377,0.31626120006961855
1378,0.12714407281140438
1379,0.19430160866325252
1380,-0.4566294010502361
1381,0.41243707347500447
1382,1.308966049798002
1383,-0.8382906296575214
1384,-0.1026295291547541
1385,-1.0895943129931425
1386,0.25123375042285545
1387,0.07768129360061948
1388,1.0143249251294435
1389,0.15236650902836857
1390,1.7038391821715209
1391,0.9663057012799214
1392,-0.16867334048968985
1393,-2.1016257206383244
1394,0.48282450824147816
1395,-0.039658860799292484
1396,0.059413117632558965
1397,-0.07938207626781946
1398,-2.415068596091558
1399,1.1004246831338662
1400,0.1865945631372341
1401,1.4281846487894114
1402,0.931600587448699
1403,-0.17732350359801785
1404,-1.6686301827205199
1405,-0.7668955317327288
1406,0.1739590549713057
1407,-2.0209932696577653
1408,-0.9241714063297621
1409,-0.34839708228717825
1410,0.20345577301493734
1411,-0.34555362402767287
1412,-0.6692652271077861
1413,-0.8755608688527587
1414,-2.1624362679007874
1415,-0.10584778822119745
1416,0.11599111772693504
1417,-0.8872608230473702
1418,1.0489663692865037
1419,0.28205491594209775
1420,0.48369402746517665
1421,1.0532473618760179
1422,-0.09051279123384859
1423,0.3843762392826733
1424,-0.4119436201291933
1425,-0.03954429079335853
1426,-0.12637011656759967
1427,0.9229873510788309
1428,-0.21831446475243865
1429,-1.0064404214715665
1430,0.9542710222855249
1431,-1.1449782930560417
1432,0.20796975312698862
1433,-0.5998653606714299
1434,-0.5292246464725849
1435,0.11057594089722045
1436,-0.6052001852497
1437,-1.3317860875813494
1438,-1.0390865092434183
1439,-0.41159854683512265
1440,-0.2132354853402063
1441,0.29309879844429076
1442,0.8857163403240236
1443,0.4475204787917164
1444,-0.3618414910869632
1445,-0.1567783352426062
1446,0.8750825141607521
1447,0.16023548255208198
1448,-2.6087604359072714
1449,0.2839066995898918
1450,1.5009181008638706
1451,-1.5656905504455665
1452,0.24481474539905435
1453,0.9445689717970964
1454,-0.7352195163882982
1455,0.6561097239059848
1456,0.1402014959889044
1457,0.893515741343208
1458,0.21330746831105785
1459,-0.06100316455300003
1460,-0.22249392980018
1461,1.0122361716010175
1462,-0.7202371624527188
1463,0.7277301108587864
1464,-0.4572308807969989
1465,0.8155786635609559
1466,-0.564820339899569
1467,0.8093713917212852
1468,1.4720588953365876
1469,0.4044132381722392
1470,0.29111023462655794
1471,-0.29230516199427825
1472,-1.208821888735713
1473,-1.1922963554518304
1474,-0.25519129476749924
1475,1.6116985167367375
1476,0.6519359576575567
1477,-0.37449780186366866
1478,0.17651224851580594
1479,-0.5996825039929519
1480,-0.2475387325499696
1481,-0.03509613795863231
1482,-0.5504926711799953
1483,-1.0803586131869025
1484,0.19540028328688663
1485,0.10437102758581318
1486,0.9238171053854529
1487,0.4782143637568339
1488,-0.7903905500747328
1489,-0.41557558809823547
1490,1.486688680280281
1491,-0.09733452014309307
1492,1.3483832897784964
1493,0.036772175569311116
1494,-0.01705307191851091
1495,0.6982038725007982
1496,0.7495658642008607
1497,0.3365939956506594
1498,0.30397807509798724
1499,0.05925021508012662
1500,0.357249347227679
1501,0.2000439745422824
1502,0.29560881983191223
1503,0.205883778312824
1504,-1.182521080089714
1505,-0.3499229867519489
1506,0.2659761542306711
1507,0.11295013306181545
1508,0.49688627006862873
1509,0.5695785866967213
1510,0.6144339705232511
1511,1.0940208671510732
1512,0.323825034761029
1513,-0.3440321233888852
1514,-0.4945767809985
1515,0.6646909972799051
1516,0.1523141246318005
1517,0.5094926210473005
1518,-0.42601155080488695
1519,1.0349630092188278
1520,1.6244889424066002
1521,-0.6307125345164479
1522,1.102173763088274
1523,-1.4829972656798702
1524,0.4240216024786889
1525,0.757883916474043
1526,0.22640332152336384
1527,-2.2065910560545774
1528,0.07413217119346882
1529,-0.4894805873226318
1530,1.1593193225862422
1531,-0.9873674824595611
1532,-2.1088731006178136
1533,0.8809577057284486
1534,0.7684753875709731
1535,0.6068549953460121
1536,-2.4453034292439213
1537,0.6519933285195236
1538,-0.3423018950714578
1539,-1.424080351686257
1540,-2.0217038066318196
1541,-0.20563182564289662
1542,-1.2668681026121362
1543,0.4742324000994671
1544,-1.0436120842995678
1545,-0.3718581275595625
1546,0.5832145963888564
1547,0.511941799274183
1548,0.7016876922270257
1549,1.77331015132593
1550,-1.2564201791568195
1551,-0.35085405678758264
1552,-0.1503754225706473
1553,-1.6358136441362205
1554,0.3433526898830621
1555,-0.3262031358816415
1556,-0.5891434862251259
1557,0.3242491650189123
1558,0.18172054840937335
1559,-0.5483449105097691
1560,-0.004258051379679273
1561,0.16454307982192518
1562,-1.173788399865785
1563,-1.1292865382917938
1564,0.6155834153809252
1565,0.33465086977138014
1566,-1.5133646595482304
1567,0.45855110551303824
1568,0.8150841471014019
1569,-0.08081898506026164
1570,0.051773580237366446
1571,0.7052507896893019
1572,-1.3977881417259255
1573,-0.02429471900434521
1574,0.8316347942177771
1575,1.1863188694612603
1576,-0.6793902404769057
1577,0.07810838460419234
1578,-0.3746878794039077
1579,-0.28232166363920896
1580,-0.6750104515580801
1581,0.4592158670788393
1582,-1.0691993977569894
1583,-0.88746851297158
1584,-0.3530749466668368
1585,-0.5576049694414138
1586,-0.0034911954361263042
1587,0.8284953868782594
1588,-1.4142396970786564
1589,-0.2683633128266081
1590,0.23980970698455906
1591,1.3526205780500788
1592,1.6131231405710054
1593,-0.7785681171157393
1594,-0.12019546028238892
1595,0.24155316843747698
1596,-0.35866889788250944
1597,0.0844634067638026
1598,-0.2170460610632574
1599,0.9442507752465019
1600,-0.6646471035979431
1601,-0.8081793434214148
1602,-0.2596353245155143
1603,-0.43637717480005733
1604,0.20532270688518395
1605,0.9993911922716876
1606,1.6270385179900586
1607,1.0978823100233797
1608,0.26764069922440115
1609,-0.8239708523934297
1610,-0.22601768148128087
1611,1.3844914741314795
1612,0.21479260090188745
1613,0.16572187315134101
1614,0.9403890353694067
1615,-1.0101772799822442
1616,1.00190008320628
1617,-0.7230918649151619
1618,-0.33918785076301106
1619,-0.018412620686262926
1620,-2.6634905653209984
1621,-0.7303884322198968
1622,0.2543393914996841
1623,1.214192933405016
1624,-0.07214535406235711
1625,-0.48489760005664095
1626,1.062589232771117
1627,0.11500103504049264
1628,-0.3436660784629595
1629,1.0384332253243116
1630,0.38985397286727164
1631,0.9802620382261011
1632,1.3238906683107956
1633,1.1043055380565363
1634,0.5469715158462094
1635,0.24710765701624382
1636,-0.7909665342892822
1637,1.654546620003174
1638,-0.118825792600191
1639,0.009843854509142602
1640,0.23124314889078335
1641,1.3064488316298792
1642,-0.0019920215082009918
1643,0.06805527677903456
1644,1.4108692701987025
1645,0.14781676518418863
1646,0.8610598495274502
1647,-0.9380365068967365
1648,0.637546806791434
1649,-0.9708036686223522
1650,0.44279326779250994
1651,0.2992430841550515
1652,0.1469944299233532
1653,1.2845697172369483
1654,-0.4905059661285378
1655,-0.668093831962139
1656,0.7242380081460311
1657,0.224501806889279
1658,1.1993551852638689
1659,-2.0218804264560077
1660,-0.36538875432334805
1661,-1.3056459522410933
1662,-0.3598386208609554
1663,-0.4209457628293478
1664,-0.4064106298135357
1665,-1.0824245026403787
1666,-1.118981703817127
1667,0.4990669667564589
1668,2.1785821272943906
1669,-0.8159283604663159
1670,0.1759579734405179
1671,0.13166886000169598
1672,-1.4349284442582189
1673,0.23908387245788276
1674,0.08611467727598665
1675,-0.0887959890421115
1676,-0.7299408073985774
1677,-0.6292994033774306
1678,-0.6530040864987114
1679,1.0790689028912226
1680,-0.49975830035128865
1681,0.238164599465847
1682,-0.010557408582940297
1683,-0.7279756166721825
1684,-0.1888564596807356
1685,1.046682259293675
1686,0.3799393901453385
1687,-1.5464696389515353
1688,0.501481776800091
1689,2.6066219586915054
1690,1.489842463342356
1691,-0.09913828390726565
1692,0.39787412158766244
1693,0.9351871983323008
1694,-0.9264518663530907
1695,0.9431791656309088
1696,-0.4674370700891046
1697,-0.28586230383596956
1698,-0.15414337220798302
1699,-1.2452544259609368
1700,0.9821700545919754
1701,0.7659416147819087
1702,-1.0347667196421497
1703,1.7884833291453504
1704,-0.05874827098345747
1705,-1.9105393340979475
1706,-0.6427614548494773
1707,-1.5228300649639834
1708,2.4480553691220877
1709,-0.5464940606953661
1710,-0.4599483307564185
1711,-0.7519710260836945
1712,-0.6110997707403101
1713,-0.02662117929084218
1714,0.4215073850818811
1715,-0.3285456149951784
1716,-0.13302032732164548
1717,1.1702194438250615
1718,-1.1882063951180015
1719,-0.20637086879111166
1720,-0.1738674889743237
1721,0.673048656308481
1722,0.7820463234788804
1723,0.5409345764258688
1724,0.10504244915836125
1725,-0.6870508413410619
1726,-0.5999987892987093
1727,0.8281457254118578
1728,-0.857929986122457
1729,1.7793695209693539
1730,-2.5260797178873133
1731,0.5694447784109826
1732,0.9946502991015933
1733,-0.7546894585949957
1734,-0.22040591323818148
1735,0.0542021013961147
1736,0.8201248041724227
1737,1.0011313990176944
1738,-0.6447063495997725
1739,0.7863036948110533
1740,0.05461202004035215
1741,0.7331551195474333
1742,-0.7267288142692365
1743,-0.7483172500822093
1744,0.004578267627294963
1745,0.6086080149358253
1746,-0.5078347554226923
1747,-0.3252021609746123
1748,-0.43489396907956746
1749,-0.6205338421704312
1750,0.7118453257437807
1751,-0.9328130708393161
1752,-0.35821500410493456
1753,-0.7901084953213626
1754,-0.6318737516851058
1755,0.12815853331987626
1756,0.0530785191171077
1757,-1.4594809460476483
1758,-0.4827789695154081
1759,0.6947947653653301
1760,0.8076537828168853
1761,-0.4390361615553644
1762,0.08183364011871674
1763,0.04302295379635268
1764,0.1986783229335316
1765,0.18484472657186757
1766,-0.3826531079616018
1767,-1.7179410034473506
1768,-0.6161644017453369
1769,-0.3825495388489202
1770,-1.725162813735139
1771,-0.9201927570508985
1772,-1.1450379488002795
1773,-1.5394949346394782
1774,-0.23612323452226747
1775,1.6378227337475835
1776,-0.17853313454206443
1777,-0.7365655547881289
1778,1.3461985492219668
1779,-0.9722429945434925
1780,0.28259424100018293
1781,-0.3119450461118589
1782,-0.745164277779935
1783,0.034261504980534596
1784,0.6489584492652938
1785,-0.42301792744764555
1786,-0.7985455277197815
1787,-0.395662380208023
1788,0.6087206250565202
1789,-1.1582163742317135
1790,0.9641914162470329
1791,-0.1157263200226879
1792,0.6696277507247146
1793,-0.1356532179949994
1794,0.5638760425960498
1795,-0.5405291563667163
1796,0.9268543861169007
1797,0.6474411268192881
1798,-0.7692956867709597
1799,0.8852552826553222
1800,-0.9752055844121372
1801,0.39055705011935515
1802,0.38113241523720376
1803,0.06854484570008879
1804,-1.6111301687760573
1805,-1.1102468902669642
1806,-0.9154152323959437
1807,1.0634883617411504
1808,0.4052254174318364
1809,-1.0618321416176997
1810,-0.8521182046879545
1811,0.19742380561780237
1812,-0.025955867214165096
1813,-0.6897498587512843
1814,0.48576263582340573
1815,-1.1839152717609096
1816,0.07629595463644989
1817,-0.8388061218828682
1818,2.363831865969388
1819,0.9001659558616666
1820,-0.15271700231686225
1821,-0.07235023429323917
1822,-0.47231888273911693
1823,-0.724946363200317
1824,0.8448928641886226
1825,-1.9368335826970622
1826,-1.476428861912126
1827,-0.5801530593341653
1828,0.75979132877778
1829,1.6354961472851386
1830,0.5003779843280114
1831,0.6218004899132836
1832,0.9266749844615134
1833,0.38804291854069106
1834,-0.6176504796341504
1835,0.24845211283493995
1836,-0.05267624351020572
1837,1.1974363408693875
1838,0.7770040004107983
1839,0.5240455202284409
1840,0.43098889194979506
1841,0.5035760633293052
1842,-2.7351122524893583
1843,-0.6233587446311049
1844,-0.0335452486374237
1845,0.08840917822186611
1846,0.6914127005587289
1847,-0.6211415756965977
1848,-0.2229381269935402
1849,1.003401144317337
1850,0.5162272427669024
1851,1.8300382686931016
1852,-0.4151157723738663
1853,0.5798927224875996
1854,-1.1736210097812432
1855,-0.9267954328364709
1856,0.7866672267045232
1857,-0.4256472214042617
1858,0.1954475469793664
1859,-0.4480716630246633
1860,-1.6971601349127354
1861,-0.4815706235514341
1862,0.698034535446098
1863,-1.0817367956689168
1864,-0.38533093184516076
1865,1.8965337320062332
1866,-1.1774342083774485
1867,1.3408027453883307
1868,0.09299558262927121
1869,1.0340749372329157
1870,0.919959496725042
1871,-0.17041998618526577
1872,0.0663148426077953
1873,-0.6599164017178651
1874,-0.01470564603226876
1875,-0.005047042308532923
1876,-1.3556415217185958
1877,0.4440650401699031
1878,0.14000359409544672
1879,0.45594503059403735
1880,-0.9619737851697323
1881,-0.7757870492456789
1882,-0.5215198921874418
1883,-0.9423000756251412
1884,0.23044414988038397
1885,0.5439307856848501
1886,0.30448960575408535
1887,-0.8358886588647891
1888,0.6037195295897959
1889,-0.07217129262336641
1890,-1.8344297637652858
1891,-0.0585729606176244
1892,-0.9208074571611178
1893,1.0483040741662535
1894,0.5806127316071326
1895,-1.1946054933705454
1896,1.6264832486889276
1897,0.9542812687112985
1898,1.544369246168003
1899,1.6164716384866864
1900,-0.320108068765947
1901,-0.12309080743676759
1902,-1.1589727918950814
1903,-0.318078304041606
1904,1.1491792613219332
1905,-0.5335993289347272
1906,-0.11761969496498637
1907,-0.5462391379507494
1908,0.9693451184167969
1909,0.02406821999073827
1910,1.3733983134867884
1911,0.7026633007786529
1912,0.24307460847740003
1913,1.202545324893208
1914,-0.36271965809568485
1915,0.7454067823333048
1916,-0.17966724473096463
1917,0.6264111507644685
1918,0.8064129550913179
1919,0.10042292023213406
1920,-0.8387173691521497
1921,0.583180902946637
1922,0.054036691069967446
1923,-0.7658262418107142
1924,-0.30046923936706094
1925,0.2749026338052971
1926,1.0421425919334695
1927,-0.8500476067182205
1928,-0.6925906523583762
1929,-2.39056429050153
1930,0.1318062353969509
1931,0.01743869775684459
1932,0.1388122354340311
1933,1.202537882993795
1934,-0.08711144438710505
1935,-0.19585661712837066
1936,-0.02353861498691856
1937,0.79803336490221
1938,-0.1008770233158458
1939,-0.7093763475801893
1940,-0.9259765541063558
1941,-0.4696395643741482
1942,0.0047517126125598
1943,-1.5804070429038575
1944,0.4021988230702931
1945,0.0030996859493086504
1946,-0.7588211560799039
1947,-0.10569794057984438
1948,0.6304397929852428
1949,0.25895754437436835
1950,0.9455243429608657
1951,-0.6890746728636259
1952,-0.5168799833598001
1953,-0.5666023874902208
1954,-0.3467527419287961
1955,0.533221282821799
1956,-1.001953445566926
1957,0.4826832876247238
1958,0.3364531606959673
1959,0.142272803025989
1960,-1.2003524195190352
1961,1.1136260679764263
1962,-1.5170299140198722
1963,-0.9069839441077221
1964,0.14232050808240615
1965,1.582594568733839
1966,0.45883974501144564
1967,0.6552497215580786
1968,0.6800181827688192
1969,1.7146047826550301
1970,-1.1286755470492693
1971,0.6559201640432946
1972,0.4122547146699276
1973,-0.31131727531744957
1974,-1.3499848091901328
1975,0.24748446340508679
1976,-0.3155523824629256
1977,0.38516590567975584
1978,-0.16984965413750786
1979,0.6478550232879741
1980,-0.3017397784315108
1981,0.21703989968717963
1982,-0.1422211346397404
1983,0.3287220864985869
1984,-0.6719366803336584
1985,-0.15211579520135388
1986,0.44775009651333164
1987,0.38304399345312845
1988,0.09416045824326602
1989,0.4864301102638535
1990,0.38770299314647616
1991,-1.1960870875666245
1992,0.537868606840874
1993,1.1356538922480723
1994,0.10793599297906553
1995,-2.2345360761619304
1996,-0.16751151904246342
1997,-0.7709028318801501
1998,-0.801512602093382
1999,-0.9653203459615725
2000,1.1073943335179308
