hospital_id,observed_periods,urban,estimated_intercept,standard_error,ci_95_low,ci_95_high,oracle_hospital_intercept,estimated_centered_fe,oracle_centered_fe,absolute_centered_error,interval_width,estimated_rank,oracle_rank
1,7,0,58.82559676290538,2.117371128719493,54.67554935061517,62.97564417519558,61.04822583233745,-9.963293578333435,-8.778560524732058,1.1847330536013772,8.300094824580412,58.0,57.0
2,8,1,70.84346809661378,2.255858043119872,66.42198633209883,75.26494986112873,70.05013874091989,2.0545777553749645,0.2233523838503828,1.8312253715245816,8.842963529029902,24.0,30.0
3,4,1,69.26251633114698,2.719544355001182,63.932209395344664,74.5928232669493,72.23425657829014,0.4736259899081716,2.4074702212206347,1.933844231312463,10.660613871604632,30.0,22.0
4,6,1,71.99812190914764,2.4823000640862047,67.13281378353868,76.8634300347566,73.23039851916619,3.20923156790883,3.403612162096678,0.19438059418784803,9.730616251217924,18.0,16.0
5,4,0,72.83275533458566,2.8172610742359345,67.31092362908322,78.35458704008809,72.46789609157952,4.043864993346844,2.6411097345100103,1.4027552588368337,11.043663411004871,14.0,21.0
6,5,0,63.09349709350884,2.4021894731579345,58.38520572611929,67.8017884608984,64.26427323059924,-5.6953932477299745,-5.5625131264702645,0.13288012125970994,9.416582734779105,54.0,53.0
7,4,1,78.3192565390523,3.1034363340803703,72.23652132425478,84.40199175384983,77.95991600854644,9.530366197813493,8.133129651476935,1.3972365463365577,12.165470429595047,1.0,3.0
8,9,0,65.63727777314723,2.1650906278150592,61.39370014262972,69.88085540366475,66.709071121803,-3.151612568091579,-3.117715235266502,0.03389733282507734,8.487155261035035,45.0,46.0
9,7,1,70.65743927650598,2.210420467629726,66.32501515995172,74.98986339306025,70.56254964615567,1.868548935267171,0.7357632890861652,1.1327856461810057,8.664848233108529,25.0,27.0
10,4,0,69.62124942576673,2.692340223843285,64.3442625870339,74.89823626449957,70.09830774069435,0.8323590845279227,0.2715213836248438,0.5608377009030789,10.553973677465677,28.0,29.0
11,5,0,65.84706185587618,2.3996427323620377,61.14376210044658,70.55036161130577,65.47832912034552,-2.9418284853626346,-4.348457236723988,1.4066287513613531,9.406599510859195,44.0,50.0
12,6,0,67.06800595314992,2.4362221575939147,62.293010524265846,71.84300138203399,67.20959071918402,-1.7208843880888907,-2.6171956378854873,0.8963112497965966,9.549990857768144,39.0,42.0
13,11,0,73.79637548659103,2.2232245560639177,69.43885535670576,78.1538956164763,72.97265547756186,5.00748514535222,3.1458691204923497,1.8616160248598703,8.715040259770547,9.0,17.0
14,12,1,71.05714534482908,2.1917815470150983,66.76125351267949,75.35303717697867,73.72889319067703,2.2682550035902693,3.902106833607519,1.6338518300172495,8.591783664299186,22.0,14.0
15,5,1,66.46600853014135,2.3559687973326096,61.84830968736944,71.08370737291327,67.06677632664888,-2.32288181109746,-2.7600100304206308,0.4371282193231707,9.23539768554383,40.0,43.0
16,5,1,73.45312369596408,2.8231102459517547,67.91982761389865,78.98641977802951,75.46181433869702,4.664233354725269,5.635027981627516,0.9707946269022472,11.066592164130867,12.0,10.0
17,7,0,68.77073294286565,2.4126865989024813,64.04186720901679,73.49959867671451,70.59837136290608,-0.018157398373162437,0.7715850058365703,0.7897424042097327,9.457731467697727,32.0,26.0
18,5,1,72.79902667830041,2.866862410200111,67.1799763543082,78.41807700229262,76.94668282757202,4.010136337061596,7.1198964705025105,3.109760133440915,11.238100647984425,16.0,7.0
19,12,0,68.3307034556017,2.1286908632800725,64.15846936357275,72.50293754763064,67.6870011645491,-0.45818688563711873,-2.1397851925204066,1.6815983068832878,8.344468184057888,34.0,39.0
20,10,0,68.18354253037418,2.049445811916701,64.16662873901745,72.20045632173091,67.27327505691737,-0.6053478108646289,-2.553511300152138,1.9481634892875093,8.033827582713457,35.0,41.0
21,8,0,70.43981903854997,2.3514621825891564,65.83095316067522,75.04868491642472,71.85934769588206,1.6509286973111585,2.032561338812556,0.38163264150139753,9.217731755749497,26.0,23.0
22,12,1,65.5442791817924,2.1164798588764304,61.395978658394604,69.69257970519021,67.8031651169284,-3.244611159446407,-2.023621240141111,1.2209899193052962,8.296601046795608,46.0,38.0
23,11,0,67.55407327518304,2.1609587834141073,63.31859405969139,71.7895524906747,69.75726814514915,-1.2348170660557685,-0.06951821192035368,1.1652988541354148,8.470958430983302,38.0,33.0
24,5,1,71.90844068342885,2.6638309680471486,66.68733198605644,77.12954938080127,73.3179353015659,3.1195503421900384,3.4911489444963877,0.37159860230634933,10.44221739474483,19.0,15.0
25,5,1,68.79898228600962,2.4771702239847517,63.9437286469995,73.65423592501973,69.20255060673117,0.010091944770806549,-0.6242357503383431,0.6343276951091497,9.71050727802023,31.0,36.0
26,4,1,73.64555109776667,2.843132947115439,68.07301052142041,79.21809167411293,78.11941496868434,4.856660756527859,8.29262861161483,3.4359678550869717,11.145081152692512,10.0,2.0
27,5,0,64.64042019752942,2.4052703566330234,59.9260902985287,69.35475009653015,66.9921175247851,-4.148470143709389,-2.8346688322844074,1.3138013114249816,9.428659798001455,50.0,44.0
28,9,0,63.459748439472506,2.0745428141213447,59.39364452379467,67.52585235515033,65.58897104436787,-5.329141901766306,-4.237815312701642,1.0913265890646642,8.132207831355664,52.0,49.0
29,4,0,65.974372717509,2.7077713241432866,60.66714092218815,71.28160451282984,69.8709216163792,-2.814517623729813,0.04413525930969797,2.858652883039511,10.61446359064169,42.0,32.0
30,10,1,72.80223545357732,2.3438726055293526,68.2082451467398,77.39622576041485,72.48608963198608,4.013345112338513,2.6593032749165673,1.3540418374219456,9.187980613675052,15.0,20.0
31,11,0,78.20079932945481,2.5059920298337173,73.28905495098073,83.1125437079289,78.698959455927,9.411908988215998,8.872173098857488,0.5397358893585107,9.823488756948166,2.0,1.0
32,11,0,64.9741390676499,2.0631836381231334,60.93029913692856,69.01797899837125,65.33658475905547,-3.814751273588911,-4.490201598014039,0.6754503244251282,8.087679861442687,48.0,51.0
33,11,0,72.21569916943909,2.3425152955185062,67.62436919022282,76.80702914865536,72.95271618672345,3.4268088282002793,3.1259298296539413,0.30087899854633804,9.182659958432538,17.0,18.0
34,7,1,76.1227857708773,2.6129225622507692,71.00145754886579,81.24411399288881,76.14887653502272,7.333895429638488,6.322090177953214,1.0118052516852742,10.242656444023027,3.0,8.0
35,12,1,69.37944821283365,2.108995228589383,65.24581756479846,73.51307886086884,69.43700971162674,0.5905578715948394,-0.38977664544276536,0.9803345170376048,8.267261296070387,29.0,34.0
36,5,1,75.66200403385572,2.741701899051591,70.2882683117146,81.03573975599684,77.16018004887353,6.873113692616911,7.3333936918040195,0.46027999918710805,10.74747144428224,4.0,5.0
37,9,1,73.50150497202875,2.4178617474464654,68.76249594703368,78.24051399702383,74.69870202414538,4.712614630789943,4.871915667075868,0.15930103628592462,9.47801804999014,11.0,12.0
38,4,0,74.25840598685907,2.839867836720842,68.69226502688622,79.82454694683193,74.8216804142549,5.4695156456202625,4.994894057185391,0.47462158843487146,11.132281919945711,7.0,11.0
39,8,0,68.37721448021918,2.194419358322981,64.07615253790614,72.67827642253222,66.363664340803,-0.4116758610196314,-3.46312201626651,3.051446155246879,8.602123884626081,33.0,47.0
40,6,0,60.90496213497857,2.067352615527391,56.852951008544885,64.95697326141226,60.992585570983195,-7.883928206260244,-8.834200786086313,0.9502725798260698,8.104022252867374,57.0,58.0
41,7,1,75.24258860776477,2.63980439632229,70.06857199097308,80.41660522455646,77.20567810258869,6.4536982665259615,7.378891745519184,0.9251934789932221,10.34803323358338,5.0,4.0
42,5,0,63.28286070743298,2.4459955656488046,58.48870939876132,68.07701201610463,65.92109798167202,-5.506029633805831,-3.9056883753974887,1.600341258408342,9.58830261734331,53.0,48.0
43,7,0,67.82062717901572,2.2869843293317986,63.33813789352539,72.30311646450605,69.89732168069595,-0.9682631622230957,0.07053532362644432,1.03879848584954,8.964978570980655,36.0,31.0
44,7,0,67.66818494682423,2.299505727856155,63.16115372022616,72.17521617342229,69.33855682821915,-1.1207053944145855,-0.4882295288503542,0.6324758655642313,9.014062453196125,37.0,35.0
45,4,0,61.31225411548733,2.4685819850140116,56.47383342485986,66.1506748061148,62.70702115535924,-7.476636225751484,-7.1197652017102655,0.35687102404121873,9.676841381254931,56.0,55.0
46,7,0,64.75774933158081,2.2975459390212554,60.25455929109915,69.26093937206247,64.12538068626701,-4.0311410096580005,-5.701405670802501,1.6702646611445005,9.006380080963318,49.0,54.0
47,9,0,71.90670376996265,2.3790123677670896,67.24383952913915,76.56956801078614,71.06727653526667,3.117813428723835,1.2404901781971631,1.877323250526672,9.32572848164699,20.0,24.0
48,10,1,73.89795169378877,2.336561308861544,69.31829152842015,78.47761185915739,74.05913536482102,5.109061352549958,4.232349007751509,0.8767123447984488,9.159320330737245,8.0,13.0
49,9,0,57.716532786417744,1.9488238895933139,53.89683796281485,61.53622761002064,57.483477050078406,-11.072357554821068,-12.343309306991102,1.2709517521700349,7.639389647205789,59.0,59.0
50,11,1,73.44092580991195,2.382742502525365,68.77075050496224,78.11110111486165,76.1085540964167,4.652035468673134,6.281767739347188,1.6297322706740545,9.340350609899417,13.0,9.0
51,8,1,75.03140201000767,2.5392105941291137,70.05454924551461,80.00825477450073,76.98286399316683,6.242511668768856,7.156077636097322,0.9135659673284664,9.95370552898612,6.0,6.0
52,11,1,71.52640951310929,2.2528804995531275,67.11076373398515,75.94205529223342,72.83534427258819,2.737519171870474,3.0085579155186792,0.2710387436482051,8.831291558248267,21.0,19.0
53,12,1,70.97783475635532,2.0929083716224484,66.87573434797532,75.07993516473532,70.16663116320767,2.1889444151165094,0.33984480613816004,1.8490996089783494,8.204200816759993,23.0,28.0
54,9,0,70.22394916618494,2.281797895335083,65.75162529132817,74.6962730410417,70.86788649401915,1.4350588249461254,1.0411001369496375,0.3939586879964878,8.944647749713539,27.0,25.0
55,8,0,54.46172979647572,1.790710741603597,50.95193674293267,57.97152285001877,56.17523738433103,-14.327160544763089,-13.651548972738482,0.6756115720246072,7.0195861070860985,60.0,60.0
56,9,0,65.91079460679181,2.14377635242727,61.708992956034365,70.11259625754926,68.06254739018036,-2.878095734447001,-1.7642389668891525,1.1138567675578486,8.403603301514892,43.0,37.0
57,11,0,66.2589233044777,2.0952670688348727,62.152199849561356,70.36564675939405,67.59118977717831,-2.529967036761107,-2.235596579891194,0.29437045686991326,8.213446909832697,41.0,40.0
58,6,0,63.707050348514315,2.267557429890612,59.26263778592872,68.15146291109991,64.76796445400436,-5.081839992724497,-5.058821903065152,0.023018089659345264,8.888825125171195,51.0,52.0
59,9,0,65.09453337678322,2.141431035476888,60.89732854724852,69.29173820631792,66.90693912463699,-3.6943569644555936,-2.9198472324325166,0.7745097320230769,8.394409659069396,47.0,45.0
60,10,0,61.86662410235281,1.9966342540492488,57.95322096441628,65.78002724028934,62.679914094446566,-6.922266238886003,-7.146872262622942,0.22460602373693916,7.826806275873061,55.0,56.0
