region_id,month,treated,post,did,visits_per_1000,oracle_time_shock
1,1,0,0,0,49.78292304903365,0.0
1,2,0,0,0,49.777064387423934,4.0
1,3,0,0,0,48.64879222566566,-2.0
1,4,0,0,0,51.670550004447385,5.0
1,5,0,0,0,49.810326436385566,1.0
1,6,0,0,0,47.39751777251875,-3.0
1,7,0,1,0,58.08698831482021,6.0
1,8,0,1,0,49.11635524636308,2.0
1,9,0,1,0,47.768233268287325,-1.0
1,10,0,1,0,55.557740555628726,4.0
1,11,0,1,0,51.61922098597955,0.0
1,12,0,1,0,45.922762241821964,-4.0
2,1,0,0,0,48.94588686432186,0.0
2,2,0,0,0,53.20884300954581,4.0
2,3,0,0,0,48.91713644322538,-2.0
2,4,0,0,0,54.39787801310251,5.0
2,5,0,0,0,45.67702347455767,1.0
2,6,0,0,0,47.22777719282518,-3.0
2,7,0,1,0,53.94046228855125,6.0
2,8,0,1,0,49.75665369541848,2.0
2,9,0,1,0,48.673330048927525,-1.0
2,10,0,1,0,54.683555736567875,4.0
2,11,0,1,0,46.99856123242856,0.0
2,12,0,1,0,44.52506375458828,-4.0
3,1,0,0,0,46.46141430225088,0.0
3,2,0,0,0,48.829710101849194,4.0
3,3,0,0,0,44.05918832437662,-2.0
3,4,0,0,0,49.26293866731053,5.0
3,5,0,0,0,48.0076368609028,1.0
3,6,0,0,0,42.04233015128752,-3.0
3,7,0,1,0,52.42948521691894,6.0
3,8,0,1,0,46.0899171180678,2.0
3,9,0,1,0,42.97766925212357,-1.0
3,10,0,1,0,50.55935724043712,4.0
3,11,0,1,0,47.72668205110487,0.0
3,12,0,1,0,42.55208420687541,-4.0
4,1,0,0,0,52.75209261406197,0.0
4,2,0,0,0,56.575635637766645,4.0
4,3,0,0,0,47.64516166519777,-2.0
4,4,0,0,0,54.71941028454766,5.0
4,5,0,0,0,51.72156059238889,1.0
4,6,0,0,0,50.19884974062046,-3.0
4,7,0,1,0,55.94444324078306,6.0
4,8,0,1,0,54.01243193420031,2.0
4,9,0,1,0,50.95179298095872,-1.0
4,10,0,1,0,56.604615121767296,4.0
4,11,0,1,0,52.83863303932633,0.0
4,12,0,1,0,47.05879034671578,-4.0
5,1,0,0,0,50.109579412258746,0.0
5,2,0,0,0,55.21971519286857,4.0
5,3,0,0,0,49.05915185642458,-2.0
5,4,0,0,0,56.76945209328652,5.0
5,5,0,0,0,52.184041768156746,1.0
5,6,0,0,0,50.241321095590195,-3.0
5,7,0,1,0,59.682588741399584,6.0
5,8,0,1,0,53.069777293125476,2.0
5,9,0,1,0,51.10630324752837,-1.0
5,10,0,1,0,57.59007994234135,4.0
5,11,0,1,0,48.789161821729124,0.0
5,12,0,1,0,42.85444508697815,-4.0
6,1,0,0,0,50.64388833008333,0.0
6,2,0,0,0,56.23520445465899,4.0
6,3,0,0,0,49.42377126206169,-2.0
6,4,0,0,0,54.51498617166472,5.0
6,5,0,0,0,49.44963081229142,1.0
6,6,0,0,0,47.842724932843694,-3.0
6,7,0,1,0,56.064857976850156,6.0
6,8,0,1,0,54.58280113324819,2.0
6,9,0,1,0,48.68721291699614,-1.0
6,10,0,1,0,52.97306912180229,4.0
6,11,0,1,0,48.962905587957486,0.0
6,12,0,1,0,44.78369736906275,-4.0
7,1,0,0,0,52.60562240794559,0.0
7,2,0,0,0,56.629871971276685,4.0
7,3,0,0,0,50.548709731695524,-2.0
7,4,0,0,0,57.38816027404103,5.0
7,5,0,0,0,52.85437319122876,1.0
7,6,0,0,0,48.346947172800135,-3.0
7,7,0,1,0,59.827268413037594,6.0
7,8,0,1,0,55.05740820461087,2.0
7,9,0,1,0,51.083217204338126,-1.0
7,10,0,1,0,56.31088547604124,4.0
7,11,0,1,0,53.50080085018337,0.0
7,12,0,1,0,49.822351588377344,-4.0
8,1,0,0,0,46.57753489920918,0.0
8,2,0,0,0,51.20968846930871,4.0
8,3,0,0,0,44.380076495856585,-2.0
8,4,0,0,0,50.52562242338022,5.0
8,5,0,0,0,47.919295285715194,1.0
8,6,0,0,0,44.20239182164609,-3.0
8,7,0,1,0,53.14883483264746,6.0
8,8,0,1,0,47.1027883613405,2.0
8,9,0,1,0,47.684459519467595,-1.0
8,10,0,1,0,51.28630138340934,4.0
8,11,0,1,0,48.670451402459314,0.0
8,12,0,1,0,44.68244370644615,-4.0
9,1,0,0,0,49.25468475869105,0.0
9,2,0,0,0,51.49000516021481,4.0
9,3,0,0,0,46.452926999320475,-2.0
9,4,0,0,0,54.09990041268395,5.0
9,5,0,0,0,51.02298833039467,1.0
9,6,0,0,0,45.45173077728269,-3.0
9,7,0,1,0,54.46315701795368,6.0
9,8,0,1,0,50.77709933778514,2.0
9,9,0,1,0,46.89503970372025,-1.0
9,10,0,1,0,52.91107730276249,4.0
9,11,0,1,0,47.789868655160426,0.0
9,12,0,1,0,42.51255317211279,-4.0
10,1,0,0,0,42.69600547676282,0.0
10,2,0,0,0,50.18496146237655,4.0
10,3,0,0,0,44.55074527082445,-2.0
10,4,0,0,0,50.927238012281606,5.0
10,5,0,0,0,47.835803708570886,1.0
10,6,0,0,0,43.441299359247324,-3.0
10,7,0,1,0,50.719575880060894,6.0
10,8,0,1,0,47.71273542723341,2.0
10,9,0,1,0,47.65159953614057,-1.0
10,10,0,1,0,52.385903222452065,4.0
10,11,0,1,0,48.084519747886745,0.0
10,12,0,1,0,44.091759718043406,-4.0
11,1,0,0,0,51.73881105152584,0.0
11,2,0,0,0,57.23984392583517,4.0
11,3,0,0,0,51.06961724451171,-2.0
11,4,0,0,0,58.66567464208126,5.0
11,5,0,0,0,52.83114071021965,1.0
11,6,0,0,0,49.58876789909155,-3.0
11,7,0,1,0,58.20972149289235,6.0
11,8,0,1,0,55.060966741854735,2.0
11,9,0,1,0,51.42381314394191,-1.0
11,10,0,1,0,56.35697128512534,4.0
11,11,0,1,0,54.70162927270156,0.0
11,12,0,1,0,47.768681703451286,-4.0
12,1,0,0,0,49.952765145166175,0.0
12,2,0,0,0,52.83042251447306,4.0
12,3,0,0,0,46.86875550109148,-2.0
12,4,0,0,0,55.731143434572886,5.0
12,5,0,0,0,50.49289785279259,1.0
12,6,0,0,0,46.39151073669811,-3.0
12,7,0,1,0,54.70329417211582,6.0
12,8,0,1,0,53.377911147597146,2.0
12,9,0,1,0,49.09316657759097,-1.0
12,10,0,1,0,52.924973596566716,4.0
12,11,0,1,0,50.46451577016576,0.0
12,12,0,1,0,46.602564218973235,-4.0
13,1,0,0,0,51.9121761671833,0.0
13,2,0,0,0,54.75974425297296,4.0
13,3,0,0,0,46.63998863022214,-2.0
13,4,0,0,0,53.37520010190265,5.0
13,5,0,0,0,50.61574403060175,1.0
13,6,0,0,0,44.49424016201738,-3.0
13,7,0,1,0,57.46039670503037,6.0
13,8,0,1,0,49.87981002614003,2.0
13,9,0,1,0,48.39191421022992,-1.0
13,10,0,1,0,50.85971499366457,4.0
13,11,0,1,0,49.31427002130911,0.0
13,12,0,1,0,41.470049452922765,-4.0
14,1,0,0,0,49.77299801481551,0.0
14,2,0,0,0,56.62790526898907,4.0
14,3,0,0,0,48.139396452088235,-2.0
14,4,0,0,0,52.157901090826876,5.0
14,5,0,0,0,47.53910495315851,1.0
14,6,0,0,0,46.244409321073356,-3.0
14,7,0,1,0,54.21153492926308,6.0
14,8,0,1,0,49.40103398929158,2.0
14,9,0,1,0,48.5632685900634,-1.0
14,10,0,1,0,52.957396013008974,4.0
14,11,0,1,0,48.63751154683963,0.0
14,12,0,1,0,43.4284537634154,-4.0
15,1,0,0,0,50.6089810111723,0.0
15,2,0,0,0,54.556792709946045,4.0
15,3,0,0,0,50.20754573438963,-2.0
15,4,0,0,0,55.22676746411949,5.0
15,5,0,0,0,52.0935879426862,1.0
15,6,0,0,0,50.27120874300317,-3.0
15,7,0,1,0,58.65295268797075,6.0
15,8,0,1,0,52.491281939801084,2.0
15,9,0,1,0,48.60839786846388,-1.0
15,10,0,1,0,53.75047088350919,4.0
15,11,0,1,0,52.42144574577301,0.0
15,12,0,1,0,46.95754291210563,-4.0
16,1,0,0,0,45.97681802920714,0.0
16,2,0,0,0,50.88020160155132,4.0
16,3,0,0,0,43.74057848104489,-2.0
16,4,0,0,0,54.34413720628097,5.0
16,5,0,0,0,49.94260328066087,1.0
16,6,0,0,0,46.04490999797701,-3.0
16,7,0,1,0,56.00011388024906,6.0
16,8,0,1,0,49.58950340087801,2.0
16,9,0,1,0,47.12830301086701,-1.0
16,10,0,1,0,51.50242217201812,4.0
16,11,0,1,0,47.317975791148676,0.0
16,12,0,1,0,42.33061307709447,-4.0
17,1,0,0,0,53.91324295523317,0.0
17,2,0,0,0,58.41038159252736,4.0
17,3,0,0,0,52.1279900004437,-2.0
17,4,0,0,0,60.53951558665764,5.0
17,5,0,0,0,55.962710447055215,1.0
17,6,0,0,0,47.9900415520492,-3.0
17,7,0,1,0,57.28773650787324,6.0
17,8,0,1,0,54.68556626292829,2.0
17,9,0,1,0,54.15903526750667,-1.0
17,10,0,1,0,57.261696846441815,4.0
17,11,0,1,0,54.29911542932688,0.0
17,12,0,1,0,47.99414188220256,-4.0
18,1,0,0,0,49.88420868363365,0.0
18,2,0,0,0,53.86626187726806,4.0
18,3,0,0,0,49.05381325174029,-2.0
18,4,0,0,0,54.246360595111895,5.0
18,5,0,0,0,50.50054964134122,1.0
18,6,0,0,0,44.02129693663808,-3.0
18,7,0,1,0,57.44658524768757,6.0
18,8,0,1,0,50.99344070612564,2.0
18,9,0,1,0,48.146227577815544,-1.0
18,10,0,1,0,49.1983836284503,4.0
18,11,0,1,0,47.16982795309952,0.0
18,12,0,1,0,44.68621468837675,-4.0
19,1,0,0,0,51.869495860408975,0.0
19,2,0,0,0,57.45932513267522,4.0
19,3,0,0,0,46.66060746853463,-2.0
19,4,0,0,0,58.69685242076644,5.0
19,5,0,0,0,54.23916919336282,1.0
19,6,0,0,0,43.5240898645347,-3.0
19,7,0,1,0,58.01436801874782,6.0
19,8,0,1,0,54.90500639289424,2.0
19,9,0,1,0,51.8921593655449,-1.0
19,10,0,1,0,55.074427927340786,4.0
19,11,0,1,0,52.821886771674535,0.0
19,12,0,1,0,47.06357164405579,-4.0
20,1,0,0,0,47.76944188275605,0.0
20,2,0,0,0,53.35663399067578,4.0
20,3,0,0,0,45.287255074136674,-2.0
20,4,0,0,0,49.02868295340774,5.0
20,5,0,0,0,47.369136084433066,1.0
20,6,0,0,0,45.76686714679678,-3.0
20,7,0,1,0,52.84732442601147,6.0
20,8,0,1,0,49.59303859599762,2.0
20,9,0,1,0,45.521457989420526,-1.0
20,10,0,1,0,50.78299385297478,4.0
20,11,0,1,0,45.03672474069126,0.0
20,12,0,1,0,42.188681291368695,-4.0
21,1,0,0,0,53.99668899667052,0.0
21,2,0,0,0,56.35210799102611,4.0
21,3,0,0,0,49.8385668919786,-2.0
21,4,0,0,0,55.71051729267739,5.0
21,5,0,0,0,55.47169499103604,1.0
21,6,0,0,0,49.714015942871434,-3.0
21,7,0,1,0,60.28841181856286,6.0
21,8,0,1,0,56.30522867091753,2.0
21,9,0,1,0,52.16774191214143,-1.0
21,10,0,1,0,55.576802072425345,4.0
21,11,0,1,0,52.47313524708985,0.0
21,12,0,1,0,49.60301394050955,-4.0
22,1,0,0,0,48.03097780462617,0.0
22,2,0,0,0,54.550101832986904,4.0
22,3,0,0,0,51.20616634597617,-2.0
22,4,0,0,0,55.05021859558388,5.0
22,5,0,0,0,54.42314493938342,1.0
22,6,0,0,0,48.40841376816977,-3.0
22,7,0,1,0,57.85288953427487,6.0
22,8,0,1,0,50.879555710959366,2.0
22,9,0,1,0,49.98009629673748,-1.0
22,10,0,1,0,52.8392115628282,4.0
22,11,0,1,0,52.734611622100566,0.0
22,12,0,1,0,47.27085954510721,-4.0
23,1,0,0,0,54.603265035257124,0.0
23,2,0,0,0,55.79417980928707,4.0
23,3,0,0,0,48.79848020451806,-2.0
23,4,0,0,0,56.07942118645592,5.0
23,5,0,0,0,53.570798576012784,1.0
23,6,0,0,0,51.28447659469122,-3.0
23,7,0,1,0,57.88366883112612,6.0
23,8,0,1,0,52.790454591646245,2.0
23,9,0,1,0,53.32214078947699,-1.0
23,10,0,1,0,53.26165365410213,4.0
23,11,0,1,0,51.37184169496037,0.0
23,12,0,1,0,46.47262164703018,-4.0
24,1,0,0,0,52.48001015991286,0.0
24,2,0,0,0,55.50360422698712,4.0
24,3,0,0,0,48.975564069001244,-2.0
24,4,0,0,0,56.92290791598971,5.0
24,5,0,0,0,52.313290223202806,1.0
24,6,0,0,0,48.55747170401318,-3.0
24,7,0,1,0,56.04089637043199,6.0
24,8,0,1,0,51.14195950299698,2.0
24,9,0,1,0,51.60714939864202,-1.0
24,10,0,1,0,55.02124963765189,4.0
24,11,0,1,0,52.021609335308966,0.0
24,12,0,1,0,47.125698286707596,-4.0
25,1,0,0,0,48.42783545970563,0.0
25,2,0,0,0,56.86681272691094,4.0
25,3,0,0,0,48.96410165953162,-2.0
25,4,0,0,0,54.38948391627429,5.0
25,5,0,0,0,51.056141705558225,1.0
25,6,0,0,0,50.20684625112957,-3.0
25,7,0,1,0,54.16586571630576,6.0
25,8,0,1,0,52.74960815555211,2.0
25,9,0,1,0,50.92024411437983,-1.0
25,10,0,1,0,57.01608369077418,4.0
25,11,0,1,0,50.58430011696719,0.0
25,12,0,1,0,44.74601170907008,-4.0
26,1,0,0,0,49.991832115072825,0.0
26,2,0,0,0,56.54284644437831,4.0
26,3,0,0,0,48.727070951062224,-2.0
26,4,0,0,0,55.73203685402752,5.0
26,5,0,0,0,51.6183640769153,1.0
26,6,0,0,0,47.41663095520441,-3.0
26,7,0,1,0,57.499762222413345,6.0
26,8,0,1,0,53.02066299385876,2.0
26,9,0,1,0,49.377015344623665,-1.0
26,10,0,1,0,53.897997134167944,4.0
26,11,0,1,0,49.126039776750865,0.0
26,12,0,1,0,48.4624892116681,-4.0
27,1,0,0,0,51.001605279238966,0.0
27,2,0,0,0,56.102156434113155,4.0
27,3,0,0,0,49.2242757831577,-2.0
27,4,0,0,0,55.71012757689216,5.0
27,5,0,0,0,52.0510482539623,1.0
27,6,0,0,0,46.16253662949151,-3.0
27,7,0,1,0,55.81648262784168,6.0
27,8,0,1,0,52.46979086841126,2.0
27,9,0,1,0,46.55139324374666,-1.0
27,10,0,1,0,56.13818023363612,4.0
27,11,0,1,0,53.981031570038105,0.0
27,12,0,1,0,43.1390009237673,-4.0
28,1,0,0,0,48.44196391387271,0.0
28,2,0,0,0,53.997803620944445,4.0
28,3,0,0,0,50.591529212555734,-2.0
28,4,0,0,0,55.10919640101001,5.0
28,5,0,0,0,53.503848850067946,1.0
28,6,0,0,0,47.2411568565607,-3.0
28,7,0,1,0,58.12527785055313,6.0
28,8,0,1,0,52.77876710336455,2.0
28,9,0,1,0,48.40315110271329,-1.0
28,10,0,1,0,57.20773474052115,4.0
28,11,0,1,0,50.43624588329144,0.0
28,12,0,1,0,45.21960714410819,-4.0
29,1,0,0,0,49.182612449254634,0.0
29,2,0,0,0,54.848644107913096,4.0
29,3,0,0,0,50.387340297892194,-2.0
29,4,0,0,0,53.13879009885596,5.0
29,5,0,0,0,51.15190236746334,1.0
29,6,0,0,0,47.09491857571086,-3.0
29,7,0,1,0,57.760927381049314,6.0
29,8,0,1,0,52.31649207570433,2.0
29,9,0,1,0,48.352420715534,-1.0
29,10,0,1,0,52.87343435315814,4.0
29,11,0,1,0,49.77622342494799,0.0
29,12,0,1,0,49.60610882332014,-4.0
30,1,0,0,0,48.425464302655804,0.0
30,2,0,0,0,52.61091990849789,4.0
30,3,0,0,0,45.72338740668597,-2.0
30,4,0,0,0,54.47229399628109,5.0
30,5,0,0,0,48.154452958191506,1.0
30,6,0,0,0,46.4478753041772,-3.0
30,7,0,1,0,56.681637801450115,6.0
30,8,0,1,0,51.072720945415604,2.0
30,9,0,1,0,49.867738072488734,-1.0
30,10,0,1,0,51.84552665261517,4.0
30,11,0,1,0,48.88867622363156,0.0
30,12,0,1,0,46.468799242228926,-4.0
31,1,0,0,0,50.26509450226535,0.0
31,2,0,0,0,52.94489185881558,4.0
31,3,0,0,0,47.66023552267593,-2.0
31,4,0,0,0,55.28339265266304,5.0
31,5,0,0,0,50.3986605756087,1.0
31,6,0,0,0,46.03685654751435,-3.0
31,7,0,1,0,53.65354694091547,6.0
31,8,0,1,0,50.984944746380016,2.0
31,9,0,1,0,46.00439295095333,-1.0
31,10,0,1,0,55.04783152648988,4.0
31,11,0,1,0,49.38250111536327,0.0
31,12,0,1,0,46.149933067066755,-4.0
32,1,0,0,0,45.443802269151135,0.0
32,2,0,0,0,52.378957898897745,4.0
32,3,0,0,0,44.97216865635673,-2.0
32,4,0,0,0,51.892037465856326,5.0
32,5,0,0,0,49.68560062622998,1.0
32,6,0,0,0,42.26273537787146,-3.0
32,7,0,1,0,52.9408744938172,6.0
32,8,0,1,0,47.348346842459144,2.0
32,9,0,1,0,45.20822677819222,-1.0
32,10,0,1,0,53.239747989469954,4.0
32,11,0,1,0,48.27119693992164,0.0
32,12,0,1,0,44.08132574969818,-4.0
33,1,0,0,0,53.45350318192799,0.0
33,2,0,0,0,53.82659236181327,4.0
33,3,0,0,0,49.51541265504263,-2.0
33,4,0,0,0,56.17556590576847,5.0
33,5,0,0,0,52.87073214521428,1.0
33,6,0,0,0,47.48658303641611,-3.0
33,7,0,1,0,58.903269639736855,6.0
33,8,0,1,0,55.53700235912585,2.0
33,9,0,1,0,52.88223580701621,-1.0
33,10,0,1,0,57.569827327771996,4.0
33,11,0,1,0,55.41349189865077,0.0
33,12,0,1,0,48.26154541071944,-4.0
34,1,0,0,0,50.65751635256823,0.0
34,2,0,0,0,55.68076567601607,4.0
34,3,0,0,0,48.156664440748614,-2.0
34,4,0,0,0,55.06125751438298,5.0
34,5,0,0,0,54.339660338817865,1.0
34,6,0,0,0,49.639353487207174,-3.0
34,7,0,1,0,58.645836139572566,6.0
34,8,0,1,0,54.89160453882693,2.0
34,9,0,1,0,47.69551474342685,-1.0
34,10,0,1,0,54.61660724275995,4.0
34,11,0,1,0,51.503260971755005,0.0
34,12,0,1,0,47.99597277407104,-4.0
35,1,0,0,0,52.77731174762065,0.0
35,2,0,0,0,54.366055291880656,4.0
35,3,0,0,0,47.73132237907393,-2.0
35,4,0,0,0,55.538820323986045,5.0
35,5,0,0,0,50.76143738351961,1.0
35,6,0,0,0,48.704926709787145,-3.0
35,7,0,1,0,56.76026642432922,6.0
35,8,0,1,0,52.61406480087824,2.0
35,9,0,1,0,52.5449869148394,-1.0
35,10,0,1,0,54.06395604137572,4.0
35,11,0,1,0,52.384963356475204,0.0
35,12,0,1,0,44.970251529585305,-4.0
36,1,0,0,0,50.357221632398016,0.0
36,2,0,0,0,51.55763446982334,4.0
36,3,0,0,0,46.96727699112302,-2.0
36,4,0,0,0,56.19502904315281,5.0
36,5,0,0,0,50.820697668183215,1.0
36,6,0,0,0,47.48188366044347,-3.0
36,7,0,1,0,52.82059674289145,6.0
36,8,0,1,0,52.98409066055072,2.0
36,9,0,1,0,47.119900808871634,-1.0
36,10,0,1,0,53.55736065582139,4.0
36,11,0,1,0,51.03346856182074,0.0
36,12,0,1,0,48.37897990939456,-4.0
37,1,0,0,0,49.8948404750973,0.0
37,2,0,0,0,55.783493968840205,4.0
37,3,0,0,0,47.652205712309936,-2.0
37,4,0,0,0,55.31286464737818,5.0
37,5,0,0,0,51.96383217745974,1.0
37,6,0,0,0,46.18489818580093,-3.0
37,7,0,1,0,56.034420935386414,6.0
37,8,0,1,0,50.88433935670031,2.0
37,9,0,1,0,48.3283635866858,-1.0
37,10,0,1,0,52.76738080540125,4.0
37,11,0,1,0,49.90787974898825,0.0
37,12,0,1,0,44.40417177285629,-4.0
38,1,0,0,0,50.96637914035616,0.0
38,2,0,0,0,51.27384474301091,4.0
38,3,0,0,0,45.71468080607763,-2.0
38,4,0,0,0,52.68592146065862,5.0
38,5,0,0,0,48.630436284130866,1.0
38,6,0,0,0,45.85308829966462,-3.0
38,7,0,1,0,56.37846833722181,6.0
38,8,0,1,0,51.05607076214609,2.0
38,9,0,1,0,47.73693717723825,-1.0
38,10,0,1,0,54.22553261043884,4.0
38,11,0,1,0,47.08770996777407,0.0
38,12,0,1,0,44.48937329268186,-4.0
39,1,0,0,0,49.44906153448755,0.0
39,2,0,0,0,50.988973393664985,4.0
39,3,0,0,0,46.942317601997985,-2.0
39,4,0,0,0,50.66257874799067,5.0
39,5,0,0,0,48.25010757301598,1.0
39,6,0,0,0,43.24656636996923,-3.0
39,7,0,1,0,53.145456502236996,6.0
39,8,0,1,0,44.98630900433278,2.0
39,9,0,1,0,44.11161416256726,-1.0
39,10,0,1,0,49.015394057181766,4.0
39,11,0,1,0,46.30396959372759,0.0
39,12,0,1,0,44.519055243405425,-4.0
40,1,0,0,0,48.25866451460253,0.0
40,2,0,0,0,54.272076893540515,4.0
40,3,0,0,0,45.21598205285557,-2.0
40,4,0,0,0,53.91220297535178,5.0
40,5,0,0,0,47.80610703744181,1.0
40,6,0,0,0,46.37033093267126,-3.0
40,7,0,1,0,54.032365926943555,6.0
40,8,0,1,0,49.397579729707246,2.0
40,9,0,1,0,46.718830914575335,-1.0
40,10,0,1,0,51.72411481634788,4.0
40,11,0,1,0,50.067869093849275,0.0
40,12,0,1,0,45.14271624142744,-4.0
41,1,1,0,0,57.635437225860684,0.0
41,2,1,0,0,59.32132030888843,4.0
41,3,1,0,0,53.99991927089944,-2.0
41,4,1,0,0,63.40550878195898,5.0
41,5,1,0,0,55.19653247936109,1.0
41,6,1,0,0,54.38181751362068,-3.0
41,7,1,1,1,65.9100303480801,6.0
41,8,1,1,1,62.64056746451063,2.0
41,9,1,1,1,58.41331522300745,-1.0
41,10,1,1,1,63.828061765508984,4.0
41,11,1,1,1,61.62176101679165,0.0
41,12,1,1,1,56.27379962709675,-4.0
42,1,1,0,0,56.372867473058356,0.0
42,2,1,0,0,60.0045637000555,4.0
42,3,1,0,0,55.81546424969743,-2.0
42,4,1,0,0,62.47533865607445,5.0
42,5,1,0,0,58.69137249285447,1.0
42,6,1,0,0,54.43916853858793,-3.0
42,7,1,1,1,66.5430469220589,6.0
42,8,1,1,1,63.63971964980756,2.0
42,9,1,1,1,59.23697160836788,-1.0
42,10,1,1,1,64.22840260427971,4.0
42,11,1,1,1,63.31437037195509,0.0
42,12,1,1,1,56.99911661889554,-4.0
43,1,1,0,0,54.070947729500475,0.0
43,2,1,0,0,56.02185275901664,4.0
43,3,1,0,0,52.99244005408327,-2.0
43,4,1,0,0,60.096256283507834,5.0
43,5,1,0,0,55.83753523517178,1.0
43,6,1,0,0,52.706428230771664,-3.0
43,7,1,1,1,64.5596741055324,6.0
43,8,1,1,1,61.755293269918994,2.0
43,9,1,1,1,56.34429310450933,-1.0
43,10,1,1,1,63.71495923403281,4.0
43,11,1,1,1,58.40021650681854,0.0
43,12,1,1,1,51.020646045124266,-4.0
44,1,1,0,0,51.09355890372252,0.0
44,2,1,0,0,58.85385256351309,4.0
44,3,1,0,0,47.843692248171735,-2.0
44,4,1,0,0,56.07517583975256,5.0
44,5,1,0,0,51.83950990894465,1.0
44,6,1,0,0,47.24769132866814,-3.0
44,7,1,1,1,61.95630472852618,6.0
44,8,1,1,1,58.76587938978609,2.0
44,9,1,1,1,54.904488793559764,-1.0
44,10,1,1,1,58.04045432020868,4.0
44,11,1,1,1,54.70323215712054,0.0
44,12,1,1,1,50.22075562738979,-4.0
45,1,1,0,0,57.74933584684423,0.0
45,2,1,0,0,61.475409018968165,4.0
45,3,1,0,0,57.197136898530616,-2.0
45,4,1,0,0,63.572457136772215,5.0
45,5,1,0,0,56.72813704792524,1.0
45,6,1,0,0,51.926421083251185,-3.0
45,7,1,1,1,66.71757169789586,6.0
45,8,1,1,1,62.4061880952657,2.0
45,9,1,1,1,60.57917876308407,-1.0
45,10,1,1,1,64.15255537638913,4.0
45,11,1,1,1,62.1001391745012,0.0
45,12,1,1,1,56.33882163832691,-4.0
46,1,1,0,0,55.08160286194371,0.0
46,2,1,0,0,58.51070503208335,4.0
46,3,1,0,0,53.7459906707554,-2.0
46,4,1,0,0,62.29101256787298,5.0
46,5,1,0,0,57.386857258649165,1.0
46,6,1,0,0,54.347042793725336,-3.0
46,7,1,1,1,63.5356302791445,6.0
46,8,1,1,1,62.921646651319904,2.0
46,9,1,1,1,58.483309486053535,-1.0
46,10,1,1,1,64.35596659085132,4.0
46,11,1,1,1,58.64285572880425,0.0
46,12,1,1,1,55.545543853144814,-4.0
47,1,1,0,0,56.36803233312379,0.0
47,2,1,0,0,57.79757672442289,4.0
47,3,1,0,0,51.87203697140497,-2.0
47,4,1,0,0,59.98688620838218,5.0
47,5,1,0,0,58.716731137544,1.0
47,6,1,0,0,50.43063592243322,-3.0
47,7,1,1,1,64.29634448059281,6.0
47,8,1,1,1,61.308138539162044,2.0
47,9,1,1,1,55.824467409007184,-1.0
47,10,1,1,1,60.53577396559638,4.0
47,11,1,1,1,57.81065532852797,0.0
47,12,1,1,1,52.9136122401434,-4.0
48,1,1,0,0,56.9189929644356,0.0
48,2,1,0,0,62.18923503964849,4.0
48,3,1,0,0,57.19133617999736,-2.0
48,4,1,0,0,64.37761750261197,5.0
48,5,1,0,0,58.464370394312446,1.0
48,6,1,0,0,53.65243662323713,-3.0
48,7,1,1,1,66.06943254010245,6.0
48,8,1,1,1,64.13378741392913,2.0
48,9,1,1,1,59.2245860892954,-1.0
48,10,1,1,1,63.43251658738901,4.0
48,11,1,1,1,58.525807297675975,0.0
48,12,1,1,1,57.19249581167865,-4.0
49,1,1,0,0,56.607019179071415,0.0
49,2,1,0,0,58.06570184844121,4.0
49,3,1,0,0,54.30922539875568,-2.0
49,4,1,0,0,61.960061538279305,5.0
49,5,1,0,0,60.45409036091962,1.0
49,6,1,0,0,51.95014128164563,-3.0
49,7,1,1,1,67.54392289686305,6.0
49,8,1,1,1,63.626675321167454,2.0
49,9,1,1,1,60.51808321827029,-1.0
49,10,1,1,1,65.60078745639952,4.0
49,11,1,1,1,61.16048844532507,0.0
49,12,1,1,1,55.96079702771908,-4.0
50,1,1,0,0,59.324402152902195,0.0
50,2,1,0,0,62.586757665886154,4.0
50,3,1,0,0,55.46367434117584,-2.0
50,4,1,0,0,61.31843648668986,5.0
50,5,1,0,0,60.21810467989946,1.0
50,6,1,0,0,51.623911165488785,-3.0
50,7,1,1,1,67.59432805216494,6.0
50,8,1,1,1,61.95177573749945,2.0
50,9,1,1,1,55.955761601752194,-1.0
50,10,1,1,1,63.19012749735452,4.0
50,11,1,1,1,61.47207555788684,0.0
50,12,1,1,1,54.61432604910838,-4.0
51,1,1,0,0,53.44626512533228,0.0
51,2,1,0,0,56.623232120262884,4.0
51,3,1,0,0,53.64366094479751,-2.0
51,4,1,0,0,58.582333021006065,5.0
51,5,1,0,0,51.566271175805696,1.0
51,6,1,0,0,50.94749130396348,-3.0
51,7,1,1,1,64.12762720104658,6.0
51,8,1,1,1,60.868902900068235,2.0
51,9,1,1,1,56.855154017221786,-1.0
51,10,1,1,1,60.77584960458153,4.0
51,11,1,1,1,56.66533751557001,0.0
51,12,1,1,1,53.53835790177639,-4.0
52,1,1,0,0,54.634454444042305,0.0
52,2,1,0,0,61.938921704930706,4.0
52,3,1,0,0,54.03698170493741,-2.0
52,4,1,0,0,57.41835866286764,5.0
52,5,1,0,0,57.89415069051073,1.0
52,6,1,0,0,53.188439930806595,-3.0
52,7,1,1,1,65.0256727028797,6.0
52,8,1,1,1,58.255274257201094,2.0
52,9,1,1,1,56.886163187005884,-1.0
52,10,1,1,1,63.5005404312048,4.0
52,11,1,1,1,59.17536512021794,0.0
52,12,1,1,1,52.076026103092744,-4.0
53,1,1,0,0,55.535690638673515,0.0
53,2,1,0,0,59.87148269708025,4.0
53,3,1,0,0,53.7634509601576,-2.0
53,4,1,0,0,60.12781298122045,5.0
53,5,1,0,0,55.44411781108449,1.0
53,6,1,0,0,51.22852988108505,-3.0
53,7,1,1,1,65.74640468802943,6.0
53,8,1,1,1,59.562763414369286,2.0
53,9,1,1,1,59.03471408096945,-1.0
53,10,1,1,1,66.014319607481,4.0
53,11,1,1,1,59.77494050409968,0.0
53,12,1,1,1,53.39341102149309,-4.0
54,1,1,0,0,53.62717920348361,0.0
54,2,1,0,0,62.95020304384658,4.0
54,3,1,0,0,54.670595972283,-2.0
54,4,1,0,0,61.63199946433917,5.0
54,5,1,0,0,56.12235818265879,1.0
54,6,1,0,0,53.12424215585905,-3.0
54,7,1,1,1,67.24460997124018,6.0
54,8,1,1,1,61.103020027361914,2.0
54,9,1,1,1,61.46135912936228,-1.0
54,10,1,1,1,64.4434055977149,4.0
54,11,1,1,1,59.75182611326941,0.0
54,12,1,1,1,54.538447673241436,-4.0
55,1,1,0,0,58.74841137293446,0.0
55,2,1,0,0,60.46652744881993,4.0
55,3,1,0,0,53.72888844614205,-2.0
55,4,1,0,0,61.59590036222527,5.0
55,5,1,0,0,54.93236188464728,1.0
55,6,1,0,0,55.21574576261986,-3.0
55,7,1,1,1,66.45403598634961,6.0
55,8,1,1,1,64.0349166487432,2.0
55,9,1,1,1,59.382910522221785,-1.0
55,10,1,1,1,65.69068866852473,4.0
55,11,1,1,1,60.70616924284969,0.0
55,12,1,1,1,56.69454284127596,-4.0
56,1,1,0,0,50.932679077027586,0.0
56,2,1,0,0,54.041851353782825,4.0
56,3,1,0,0,48.20612087924548,-2.0
56,4,1,0,0,57.19875717548415,5.0
56,5,1,0,0,51.75531630074856,1.0
56,6,1,0,0,46.96264113633305,-3.0
56,7,1,1,1,62.140738750841415,6.0
56,8,1,1,1,56.70102195150699,2.0
56,9,1,1,1,54.43899339094851,-1.0
56,10,1,1,1,60.36475251721312,4.0
56,11,1,1,1,53.523176112562936,0.0
56,12,1,1,1,50.77495382667512,-4.0
57,1,1,0,0,56.32035760475614,0.0
57,2,1,0,0,55.948240560187195,4.0
57,3,1,0,0,54.28639454318298,-2.0
57,4,1,0,0,61.88899391723096,5.0
57,5,1,0,0,56.08508919597935,1.0
57,6,1,0,0,52.27298732655162,-3.0
57,7,1,1,1,66.56623581641186,6.0
57,8,1,1,1,57.8430368325601,2.0
57,9,1,1,1,55.40829907676917,-1.0
57,10,1,1,1,62.26812043803788,4.0
57,11,1,1,1,58.9634862256501,0.0
57,12,1,1,1,55.22791515503892,-4.0
58,1,1,0,0,55.770203623114924,0.0
58,2,1,0,0,60.704807817510506,4.0
58,3,1,0,0,54.66110707408333,-2.0
58,4,1,0,0,58.492823804469836,5.0
58,5,1,0,0,56.05889966482383,1.0
58,6,1,0,0,50.34704927029299,-3.0
58,7,1,1,1,64.27872466952815,6.0
58,8,1,1,1,60.53709118357336,2.0
58,9,1,1,1,57.0124833969074,-1.0
58,10,1,1,1,59.26515218157899,4.0
58,11,1,1,1,59.740182918112296,0.0
58,12,1,1,1,54.56413230073,-4.0
59,1,1,0,0,54.240304535595406,0.0
59,2,1,0,0,58.76654316669999,4.0
59,3,1,0,0,51.46861911366881,-2.0
59,4,1,0,0,60.8300156299698,5.0
59,5,1,0,0,56.10176627146694,1.0
59,6,1,0,0,50.12157685155471,-3.0
59,7,1,1,1,64.28550686141094,6.0
59,8,1,1,1,58.331333638350124,2.0
59,9,1,1,1,56.08817943217244,-1.0
59,10,1,1,1,61.989406233212804,4.0
59,11,1,1,1,57.93644926509886,0.0
59,12,1,1,1,52.91068618215201,-4.0
60,1,1,0,0,54.7964777132919,0.0
60,2,1,0,0,59.35599826342964,4.0
60,3,1,0,0,57.16734128159489,-2.0
60,4,1,0,0,58.324400239848444,5.0
60,5,1,0,0,56.35671273506884,1.0
60,6,1,0,0,52.07880122627973,-3.0
60,7,1,1,1,66.42635741893241,6.0
60,8,1,1,1,62.05190823559187,2.0
60,9,1,1,1,54.99960113166658,-1.0
60,10,1,1,1,61.43635512152908,4.0
60,11,1,1,1,58.71387151884748,0.0
60,12,1,1,1,53.982877579026486,-4.0
61,1,1,0,0,56.9843855333428,0.0
61,2,1,0,0,61.885560274784275,4.0
61,3,1,0,0,51.23880429330202,-2.0
61,4,1,0,0,61.00565365818581,5.0
61,5,1,0,0,57.41615951338299,1.0
61,6,1,0,0,53.59892140770291,-3.0
61,7,1,1,1,65.46703110229903,6.0
61,8,1,1,1,63.65721302934254,2.0
61,9,1,1,1,56.23976313325015,-1.0
61,10,1,1,1,63.11051952606643,4.0
61,11,1,1,1,59.49154263048652,0.0
61,12,1,1,1,57.45577406953404,-4.0
62,1,1,0,0,56.15589371907718,0.0
62,2,1,0,0,63.55906781856466,4.0
62,3,1,0,0,55.23045104617763,-2.0
62,4,1,0,0,60.8183983246349,5.0
62,5,1,0,0,58.97254364477545,1.0
62,6,1,0,0,51.27022411431625,-3.0
62,7,1,1,1,68.53232052013965,6.0
62,8,1,1,1,58.43164257372644,2.0
62,9,1,1,1,57.1668737329039,-1.0
62,10,1,1,1,61.38074123931629,4.0
62,11,1,1,1,60.72945715384493,0.0
62,12,1,1,1,56.23445086458019,-4.0
63,1,1,0,0,55.81133649836872,0.0
63,2,1,0,0,57.61494940479237,4.0
63,3,1,0,0,54.04942944213013,-2.0
63,4,1,0,0,58.653772715186385,5.0
63,5,1,0,0,57.31078222626516,1.0
63,6,1,0,0,50.5174924536627,-3.0
63,7,1,1,1,62.71261380094106,6.0
63,8,1,1,1,59.25841075225329,2.0
63,9,1,1,1,57.14241696228419,-1.0
63,10,1,1,1,62.85177267815222,4.0
63,11,1,1,1,59.764070643075456,0.0
63,12,1,1,1,55.816589376987174,-4.0
64,1,1,0,0,57.053230620379075,0.0
64,2,1,0,0,60.16685595686086,4.0
64,3,1,0,0,56.97418833007007,-2.0
64,4,1,0,0,60.832846909504816,5.0
64,5,1,0,0,55.389070145595106,1.0
64,6,1,0,0,51.69027903139652,-3.0
64,7,1,1,1,62.57434407135513,6.0
64,8,1,1,1,59.48538315844467,2.0
64,9,1,1,1,56.994152375229895,-1.0
64,10,1,1,1,64.62613222668651,4.0
64,11,1,1,1,57.29453538164543,0.0
64,12,1,1,1,57.1063995797515,-4.0
65,1,1,0,0,52.53035392771193,0.0
65,2,1,0,0,57.88708039214495,4.0
65,3,1,0,0,51.48510070286478,-2.0
65,4,1,0,0,56.007530001822396,5.0
65,5,1,0,0,55.92489120409861,1.0
65,6,1,0,0,48.88205298719642,-3.0
65,7,1,1,1,62.82076227703789,6.0
65,8,1,1,1,59.96339289513839,2.0
65,9,1,1,1,54.8780437941656,-1.0
65,10,1,1,1,61.73592920074522,4.0
65,11,1,1,1,56.88272472759961,0.0
65,12,1,1,1,58.41702704983231,-4.0
66,1,1,0,0,54.96619744118201,0.0
66,2,1,0,0,60.16099426833304,4.0
66,3,1,0,0,54.99508235825447,-2.0
66,4,1,0,0,58.736601533064324,5.0
66,5,1,0,0,56.488360687938474,1.0
66,6,1,0,0,54.0716117455487,-3.0
66,7,1,1,1,64.7270610909296,6.0
66,8,1,1,1,59.00660731836255,2.0
66,9,1,1,1,56.950132872573874,-1.0
66,10,1,1,1,61.528413079371774,4.0
66,11,1,1,1,60.28763536547011,0.0
66,12,1,1,1,54.76945709993315,-4.0
67,1,1,0,0,58.782900849593894,0.0
67,2,1,0,0,60.85001562105218,4.0
67,3,1,0,0,52.80541228821222,-2.0
67,4,1,0,0,64.10545010803355,5.0
67,5,1,0,0,54.2425333795835,1.0
67,6,1,0,0,55.54359222273973,-3.0
67,7,1,1,1,67.35056465708976,6.0
67,8,1,1,1,62.067605065266676,2.0
67,9,1,1,1,62.383007070087395,-1.0
67,10,1,1,1,61.95987121753916,4.0
67,11,1,1,1,58.70747364685981,0.0
67,12,1,1,1,53.37239958621178,-4.0
68,1,1,0,0,53.00036199728074,0.0
68,2,1,0,0,56.31452164065708,4.0
68,3,1,0,0,51.644126760240766,-2.0
68,4,1,0,0,57.91271536072075,5.0
68,5,1,0,0,52.9688826387431,1.0
68,6,1,0,0,50.53571071381682,-3.0
68,7,1,1,1,62.83098151193542,6.0
68,8,1,1,1,58.566564180636185,2.0
68,9,1,1,1,52.6844322024846,-1.0
68,10,1,1,1,60.74943026745896,4.0
68,11,1,1,1,55.95700583727321,0.0
68,12,1,1,1,54.55296800426529,-4.0
69,1,1,0,0,54.50006998449532,0.0
69,2,1,0,0,62.11372091868963,4.0
69,3,1,0,0,54.76796372809218,-2.0
69,4,1,0,0,60.30674589310265,5.0
69,5,1,0,0,57.07497944614732,1.0
69,6,1,0,0,52.39048584476101,-3.0
69,7,1,1,1,64.63123965617196,6.0
69,8,1,1,1,60.49837866951065,2.0
69,9,1,1,1,56.81896518642143,-1.0
69,10,1,1,1,63.496296904008794,4.0
69,11,1,1,1,57.40402624795772,0.0
69,12,1,1,1,54.72431927498272,-4.0
70,1,1,0,0,56.86619640931119,0.0
70,2,1,0,0,58.11024257756776,4.0
70,3,1,0,0,52.90155558813724,-2.0
70,4,1,0,0,60.9584508512414,5.0
70,5,1,0,0,57.96628162601731,1.0
70,6,1,0,0,52.74614469779564,-3.0
70,7,1,1,1,65.86338721364352,6.0
70,8,1,1,1,60.227746118007325,2.0
70,9,1,1,1,59.80591059719513,-1.0
70,10,1,1,1,64.49822537899455,4.0
70,11,1,1,1,58.77461168214429,0.0
70,12,1,1,1,54.915026142495,-4.0
71,1,1,0,0,55.346389017470244,0.0
71,2,1,0,0,60.937027051013125,4.0
71,3,1,0,0,55.247224415808645,-2.0
71,4,1,0,0,62.06755191007179,5.0
71,5,1,0,0,55.28036364494088,1.0
71,6,1,0,0,49.369877264999296,-3.0
71,7,1,1,1,65.24902295238223,6.0
71,8,1,1,1,61.76964564204165,2.0
71,9,1,1,1,59.485896187199366,-1.0
71,10,1,1,1,62.734115157352335,4.0
71,11,1,1,1,58.33714135583073,0.0
71,12,1,1,1,54.49427630970083,-4.0
72,1,1,0,0,54.207808512411496,0.0
72,2,1,0,0,56.53124673181527,4.0
72,3,1,0,0,51.90610044604714,-2.0
72,4,1,0,0,60.50539863647476,5.0
72,5,1,0,0,58.579729399871084,1.0
72,6,1,0,0,49.59994731276411,-3.0
72,7,1,1,1,63.427297537247945,6.0
72,8,1,1,1,56.82767376211185,2.0
72,9,1,1,1,56.01993994721425,-1.0
72,10,1,1,1,63.004565265240714,4.0
72,11,1,1,1,57.14720443958609,0.0
72,12,1,1,1,56.89403442297874,-4.0
73,1,1,0,0,55.211114108131504,0.0
73,2,1,0,0,60.593934339787175,4.0
73,3,1,0,0,54.266352498421405,-2.0
73,4,1,0,0,59.06477809060732,5.0
73,5,1,0,0,56.43148498994062,1.0
73,6,1,0,0,53.47982639582593,-3.0
73,7,1,1,1,64.4162807055461,6.0
73,8,1,1,1,61.14402683110473,2.0
73,9,1,1,1,58.208351918236076,-1.0
73,10,1,1,1,61.772787058124536,4.0
73,11,1,1,1,59.76849239451659,0.0
73,12,1,1,1,55.11599279341256,-4.0
74,1,1,0,0,55.4052574494151,0.0
74,2,1,0,0,59.92173630105993,4.0
74,3,1,0,0,54.338425108848426,-2.0
74,4,1,0,0,60.488078391425525,5.0
74,5,1,0,0,57.604217465483785,1.0
74,6,1,0,0,52.47125420164435,-3.0
74,7,1,1,1,68.96183194634438,6.0
74,8,1,1,1,59.84476603162684,2.0
74,9,1,1,1,55.57751849252777,-1.0
74,10,1,1,1,63.66181792556287,4.0
74,11,1,1,1,57.57779172870971,0.0
74,12,1,1,1,53.40061716388799,-4.0
75,1,1,0,0,53.62078285718071,0.0
75,2,1,0,0,56.54976880167478,4.0
75,3,1,0,0,51.162750100689045,-2.0
75,4,1,0,0,56.067852998774285,5.0
75,5,1,0,0,54.73761202495415,1.0
75,6,1,0,0,48.64039575741039,-3.0
75,7,1,1,1,64.56401927915972,6.0
75,8,1,1,1,56.50877577033642,2.0
75,9,1,1,1,53.57942213317471,-1.0
75,10,1,1,1,61.31855052225145,4.0
75,11,1,1,1,53.49485779102099,0.0
75,12,1,1,1,55.76530744703801,-4.0
76,1,1,0,0,52.643056081651615,0.0
76,2,1,0,0,61.464778659528825,4.0
76,3,1,0,0,52.457044698221125,-2.0
76,4,1,0,0,61.47710481729823,5.0
76,5,1,0,0,57.55252114103586,1.0
76,6,1,0,0,53.32378546933651,-3.0
76,7,1,1,1,65.82917233700852,6.0
76,8,1,1,1,61.32081328398326,2.0
76,9,1,1,1,60.920029624679444,-1.0
76,10,1,1,1,66.92698062857238,4.0
76,11,1,1,1,58.21838290281974,0.0
76,12,1,1,1,53.34018497416782,-4.0
77,1,1,0,0,56.096502741537876,0.0
77,2,1,0,0,63.121469798314955,4.0
77,3,1,0,0,54.30909780746314,-2.0
77,4,1,0,0,66.80485676458727,5.0
77,5,1,0,0,57.147256025256524,1.0
77,6,1,0,0,55.09038540721965,-3.0
77,7,1,1,1,66.57999698004592,6.0
77,8,1,1,1,59.725888798433864,2.0
77,9,1,1,1,59.63192335168014,-1.0
77,10,1,1,1,67.12949222094073,4.0
77,11,1,1,1,61.16188069691358,0.0
77,12,1,1,1,57.583572878186274,-4.0
78,1,1,0,0,55.147357694959325,0.0
78,2,1,0,0,58.56513095520351,4.0
78,3,1,0,0,56.36488408722236,-2.0
78,4,1,0,0,63.048536963126026,5.0
78,5,1,0,0,56.159520527956616,1.0
78,6,1,0,0,54.02413849141724,-3.0
78,7,1,1,1,66.17469111615165,6.0
78,8,1,1,1,61.84341412554333,2.0
78,9,1,1,1,59.06139116568861,-1.0
78,10,1,1,1,62.600172261168076,4.0
78,11,1,1,1,56.92961864635471,0.0
78,12,1,1,1,55.440699349812185,-4.0
79,1,1,0,0,50.72510417940956,0.0
79,2,1,0,0,54.45669206855194,4.0
79,3,1,0,0,51.05321200015869,-2.0
79,4,1,0,0,55.11134005910447,5.0
79,5,1,0,0,53.304331773435685,1.0
79,6,1,0,0,45.36667981361975,-3.0
79,7,1,1,1,60.83167635201864,6.0
79,8,1,1,1,56.81341520867024,2.0
79,9,1,1,1,52.64278834319624,-1.0
79,10,1,1,1,59.45133671972688,4.0
79,11,1,1,1,53.7621715638568,0.0
79,12,1,1,1,53.57267303883101,-4.0
80,1,1,0,0,56.670314339570865,0.0
80,2,1,0,0,59.245190344128524,4.0
80,3,1,0,0,55.21448314485411,-2.0
80,4,1,0,0,60.779902632980345,5.0
80,5,1,0,0,57.204114743532124,1.0
80,6,1,0,0,54.203497681510555,-3.0
80,7,1,1,1,65.06066933434079,6.0
80,8,1,1,1,62.51820104699255,2.0
80,9,1,1,1,56.34423297938974,-1.0
80,10,1,1,1,63.63550506856069,4.0
80,11,1,1,1,60.72791771811488,0.0
80,12,1,1,1,54.451068852297595,-4.0
