person_id,period,training_hours,productivity_score,oracle_ability,university_degree,oracle_person_intercept
1,1,3.4106470548826495,37.36330503629658,-1.790354833532509,0,37.467516165272436
1,2,3.1457663610698696,47.473245086565136,-1.790354833532509,0,37.467516165272436
1,3,0.1282814449545313,37.681606261792986,-1.790354833532509,0,37.467516165272436
1,4,3.0759810230293936,47.37510341552066,-1.790354833532509,0,37.467516165272436
1,5,7.005690741674657,48.26535669863681,-1.790354833532509,0,37.467516165272436
1,6,4.264139593978552,45.44506243273288,-1.790354833532509,0,37.467516165272436
2,1,5.069870536804536,58.997137862535766,0.010027748183977375,0,50.07019423728784
2,2,7.683321883233807,64.77699648847225,0.010027748183977375,0,50.07019423728784
2,3,6.09810392516507,60.63156553552545,0.010027748183977375,0,50.07019423728784
2,4,6.192664205467299,60.542118130511334,0.010027748183977375,0,50.07019423728784
2,5,7.088293956058205,64.22855798678191,0.010027748183977375,0,50.07019423728784
2,6,7.27020356163225,55.240121491703256,0.010027748183977375,0,50.07019423728784
3,1,6.8321575214099255,62.82012897207161,0.4468513156580284,1,53.127959209606196
3,2,5.168056314026648,63.10108160095099,0.4468513156580284,1,53.127959209606196
3,3,4.104101561614649,58.19950067147505,0.4468513156580284,1,53.127959209606196
3,4,3.1203394504213113,60.793436426553214,0.4468513156580284,1,53.127959209606196
3,5,8.287745734926535,69.5310154529076,0.4468513156580284,1,53.127959209606196
3,6,4.982945117018703,61.856563892425115,0.4468513156580284,1,53.127959209606196
4,1,5.815962801133511,73.63948879556304,0.6460797038332384,0,54.52255792683267
4,2,5.482427701451862,61.52780166360644,0.6460797038332384,0,54.52255792683267
4,3,6.949544161359947,67.2616494843085,0.6460797038332384,0,54.52255792683267
4,4,7.151505175044832,66.35143626663213,0.6460797038332384,0,54.52255792683267
4,5,7.8459648692259805,69.15207689323385,0.6460797038332384,0,54.52255792683267
4,6,6.290501078008784,62.624122078828485,0.6460797038332384,0,54.52255792683267
5,1,6.207123133700127,71.27134977365381,0.49357921831590296,0,53.45505452821132
5,2,5.539547972252935,61.34572364137161,0.49357921831590296,0,53.45505452821132
5,3,7.111820755863109,67.5509541848999,0.49357921831590296,0,53.45505452821132
5,4,7.260395297968688,69.424624062072,0.49357921831590296,0,53.45505452821132
5,5,7.978090608873643,66.63105459826846,0.49357921831590296,0,53.45505452821132
5,6,10.08823808408083,74.40520693763285,0.49357921831590296,0,53.45505452821132
6,1,2.634736599364053,41.1213169257946,-1.147145353880152,0,41.96998252283893
6,2,2.9484581368662237,49.04893359883548,-1.147145353880152,0,41.96998252283893
6,3,4.83107616330417,51.964404608605065,-1.147145353880152,0,41.96998252283893
6,4,6.006253958059169,51.16734687867523,-1.147145353880152,0,41.96998252283893
6,5,3.434242345549683,42.5421924781877,-1.147145353880152,0,41.96998252283893
6,6,4.025574846733561,50.415127250296784,-1.147145353880152,0,41.96998252283893
7,1,6.922741070884899,79.63545150856002,1.5919832017092899,1,61.14388241196503
7,2,8.936038550482191,81.19752595076176,1.5919832017092899,1,61.14388241196503
7,3,6.450539037440729,75.68851053677436,1.5919832017092899,1,61.14388241196503
7,4,8.03470902745744,79.67486454026871,1.5919832017092899,1,61.14388241196503
7,5,10.141931940573222,75.07904453005892,1.5919832017092899,1,61.14388241196503
7,6,10.57068548377065,83.23446841283243,1.5919832017092899,1,61.14388241196503
8,1,5.971730913451566,50.58067680219496,-0.6581857756393987,1,45.39269957052421
8,2,3.4067098510869878,48.80570099425854,-0.6581857756393987,1,45.39269957052421
8,3,6.991821679850516,57.369491185444126,-0.6581857756393987,1,45.39269957052421
8,4,4.209222749163226,55.61018809807098,-0.6581857756393987,1,45.39269957052421
8,5,7.446231339445294,60.73997451729889,-0.6581857756393987,1,45.39269957052421
8,6,6.824808850437698,55.921336863371096,-0.6581857756393987,1,45.39269957052421
9,1,5.061256367640359,60.13272495764578,0.11250992923113513,0,50.78756950461795
9,2,4.884491381772612,59.422206018236814,0.11250992923113513,0,50.78756950461795
9,3,0.40732024535864486,49.939094125171664,0.11250992923113513,0,50.78756950461795
9,4,7.852690020237908,67.87746407490438,0.11250992923113513,0,50.78756950461795
9,5,7.128332579171957,68.49199069035156,0.11250992923113513,0,50.78756950461795
9,6,5.078370645384955,66.54678678945915,0.11250992923113513,0,50.78756950461795
10,1,5.2399581264289035,65.18438321681194,0.019661548138869573,1,50.137630836972086
10,2,5.572084611955097,63.43540347461753,0.019661548138869573,1,50.137630836972086
10,3,5.235434207259494,62.548856827927125,0.019661548138869573,1,50.137630836972086
10,4,5.406481983261222,57.62817533947042,0.019661548138869573,1,50.137630836972086
10,5,6.781779157230497,54.96795278888378,0.019661548138869573,1,50.137630836972086
10,6,7.13654365151531,57.91862284388894,0.019661548138869573,1,50.137630836972086
11,1,4.637197718141511,55.00490486040502,-0.9043341759308947,0,43.66966076848374
11,2,3.7772303420327815,47.48761045498342,-0.9043341759308947,0,43.66966076848374
11,3,2.358531885724891,44.19815376451308,-0.9043341759308947,0,43.66966076848374
11,4,5.634735601458687,54.26879699116541,-0.9043341759308947,0,43.66966076848374
11,5,5.037468617666525,54.28591983674457,-0.9043341759308947,0,43.66966076848374
11,6,2.7810192840750476,49.908260048871114,-0.9043341759308947,0,43.66966076848374
12,1,3.5560870749096853,57.139642333347226,-0.5580818561631959,0,46.09342700685763
12,2,2.8731983337704614,51.86280790479178,-0.5580818561631959,0,46.09342700685763
12,3,2.1672090493707508,50.130594922792525,-0.5580818561631959,0,46.09342700685763
12,4,4.344204638666207,50.20016051336976,-0.5580818561631959,0,46.09342700685763
12,5,4.844034234817057,51.207017550725425,-0.5580818561631959,0,46.09342700685763
12,6,5.627216612207327,51.275583417991015,-0.5580818561631959,0,46.09342700685763
13,1,5.448960665225939,65.7401994554071,0.5945310955123723,1,54.161717668586604
13,2,6.360644021793122,54.55818807257407,0.5945310955123723,1,54.161717668586604
13,3,6.11395799564135,63.31177319976315,0.5945310955123723,1,54.161717668586604
13,4,7.947010029247767,69.67433402616153,0.5945310955123723,1,54.161717668586604
13,5,5.3883772871353965,69.2142591204298,0.5945310955123723,1,54.161717668586604
13,6,6.517703510898766,65.55967133225194,0.5945310955123723,1,54.161717668586604
14,1,6.179301873681604,59.288047800947595,0.7457786381354065,1,55.220450466947845
14,2,6.314753865251881,67.64750145383951,0.7457786381354065,1,55.220450466947845
14,3,7.7549379987909,71.3857826834346,0.7457786381354065,1,55.220450466947845
14,4,6.807757131532378,62.179937736570025,0.7457786381354065,1,55.220450466947845
14,5,7.2521631939160836,66.10020931024496,0.7457786381354065,1,55.220450466947845
14,6,7.978867075266122,70.82277576217399,0.7457786381354065,1,55.220450466947845
15,1,5.844170149611282,53.37329208785137,-0.586644734670225,1,45.893486857308424
15,2,4.737390809423412,54.87545737196578,-0.586644734670225,1,45.893486857308424
15,3,5.780851323387396,56.20042397936726,-0.586644734670225,1,45.893486857308424
15,4,5.891855554182672,58.0161032550414,-0.586644734670225,1,45.893486857308424
15,5,7.961083146247214,61.8411403010894,-0.586644734670225,1,45.893486857308424
15,6,6.571585570808734,53.56218450239294,-0.586644734670225,1,45.893486857308424
16,1,6.476423559812365,68.50519453799684,1.0923628677394062,1,57.646540074175846
16,2,7.731295380683191,70.22778820645054,1.0923628677394062,1,57.646540074175846
16,3,6.005557295015013,70.31717589723995,1.0923628677394062,1,57.646540074175846
16,4,7.0746057383496925,72.32494538972217,1.0923628677394062,1,57.646540074175846
16,5,6.229082985455639,72.32030401202333,1.0923628677394062,1,57.646540074175846
16,6,6.74937209464326,71.72824623304439,1.0923628677394062,1,57.646540074175846
17,1,4.430633887948879,57.29550889935653,0.11967427258121463,1,50.8377199080685
17,2,6.350812378815114,61.05059571398429,0.11967427258121463,1,50.8377199080685
17,3,6.001700211383954,65.16954270729293,0.11967427258121463,1,50.8377199080685
17,4,6.590043806908896,63.15360568306283,0.11967427258121463,1,50.8377199080685
17,5,4.7825215346767616,58.83450826717662,0.11967427258121463,1,50.8377199080685
17,6,8.21092421563218,60.82307710221757,0.11967427258121463,1,50.8377199080685
18,1,7.453963708720858,71.98780596966655,1.3893365655144034,1,59.72535595860082
18,2,7.162698973943563,73.92186399510409,1.3893365655144034,1,59.72535595860082
18,3,7.776832234785291,67.6950910179015,1.3893365655144034,1,59.72535595860082
18,4,8.63685345630067,69.25090880043656,1.3893365655144034,1,59.72535595860082
18,5,7.64855814370601,73.14758073953772,1.3893365655144034,1,59.72535595860082
18,6,10.56119665961548,81.14717101675518,1.3893365655144034,1,59.72535595860082
19,1,6.550962709025978,57.43057191487813,-0.46259976709017914,0,46.761801630368744
19,2,5.460863212857129,59.163198913192886,-0.46259976709017914,0,46.761801630368744
19,3,3.834430268154586,54.84279826881258,-0.46259976709017914,0,46.761801630368744
19,4,4.63517004200833,52.95202395470627,-0.46259976709017914,0,46.761801630368744
19,5,4.33078775829102,59.01038921858116,-0.46259976709017914,0,46.761801630368744
19,6,6.168835926561309,58.81507370323862,-0.46259976709017914,0,46.761801630368744
20,1,4.542986922978403,54.16221435498239,-0.545344988616526,0,46.182585079684316
20,2,3.7824542004561934,57.51620038044311,-0.545344988616526,0,46.182585079684316
20,3,7.635453096483575,66.53657898684179,-0.545344988616526,0,46.182585079684316
20,4,7.598827375953585,59.805682847671434,-0.545344988616526,0,46.182585079684316
20,5,7.518606286415454,59.364558424813545,-0.545344988616526,0,46.182585079684316
20,6,7.30924284859501,60.165431554214194,-0.545344988616526,0,46.182585079684316
21,1,5.775288736261822,64.79741872833473,0.3718695391764119,0,52.60308677423488
21,2,6.594016734737431,66.80575160909575,0.3718695391764119,0,52.60308677423488
21,3,6.237278574548076,63.958667955137685,0.3718695391764119,0,52.60308677423488
21,4,5.949020970201462,68.11439215441577,0.3718695391764119,0,52.60308677423488
21,5,7.17576307815766,64.87157987329414,0.3718695391764119,0,52.60308677423488
21,6,6.062210579603443,61.56702706924006,0.3718695391764119,0,52.60308677423488
22,1,5.641096953711737,56.43519412551662,-0.4393669766143195,0,46.924431163699765
22,2,5.717802412049682,61.17209470159209,-0.4393669766143195,0,46.924431163699765
22,3,6.838619975282144,59.50993512053452,-0.4393669766143195,0,46.924431163699765
22,4,5.445174159925935,55.76249268334365,-0.4393669766143195,0,46.924431163699765
22,5,5.391561429202097,58.90857029956925,-0.4393669766143195,0,46.924431163699765
22,6,4.097579963533744,52.66118877451708,-0.4393669766143195,0,46.924431163699765
23,1,3.954963203734794,56.13613718345088,-0.04854637097016923,0,49.66017540320882
23,2,3.2853216693752385,52.60279883596547,-0.04854637097016923,0,49.66017540320882
23,3,8.183008617051527,60.20724890333574,-0.04854637097016923,0,49.66017540320882
23,4,9.199745143427453,67.22109053897339,-0.04854637097016923,0,49.66017540320882
23,5,8.773346848627867,61.61403795487871,-0.04854637097016923,0,49.66017540320882
23,6,5.334802334313034,58.69172222307499,-0.04854637097016923,0,49.66017540320882
24,1,7.641219731934557,70.41956823492887,0.6635870603131779,1,54.64510942219225
24,2,6.270617879159809,65.39431099583467,0.6635870603131779,1,54.64510942219225
24,3,7.2021214596746574,66.94076357772249,0.6635870603131779,1,54.64510942219225
24,4,8.45221064121167,69.63726457622761,0.6635870603131779,1,54.64510942219225
24,5,9.409957150211634,72.78563263368491,0.6635870603131779,1,54.64510942219225
24,6,5.625062656950401,66.21976193196825,0.6635870603131779,1,54.64510942219225
25,1,6.197207339369601,60.229237019883605,-0.1594898786537673,0,48.88357084942363
25,2,7.441382631616886,66.28321964193562,-0.1594898786537673,0,48.88357084942363
25,3,4.49864204536912,55.372154312917196,-0.1594898786537673,0,48.88357084942363
25,4,6.890053573583309,59.11413013510397,-0.1594898786537673,0,48.88357084942363
25,5,5.040210240018123,58.3729247376409,-0.1594898786537673,0,48.88357084942363
25,6,5.531312935640734,61.48431000851494,-0.1594898786537673,0,48.88357084942363
26,1,9.289561985112538,71.0801540043861,1.623882993736867,1,61.367180956158066
26,2,6.600258015124288,73.71242853947511,1.623882993736867,1,61.367180956158066
26,3,8.897972251760374,79.18198989238923,1.623882993736867,1,61.367180956158066
26,4,8.253960901306614,72.0286860854334,1.623882993736867,1,61.367180956158066
26,5,7.291438241230613,72.75543139523708,1.623882993736867,1,61.367180956158066
26,6,7.354862662658624,74.16870039065763,1.623882993736867,1,61.367180956158066
27,1,3.740437598514323,49.59058536239416,-0.6015764950429805,1,45.78896453469913
27,2,2.7437547003386342,52.21334560427321,-0.6015764950429805,1,45.78896453469913
27,3,3.324482459013467,46.26001801107608,-0.6015764950429805,1,45.78896453469913
27,4,5.002905464486008,51.13541258459461,-0.6015764950429805,1,45.78896453469913
27,5,7.986355433759789,58.3410141559897,-0.6015764950429805,1,45.78896453469913
27,6,1.7888550587060874,43.33809414840944,-0.6015764950429805,1,45.78896453469913
28,1,3.8601968638622988,51.64104186013996,-0.8822057911264265,0,43.82455946211501
28,2,5.752376497384724,58.32326343258757,-0.8822057911264265,0,43.82455946211501
28,3,5.134159996089464,60.53671382905995,-0.8822057911264265,0,43.82455946211501
28,4,3.1086296073279476,48.660414391009,-0.8822057911264265,0,43.82455946211501
28,5,6.140760697432221,51.11006203408467,-0.8822057911264265,0,43.82455946211501
28,6,3.9660127117654786,56.680424945895105,-0.8822057911264265,0,43.82455946211501
29,1,4.103201022277302,57.129515198869896,-0.02581567672415866,1,49.81929026293089
29,2,7.023374475637057,68.01716305257729,-0.02581567672415866,1,49.81929026293089
29,3,3.720786416236437,62.223457680319804,-0.02581567672415866,1,49.81929026293089
29,4,4.529497859062084,59.456101641579906,-0.02581567672415866,1,49.81929026293089
29,5,7.213174043070694,60.23953570423232,-0.02581567672415866,1,49.81929026293089
29,6,8.60863292161189,64.73951795447655,-0.02581567672415866,1,49.81929026293089
30,1,8.036420884634062,67.74138685934348,0.49721792639721407,0,53.4805254847805
30,2,5.936742453521249,69.12529831607817,0.49721792639721407,0,53.4805254847805
30,3,5.671587066175668,71.77152049570756,0.49721792639721407,0,53.4805254847805
30,4,7.02997670993661,69.57271198249474,0.49721792639721407,0,53.4805254847805
30,5,5.586553821685444,59.01342429805409,0.49721792639721407,0,53.4805254847805
30,6,6.811555167254601,65.65784949159053,0.49721792639721407,0,53.4805254847805
31,1,6.242486238524188,72.52205280012265,1.7397918911853982,1,62.17854323829779
31,2,10.30650458455929,79.55191191166747,1.7397918911853982,1,62.17854323829779
31,3,7.17901890230169,74.69739675320551,1.7397918911853982,1,62.17854323829779
31,4,10.10176843478305,77.00126707190601,1.7397918911853982,1,62.17854323829779
31,5,6.582677114123268,74.3371989775044,1.7397918911853982,1,62.17854323829779
31,6,11.477047748969913,84.55699228925612,1.7397918911853982,1,62.17854323829779
32,1,2.30093367934223,43.47909916651944,-0.932683048188906,0,43.47121866267766
32,2,4.9962616014273475,52.74279294137769,-0.932683048188906,0,43.47121866267766
32,3,3.544040697818941,52.467039387786386,-0.932683048188906,0,43.47121866267766
32,4,4.530826027899733,49.83175912730924,-0.932683048188906,0,43.47121866267766
32,5,5.50333897594019,50.85089959406844,-0.932683048188906,0,43.47121866267766
32,6,6.090037064793048,55.57241339374667,-0.932683048188906,0,43.47121866267766
33,1,5.838748795159989,66.51352613248285,0.5905432373446899,1,54.13380266141283
33,2,5.520812340362278,71.29874846619379,0.5905432373446899,1,54.13380266141283
33,3,5.30731788400519,58.00853656255685,0.5905432373446899,1,54.13380266141283
33,4,8.262863078131977,67.20871885378087,0.5905432373446899,1,54.13380266141283
33,5,6.359913975886425,67.07045565030258,0.5905432373446899,1,54.13380266141283
33,6,6.2237181736603295,68.15146333350708,0.5905432373446899,1,54.13380266141283
34,1,4.206109444452011,65.01113472987842,1.2297753070045438,1,58.608427149031805
34,2,9.841364148575245,71.97169116348354,1.2297753070045438,1,58.608427149031805
34,3,8.004196273769603,77.52419297650816,1.2297753070045438,1,58.608427149031805
34,4,6.166835098444167,76.27462160446026,1.2297753070045438,1,58.608427149031805
34,5,7.472084545690023,70.14420017061578,1.2297753070045438,1,58.608427149031805
34,6,6.631746668652314,69.04862164796164,1.2297753070045438,1,58.608427149031805
35,1,7.435879396187248,63.57428635158091,-0.11259805767465045,1,49.211813596277445
35,2,4.190779392192808,55.45308831897336,-0.11259805767465045,1,49.211813596277445
35,3,4.019908728324947,53.19835181044468,-0.11259805767465045,1,49.211813596277445
35,4,4.532350219823623,47.170798732397046,-0.11259805767465045,1,49.211813596277445
35,5,6.117519218852073,64.41087042119018,-0.11259805767465045,1,49.211813596277445
35,6,4.754483923155252,58.52625303827759,-0.11259805767465045,1,49.211813596277445
36,1,6.388616603068801,72.10255762649358,1.4320360097747054,1,60.02425206842294
36,2,9.464392724002991,81.84944101231541,1.4320360097747054,1,60.02425206842294
36,3,6.616949269159342,74.30132705867292,1.4320360097747054,1,60.02425206842294
36,4,8.011843176829558,70.799170666395,1.4320360097747054,1,60.02425206842294
36,5,7.882758397214661,71.55344477771406,1.4320360097747054,1,60.02425206842294
36,6,7.394834054817032,67.93685513645573,1.4320360097747054,1,60.02425206842294
37,1,7.0949129420838455,68.31072972443346,0.939740404829075,1,56.578182833803524
37,2,6.254696538322104,69.26922414322416,0.939740404829075,1,56.578182833803524
37,3,7.185736301793194,71.33841520581214,0.939740404829075,1,56.578182833803524
37,4,6.772524031205732,71.02434319952143,0.939740404829075,1,56.578182833803524
37,5,6.372502767576593,67.18602240452164,0.939740404829075,1,56.578182833803524
37,6,7.879152496329661,64.6153398703647,0.939740404829075,1,56.578182833803524
38,1,8.100950302421314,68.28794789404482,0.9643360828509788,1,56.750352579956854
38,2,5.9126046896998945,70.51422541178583,0.9643360828509788,1,56.750352579956854
38,3,7.515722144353699,70.22529432808011,0.9643360828509788,1,56.750352579956854
38,4,6.6858089697292575,73.52096167128782,0.9643360828509788,1,56.750352579956854
38,5,7.1505607992808695,64.55409987362694,0.9643360828509788,1,56.750352579956854
38,6,6.399294110883622,69.19202687700877,0.9643360828509788,1,56.750352579956854
39,1,4.080527669300746,49.00598075238013,-0.7272671318394,1,44.9091300771242
39,2,5.219143262018354,55.309120537135016,-0.7272671318394,1,44.9091300771242
39,3,3.397645853947253,55.71725396987554,-0.7272671318394,1,44.9091300771242
39,4,5.600769196969434,56.4074227857171,-0.7272671318394,1,44.9091300771242
39,5,5.663666735045563,54.255850129497645,-0.7272671318394,1,44.9091300771242
39,6,6.0011229669927815,47.55175196840624,-0.7272671318394,1,44.9091300771242
40,1,1.1988433217665948,39.29060197460204,-1.8014828858033616,0,37.38961979937647
40,2,4.564270753567143,45.843207547515206,-1.8014828858033616,0,37.38961979937647
40,3,3.6704867808194512,46.21952588554992,-1.8014828858033616,0,37.38961979937647
40,4,4.32023773771775,44.8939540219189,-1.8014828858033616,0,37.38961979937647
40,5,3.1907155131968494,36.9473232083407,-1.8014828858033616,0,37.38961979937647
40,6,6.1898853657646455,49.98752761701427,-1.8014828858033616,0,37.38961979937647
41,1,6.486869809162047,72.5249612775185,1.4411356205177386,1,60.087949343624175
41,2,5.985634885289228,76.60823515330091,1.4411356205177386,1,60.087949343624175
41,3,8.479221117909416,79.03994157147116,1.4411356205177386,1,60.087949343624175
41,4,10.35523217870307,74.08901527623715,1.4411356205177386,1,60.087949343624175
41,5,10.331068961018623,83.43266631265334,1.4411356205177386,1,60.087949343624175
41,6,8.40408881466466,71.23000704789091,1.4411356205177386,1,60.087949343624175
42,1,4.696645606630549,55.704304390471435,-0.8157804036655958,0,44.28953717434083
42,2,3.951963069755664,58.60834838717903,-0.8157804036655958,0,44.28953717434083
42,3,3.237126754078478,47.31650219922707,-0.8157804036655958,0,44.28953717434083
42,4,8.44613611790234,62.323326997370465,-0.8157804036655958,0,44.28953717434083
42,5,5.394512703205208,48.012814137871516,-0.8157804036655958,0,44.28953717434083
42,6,4.6381611648620655,46.75023646433564,-0.8157804036655958,0,44.28953717434083
43,1,2.573986694167922,51.404170884274095,-0.0205356638608104,1,49.85625035297433
43,2,5.261245504036003,57.653707489048976,-0.0205356638608104,1,49.85625035297433
43,3,5.549970560112118,61.89168776657331,-0.0205356638608104,1,49.85625035297433
43,4,7.490609548326188,62.03447047734548,-0.0205356638608104,1,49.85625035297433
43,5,5.957135338893554,59.353688578568985,-0.0205356638608104,1,49.85625035297433
43,6,7.025336916092668,63.58110539404844,-0.0205356638608104,1,49.85625035297433
44,1,6.141726246794469,63.09868576433487,-0.13228863435616986,0,49.07397955950681
44,2,5.353997222360365,56.26787884604106,-0.13228863435616986,0,49.07397955950681
44,3,6.079589316049153,60.01339063913511,-0.13228863435616986,0,49.07397955950681
44,4,5.369783198346804,58.01162178409805,-0.13228863435616986,0,49.07397955950681
44,5,6.434485970224575,63.52223584092012,-0.13228863435616986,0,49.07397955950681
44,6,7.693452827100527,62.90868834116712,-0.13228863435616986,0,49.07397955950681
45,1,4.60301828981869,43.64204098040968,-1.4585957689281517,0,39.78982961750294
45,2,1.4582819747070142,43.235351305226864,-1.4585957689281517,0,39.78982961750294
45,3,3.2172302042011465,41.911841077599995,-1.4585957689281517,0,39.78982961750294
45,4,3.692583563399711,47.6184215405786,-1.4585957689281517,0,39.78982961750294
45,5,3.8796168742638506,44.60060032834574,-1.4585957689281517,0,39.78982961750294
45,6,5.083616712075985,52.770856096809375,-1.4585957689281517,0,39.78982961750294
46,1,1.0398411474660838,39.521200811896676,-1.1749238627465997,0,41.7755329607738
46,2,4.710706462005433,49.358312365421355,-1.1749238627465997,0,41.7755329607738
46,3,3.84898409437304,50.23047235395366,-1.1749238627465997,0,41.7755329607738
46,4,4.934076985878264,49.503195419615736,-1.1749238627465997,0,41.7755329607738
46,5,5.365017740059918,51.34508332822812,-1.1749238627465997,0,41.7755329607738
46,6,4.45455736307298,51.396284243957396,-1.1749238627465997,0,41.7755329607738
47,1,2.539295998500384,60.29077815208096,0.2134553070533344,0,51.49418714937334
47,2,6.521077432603748,57.92923899148933,0.2134553070533344,0,51.49418714937334
47,3,8.516846492089869,66.27244266520044,0.2134553070533344,0,51.49418714937334
47,4,5.88317020318929,63.37939537290174,0.2134553070533344,0,51.49418714937334
47,5,10.080698070443232,77.25934196821959,0.2134553070533344,0,51.49418714937334
47,6,7.993623241373818,65.67728388619672,0.2134553070533344,0,51.49418714937334
48,1,6.619681368018909,67.42480552212919,0.8118270729642043,1,55.68278951074943
48,2,5.685285953733328,65.11985188898576,0.8118270729642043,1,55.68278951074943
48,3,6.39644991379071,70.58212448374564,0.8118270729642043,1,55.68278951074943
48,4,9.808762790532285,70.27591991523111,0.8118270729642043,1,55.68278951074943
48,5,7.456064143303013,70.03822028397593,0.8118270729642043,1,55.68278951074943
48,6,8.01451578881366,69.5038676926464,0.8118270729642043,1,55.68278951074943
49,1,1.9912989928037061,46.46370484126531,-2.5033045899843183,0,32.47686787010977
49,2,3.566552114755793,36.12352628122115,-2.5033045899843183,0,32.47686787010977
49,3,0.7508871983275716,32.197133914905436,-2.5033045899843183,0,32.47686787010977
49,4,1.219069082800852,29.073703980773757,-2.5033045899843183,0,32.47686787010977
49,5,2.161588285440657,41.87596182964263,-2.5033045899843183,0,32.47686787010977
49,6,4.114272386589058,37.10195873502715,-2.5033045899843183,0,32.47686787010977
50,1,6.648430997732972,66.28806386548719,1.221710819283339,1,58.55197573498337
50,2,6.090996653508258,76.41538583885239,1.221710819283339,1,58.55197573498337
50,3,10.031929654912476,81.65729718853756,1.221710819283339,1,58.55197573498337
50,4,7.388168829185138,74.29957716505982,1.221710819283339,1,58.55197573498337
50,5,10.263526449323557,73.88068382902543,1.221710819283339,1,58.55197573498337
50,6,9.372875996282723,73.73782655921528,1.221710819283339,1,58.55197573498337
51,1,7.123243765645043,67.32796586264436,1.396572798633367,1,59.77600959043357
51,2,9.390695063617112,72.57629630459091,1.396572798633367,1,59.77600959043357
51,3,7.418741318253689,72.11165185678294,1.396572798633367,1,59.77600959043357
51,4,9.45386280460147,79.8315745179108,1.396572798633367,1,59.77600959043357
51,5,10.100154428958312,82.38071775745138,1.396572798633367,1,59.77600959043357
51,6,9.389244414747889,74.46219689495183,1.396572798633367,1,59.77600959043357
52,1,6.509133347571136,68.18259327683687,0.5670688545176367,0,53.96948198162346
52,2,6.862138214602076,64.73525013513226,0.5670688545176367,0,53.96948198162346
52,3,3.7767882440824114,64.83169137606006,0.5670688545176367,0,53.96948198162346
52,4,8.476857620641272,72.12329454681253,0.5670688545176367,0,53.96948198162346
52,5,7.833740335604635,64.48347736849276,0.5670688545176367,0,53.96948198162346
52,6,8.216667277592098,72.56917921518718,0.5670688545176367,0,53.96948198162346
53,1,4.974137425693073,58.96693444735582,0.0333262326415324,0,50.233283628490724
53,2,3.4482592570794566,61.88835596098221,0.0333262326415324,0,50.233283628490724
53,3,3.68943374249131,56.80091879538332,0.0333262326415324,0,50.233283628490724
53,4,5.959397602306129,59.549248774526355,0.0333262326415324,0,50.233283628490724
53,5,4.324261260843889,56.24030732202897,0.0333262326415324,0,50.233283628490724
53,6,7.10088414611964,64.5627179957313,0.0333262326415324,0,50.233283628490724
54,1,6.131004935995391,58.2328620155515,0.17357729880382988,0,51.21504109162681
54,2,5.295116008899119,58.29182142131472,0.17357729880382988,0,51.21504109162681
54,3,6.4988168539761215,65.0339576473188,0.17357729880382988,0,51.21504109162681
54,4,7.112349232725467,64.84983903754839,0.17357729880382988,0,51.21504109162681
54,5,7.857093446082743,62.517710925381216,0.17357729880382988,0,51.21504109162681
54,6,7.732351662282655,62.39177559902443,0.17357729880382988,0,51.21504109162681
55,1,3.105580707371719,38.67818229292953,-2.764952523133794,0,30.64533233806344
55,2,2.399275739454647,39.74645037849493,-2.764952523133794,0,30.64533233806344
55,3,2.0416554172891868,29.0709755855283,-2.764952523133794,0,30.64533233806344
55,4,2.965599648682434,37.373626332163745,-2.764952523133794,0,30.64533233806344
55,5,2.613035195645162,34.80004966862447,-2.764952523133794,0,30.64533233806344
55,6,4.933226106964815,39.73125199065249,-2.764952523133794,0,30.64533233806344
56,1,4.8560833104072145,59.30029183153121,-0.38749052196392963,0,47.28756634625249
56,2,2.013475849872513,49.558683354192475,-0.38749052196392963,0,47.28756634625249
56,3,3.5172153864575226,51.91270999050847,-0.38749052196392963,0,47.28756634625249
56,4,5.983424996279565,57.61952325484694,-0.38749052196392963,0,47.28756634625249
56,5,4.2917828098892175,53.55447705666056,-0.38749052196392963,0,47.28756634625249
56,6,3.709010546393071,50.61420034996655,-0.38749052196392963,0,47.28756634625249
57,1,3.827559273379248,52.24801890126091,-0.48176204456433697,0,46.62766568804964
57,2,4.799045374044674,61.162033432655875,-0.48176204456433697,0,46.62766568804964
57,3,4.879559041715001,53.67753341912724,-0.48176204456433697,0,46.62766568804964
57,4,4.997027834972737,55.734460957886554,-0.48176204456433697,0,46.62766568804964
57,5,4.275617383198475,57.38853810963252,-0.48176204456433697,0,46.62766568804964
57,6,8.188644662705146,59.294431165738715,-0.48176204456433697,0,46.62766568804964
58,1,3.905683297229028,51.43182016180913,-1.0464071091991274,0,42.67515023560611
58,2,3.565745943102338,45.59431237489099,-1.0464071091991274,0,42.67515023560611
58,3,5.954827837747378,51.96822109011018,-1.0464071091991274,0,42.67515023560611
58,4,2.5912861737299417,51.650294052441474,-1.0464071091991274,0,42.67515023560611
58,5,5.001348301445572,50.793666844006324,-1.0464071091991274,0,42.67515023560611
58,6,5.491101023606736,54.34035804682921,-1.0464071091991274,0,42.67515023560611
59,1,4.532469019888605,55.89607281022861,-0.6186121750726004,0,45.669714774491794
59,2,6.287816159480288,57.95516955283518,-0.6186121750726004,0,45.669714774491794
59,3,4.363119013669676,52.995382626259186,-0.6186121750726004,0,45.669714774491794
59,4,5.0915238815789445,49.47714968167165,-0.6186121750726004,0,45.669714774491794
59,5,5.139595605451695,59.88799355158908,-0.6186121750726004,0,45.669714774491794
59,6,7.686542069121025,60.370898930502115,-0.6186121750726004,0,45.669714774491794
60,1,2.624073694616934,44.28942797225854,-1.4640171811106872,0,39.75187973222519
60,2,3.1732549116412536,50.2767662804495,-1.4640171811106872,0,39.75187973222519
60,3,4.229016976354812,46.95970667601275,-1.4640171811106872,0,39.75187973222519
60,4,5.036451735935216,52.959299629963105,-1.4640171811106872,0,39.75187973222519
60,5,7.0071186454409276,48.01445582117521,-1.4640171811106872,0,39.75187973222519
60,6,5.755336379097542,49.70652627364076,-1.4640171811106872,0,39.75187973222519
61,1,7.097162485494051,68.46920493766028,0.5375239060632646,1,53.76266734244285
61,2,7.240719346608483,66.98725768184417,0.5375239060632646,1,53.76266734244285
61,3,9.342166068649028,72.59493103237963,0.5375239060632646,1,53.76266734244285
61,4,8.830561870269358,70.71693619354468,0.5375239060632646,1,53.76266734244285
61,5,5.66218282273391,64.80752427050565,0.5375239060632646,1,53.76266734244285
61,6,6.495490379024924,59.93239261478711,0.5375239060632646,1,53.76266734244285
62,1,5.570214590367988,64.38520749376208,0.4997791181662405,0,53.49845382716369
62,2,7.6989419780649095,73.80914786758653,0.4997791181662405,0,53.49845382716369
62,3,4.686898684087399,66.298863118232,0.4997791181662405,0,53.49845382716369
62,4,8.292870654499861,61.37440090611433,0.4997791181662405,0,53.49845382716369
62,5,8.801135690855482,69.49080475642964,0.4997791181662405,0,53.49845382716369
62,6,5.730924624627291,59.8363990239475,0.4997791181662405,0,53.49845382716369
63,1,7.472798341425946,58.17608967068122,-0.30456567242666,1,47.86804029301338
63,2,3.9567087956596954,59.949610311850826,-0.30456567242666,1,47.86804029301338
63,3,9.546415498395863,67.8745988322813,-0.30456567242666,1,47.86804029301338
63,4,5.557083111733521,57.213990295033916,-0.30456567242666,1,47.86804029301338
63,5,6.990967609505421,62.626546540493216,-0.30456567242666,1,47.86804029301338
63,6,5.9677230550215254,58.59481559174403,-0.30456567242666,1,47.86804029301338
64,1,6.728074444688078,59.76210181722664,0.18221471304948175,0,51.27550299134637
64,2,5.397037005355216,60.88190079495733,0.18221471304948175,0,51.27550299134637
64,3,6.864664354847714,65.08397345685964,0.18221471304948175,0,51.27550299134637
64,4,6.743158932325265,60.52127543908489,0.18221471304948175,0,51.27550299134637
64,5,5.545108747227817,63.48340421806519,0.18221471304948175,0,51.27550299134637
64,6,7.177048523916656,64.63881505712955,0.18221471304948175,0,51.27550299134637
65,1,4.061268711271565,53.64699255945877,-0.8808106878420066,0,43.83432518510595
65,2,4.405092552452306,52.03893802722059,-0.8808106878420066,0,43.83432518510595
65,3,5.867568528116945,55.764684058697,-0.8808106878420066,0,43.83432518510595
65,4,6.460998281931511,58.80158969669862,-0.8808106878420066,0,43.83432518510595
65,5,4.672209023764348,51.41952403739211,-0.8808106878420066,0,43.83432518510595
65,6,5.010034398833616,53.165305811231875,-0.8808106878420066,0,43.83432518510595
66,1,3.128845201673027,61.65293511613291,0.7665256799555902,1,55.36567975968913
66,2,6.164192357327368,58.48997475116863,0.7665256799555902,1,55.36567975968913
66,3,8.228953079209964,71.09979163395847,0.7665256799555902,1,55.36567975968913
66,4,5.7265891174146795,57.83872294411325,0.7665256799555902,1,55.36567975968913
66,5,7.750999617273566,74.43158322549702,0.7665256799555902,1,55.36567975968913
66,6,7.108738962692143,64.40708009380833,0.7665256799555902,1,55.36567975968913
67,1,4.692742366272053,54.78168267827452,-1.0372563894034548,0,42.739205274175816
67,2,3.368549027092182,46.88102619733808,-1.0372563894034548,0,42.739205274175816
67,3,5.458300366652064,53.57209780234269,-1.0372563894034548,0,42.739205274175816
67,4,2.319489832591444,50.98922348034027,-1.0372563894034548,0,42.739205274175816
67,5,4.50113957392284,47.892918115580784,-1.0372563894034548,0,42.739205274175816
67,6,2.682138168345741,42.35177183180518,-1.0372563894034548,0,42.739205274175816
68,1,5.697100989945136,54.617489086928934,-0.6003246791028559,0,45.79772724628001
68,2,7.192778422537636,57.41921503546288,-0.6003246791028559,0,45.79772724628001
68,3,3.936577784094823,52.119048485409714,-0.6003246791028559,0,45.79772724628001
68,4,4.9510072932685185,57.31145869932647,-0.6003246791028559,0,45.79772724628001
68,5,8.088023089148342,63.811393709068994,-0.6003246791028559,0,45.79772724628001
68,6,5.084028773743515,50.806574164365855,-0.6003246791028559,0,45.79772724628001
69,1,6.2506634502091565,67.88610132640868,1.0609085697495164,1,57.42635998824662
69,2,5.394718279284403,64.47731290818986,1.0609085697495164,1,57.42635998824662
69,3,4.88915150717955,65.9610418537013,1.0609085697495164,1,57.42635998824662
69,4,8.665255333892164,69.96868242109781,1.0609085697495164,1,57.42635998824662
69,5,7.833611240111228,67.57272698897452,1.0609085697495164,1,57.42635998824662
69,6,7.815378766217085,67.09749491980546,1.0609085697495164,1,57.42635998824662
70,1,3.6087629114622057,53.91350388121994,-0.3746566608098166,0,47.37740337433129
70,2,5.110918711105567,58.14952277565938,-0.3746566608098166,0,47.37740337433129
70,3,6.278574439253797,54.49212595322211,-0.3746566608098166,0,47.37740337433129
70,4,5.092444644943818,58.273293716871805,-0.3746566608098166,0,47.37740337433129
70,5,4.438578207289063,57.40184223269717,-0.3746566608098166,0,47.37740337433129
70,6,7.673663928993863,66.05914957444243,-0.3746566608098166,0,47.37740337433129
71,1,5.663041060257246,61.05878111726884,0.6838602314688557,1,54.78702162028199
71,2,6.4638019556979165,64.88242418180039,0.6838602314688557,1,54.78702162028199
71,3,7.981290751873419,71.13236072548351,0.6838602314688557,1,54.78702162028199
71,4,9.004068735978713,71.60407958736612,0.6838602314688557,1,54.78702162028199
71,5,5.506633235972791,61.021079698054685,0.6838602314688557,1,54.78702162028199
71,6,8.802657668146193,72.36346333957842,0.6838602314688557,1,54.78702162028199
72,1,4.690512587712945,49.51352419640234,-1.8671793704167448,0,36.92974440708279
72,2,5.384658438049058,50.32975382674187,-1.8671793704167448,0,36.92974440708279
72,3,5.044178884783587,49.01123986113994,-1.8671793704167448,0,36.92974440708279
72,4,4.992633020203545,41.63139472736766,-1.8671793704167448,0,36.92974440708279
72,5,3.9455545546006716,46.895953405460446,-1.8671793704167448,0,36.92974440708279
72,6,4.501494983914645,49.02186827589685,-1.8671793704167448,0,36.92974440708279
73,1,3.8362656270540527,48.61577255656211,-0.6297367460660636,0,45.59184277753756
73,2,4.551943718954948,50.258261843790706,-0.6297367460660636,0,45.59184277753756
73,3,6.8954808413459725,62.00545385373801,-0.6297367460660636,0,45.59184277753756
73,4,4.974501040674136,57.091343538179025,-0.6297367460660636,0,45.59184277753756
73,5,5.7111671937609465,55.86608119089733,-0.6297367460660636,0,45.59184277753756
73,6,7.583121545785887,64.59432423477057,-0.6297367460660636,0,45.59184277753756
74,1,9.22915928349213,79.23737438769,1.5711999467988191,1,60.99839962759174
74,2,7.8266378198027216,75.7382073819991,1.5711999467988191,1,60.99839962759174
74,3,8.905687241072147,82.34887535003908,1.5711999467988191,1,60.99839962759174
74,4,8.583024808930183,78.54455756109701,1.5711999467988191,1,60.99839962759174
74,5,8.10821937773543,78.16949778695576,1.5711999467988191,1,60.99839962759174
74,6,9.136959573678949,78.45104562444632,1.5711999467988191,1,60.99839962759174
75,1,5.8445814407589936,70.01806661620397,1.327540351918812,1,59.292782463431685
75,2,7.425342908569482,76.82949298953486,1.327540351918812,1,59.292782463431685
75,3,7.557672439726548,72.72461430004503,1.327540351918812,1,59.292782463431685
75,4,10.031323210727976,81.0976812980099,1.327540351918812,1,59.292782463431685
75,5,7.442191013556658,76.1220724463563,1.327540351918812,1,59.292782463431685
75,6,9.57956998069546,76.07952665804729,1.327540351918812,1,59.292782463431685
76,1,6.855419259250384,68.30334390031095,0.9652029505099156,1,56.75642065356941
76,2,8.031932266744702,71.82999530302108,0.9652029505099156,1,56.75642065356941
76,3,7.50750219724209,69.1648693219799,0.9652029505099156,1,56.75642065356941
76,4,5.266334761989119,64.54384364235668,0.9652029505099156,1,56.75642065356941
76,5,7.371554460785967,71.61692768036502,0.9652029505099156,1,56.75642065356941
76,6,8.436931814238454,62.546847054941296,0.9652029505099156,1,56.75642065356941
77,1,5.636532175011469,54.05282143312753,-0.7901367802384163,1,44.46904253833109
77,2,6.599630186745582,52.71567751751329,-0.7901367802384163,1,44.46904253833109
77,3,3.0899791821603215,51.11453410045334,-0.7901367802384163,1,44.46904253833109
77,4,3.0643367947415228,53.14961877289339,-0.7901367802384163,1,44.46904253833109
77,5,5.554525637806743,57.379693746866195,-0.7901367802384163,1,44.46904253833109
77,6,4.330689302100905,55.71762706202707,-0.7901367802384163,1,44.46904253833109
78,1,6.383155889808508,68.68366131141866,0.23175495579888758,1,51.62228469059221
78,2,5.105923071138914,60.713138510088775,0.23175495579888758,1,51.62228469059221
78,3,8.17811065634897,64.23349826617424,0.23175495579888758,1,51.62228469059221
78,4,5.094435485722215,62.3146826584152,0.23175495579888758,1,51.62228469059221
78,5,10.412815983937525,72.85630774361891,0.23175495579888758,1,51.62228469059221
78,6,8.558262350257325,63.82138500111482,0.23175495579888758,1,51.62228469059221
79,1,7.298321829196549,67.19307129751661,-0.26164839470896045,0,48.16846123703728
79,2,7.052904167821915,59.05438302269888,-0.26164839470896045,0,48.16846123703728
79,3,6.12792202305806,60.84238711869246,-0.26164839470896045,0,48.16846123703728
79,4,5.367805509313315,66.59761382710278,-0.26164839470896045,0,48.16846123703728
79,5,4.4792103604509075,54.590291968219326,-0.26164839470896045,0,48.16846123703728
79,6,7.438632515109564,69.46838273963678,-0.26164839470896045,0,48.16846123703728
80,1,3.0336475416629094,50.36053132273392,-0.722888528094289,0,44.93978030333998
80,2,4.735575604221095,55.99386397847416,-0.722888528094289,0,44.93978030333998
80,3,6.945799323591905,62.35165515251279,-0.722888528094289,0,44.93978030333998
80,4,3.2786931057331783,53.35647616791791,-0.722888528094289,0,44.93978030333998
80,5,5.066598324724798,57.414769488711585,-0.722888528094289,0,44.93978030333998
80,6,6.149465097956694,48.85958808182454,-0.722888528094289,0,44.93978030333998
81,1,5.873375362612709,56.31266098574802,-0.9485724814230778,0,43.359992630038455
81,2,2.4468111663425427,49.36284337860551,-0.9485724814230778,0,43.359992630038455
81,3,3.646457902085692,47.86634491222164,-0.9485724814230778,0,43.359992630038455
81,4,3.3906271025788235,47.14145213219633,-0.9485724814230778,0,43.359992630038455
81,5,5.575319077704329,51.843160593299764,-0.9485724814230778,0,43.359992630038455
81,6,6.258728664350918,50.77570524532716,-0.9485724814230778,0,43.359992630038455
82,1,4.642249976407422,59.707842842796,0.7031237113702794,1,54.921865979591956
82,2,4.784179064101292,65.34334212016044,0.7031237113702794,1,54.921865979591956
82,3,6.223343602386579,63.271397039422524,0.7031237113702794,1,54.921865979591956
82,4,8.576201870192083,75.71848484601098,0.7031237113702794,1,54.921865979591956
82,5,5.531888808021169,71.56139367524734,0.7031237113702794,1,54.921865979591956
82,6,7.306409091155651,71.38495155056083,0.7031237113702794,1,54.921865979591956
83,1,4.008289153137495,50.86834075811998,-0.9449477272535001,0,43.3853659092255
83,2,2.672818735257355,47.29447671633132,-0.9449477272535001,0,43.3853659092255
83,3,3.9044205097422466,49.891754041973996,-0.9449477272535001,0,43.3853659092255
83,4,4.978806465983493,49.71293489927225,-0.9449477272535001,0,43.3853659092255
83,5,6.731129691971287,59.642507618872486,-0.9449477272535001,0,43.3853659092255
83,6,3.834307911594297,45.405295694595566,-0.9449477272535001,0,43.3853659092255
84,1,4.975660722086603,58.02322493324063,-0.0367686756952734,0,49.74261927013308
84,2,5.624493800111181,63.10218787945296,-0.0367686756952734,0,49.74261927013308
84,3,4.413778824872685,62.135146840016276,-0.0367686756952734,0,49.74261927013308
84,4,7.947033280809461,68.35316991374755,-0.0367686756952734,0,49.74261927013308
84,5,6.965705881790546,60.931295012539735,-0.0367686756952734,0,49.74261927013308
84,6,4.9661763434580495,55.98746997049039,-0.0367686756952734,0,49.74261927013308
85,1,6.452365624112651,68.38335342128292,0.9606391194345865,1,56.72447383604211
85,2,8.208312411304302,72.07817168616894,0.9606391194345865,1,56.72447383604211
85,3,5.4239393903910145,68.87989119701736,0.9606391194345865,1,56.72447383604211
85,4,6.082584675111875,65.80983165250571,0.9606391194345865,1,56.72447383604211
85,5,8.29181255565241,67.28146532748544,0.9606391194345865,1,56.72447383604211
85,6,7.065506252560636,67.84351396911619,0.9606391194345865,1,56.72447383604211
86,1,8.269019748984169,70.3089178008733,1.3794560426600648,1,59.656192298620454
86,2,8.831756173614062,80.66079464241704,1.3794560426600648,1,59.656192298620454
86,3,5.826094260164004,68.51357262883728,1.3794560426600648,1,59.656192298620454
86,4,7.507596354529786,76.94964461638217,1.3794560426600648,1,59.656192298620454
86,5,6.857731089018795,75.67920206609202,1.3794560426600648,1,59.656192298620454
86,6,8.660685591495085,73.92951439273166,1.3794560426600648,1,59.656192298620454
87,1,5.202060440065739,57.61751780867899,-0.3021196438460918,0,47.88516249307736
87,2,5.920446922979432,57.50056352743754,-0.3021196438460918,0,47.88516249307736
87,3,3.78994905752877,56.94256325280661,-0.3021196438460918,0,47.88516249307736
87,4,4.221138397331888,49.23360160649215,-0.3021196438460918,0,47.88516249307736
87,5,6.383623259656307,52.661687057952584,-0.3021196438460918,0,47.88516249307736
87,6,5.334180006286342,47.25288025739361,-0.3021196438460918,0,47.88516249307736
88,1,1.9832370141494278,44.088571476327346,-0.8335164711670768,0,44.16538470183046
88,2,5.672207897236602,54.71599598983675,-0.8335164711670768,0,44.16538470183046
88,3,5.125861606623365,58.88593185540013,-0.8335164711670768,0,44.16538470183046
88,4,4.465207933646887,50.92692678247396,-0.8335164711670768,0,44.16538470183046
88,5,5.558725298556486,54.93096580782924,-0.8335164711670768,0,44.16538470183046
88,6,6.530973111443048,60.282326950945986,-0.8335164711670768,0,44.16538470183046
89,1,2.1658402781425816,52.533258245613915,-0.8973436947385606,0,43.71859413683008
89,2,3.617019321181559,48.697574514408274,-0.8973436947385606,0,43.71859413683008
89,3,1.9392974855218221,52.201812285863255,-0.8973436947385606,0,43.71859413683008
89,4,2.4948739424109996,48.71875282763336,-0.8973436947385606,0,43.71859413683008
89,5,5.846782082387708,54.940524002382666,-0.8973436947385606,0,43.71859413683008
89,6,4.768768359158708,58.34464860906276,-0.8973436947385606,0,43.71859413683008
90,1,3.195676460023182,58.40454558584132,-0.21353601247235168,0,48.50524791269354
90,2,2.9824365195519924,52.29739233068183,-0.21353601247235168,0,48.50524791269354
90,3,6.622785147186279,64.34025886846679,-0.21353601247235168,0,48.50524791269354
90,4,4.376059000095511,54.615194007763954,-0.21353601247235168,0,48.50524791269354
90,5,5.376796871294185,64.72647246677894,-0.21353601247235168,0,48.50524791269354
90,6,8.655365728667153,63.09968261989315,-0.21353601247235168,0,48.50524791269354
91,1,-0.1910859658266535,36.677474056607394,-1.9502165010981647,0,36.34848449231285
91,2,1.8520768854174732,38.0296067668585,-1.9502165010981647,0,36.34848449231285
91,3,3.883571019628691,50.34984645029528,-1.9502165010981647,0,36.34848449231285
91,4,4.135422807957745,38.1787038850925,-1.9502165010981647,0,36.34848449231285
91,5,4.6255844276898435,47.99600504812747,-1.9502165010981647,0,36.34848449231285
91,6,2.469078345709197,37.82500775865392,-1.9502165010981647,0,36.34848449231285
92,1,4.363085003371515,49.35552612340289,-1.0801754115093523,0,42.43877211943453
92,2,3.50106365963462,46.18332169488558,-1.0801754115093523,0,42.43877211943453
92,3,4.591263582366122,49.14852092531707,-1.0801754115093523,0,42.43877211943453
92,4,2.535779081618916,47.125364446581344,-1.0801754115093523,0,42.43877211943453
92,5,4.768640362105051,48.82951342165849,-1.0801754115093523,0,42.43877211943453
92,6,5.659034733959749,49.477688962230104,-1.0801754115093523,0,42.43877211943453
93,1,3.911730037318139,45.636073866059085,-0.7575233508469721,0,44.69733654407119
93,2,4.885794078953064,54.82334431704154,-0.7575233508469721,0,44.69733654407119
93,3,3.8475364064522335,59.09660403575043,-0.7575233508469721,0,44.69733654407119
93,4,4.69954330513258,56.104951160073256,-0.7575233508469721,0,44.69733654407119
93,5,2.854588275281605,47.04702918976358,-0.7575233508469721,0,44.69733654407119
93,6,4.728474596007087,47.265930155990716,-0.7575233508469721,0,44.69733654407119
94,1,3.4508879620032316,50.7852333258817,-0.7473292660964254,0,44.768695137325025
94,2,6.517040394354183,52.63612216312382,-0.7473292660964254,0,44.768695137325025
94,3,3.88542126885584,57.584884333112996,-0.7473292660964254,0,44.768695137325025
94,4,7.492944702543247,55.230543036080554,-0.7473292660964254,0,44.768695137325025
94,5,4.087721592702283,49.39448681319282,-0.7473292660964254,0,44.768695137325025
94,6,5.923850322760055,55.68628822847464,-0.7473292660964254,0,44.768695137325025
95,1,6.531393201913346,60.573894817408444,0.33915340693843354,1,52.37407384856903
95,2,5.229481516429438,62.372434626055096,0.33915340693843354,1,52.37407384856903
95,3,5.890260743926079,64.4181582280794,0.33915340693843354,1,52.37407384856903
95,4,3.7202002908740335,55.173069321528445,0.33915340693843354,1,52.37407384856903
95,5,6.025577163375999,64.00274098015917,0.33915340693843354,1,52.37407384856903
95,6,6.715474482364691,65.10711478483407,0.33915340693843354,1,52.37407384856903
96,1,3.4962002846989364,55.07349530919351,-0.2075939016040813,1,48.546842688771434
96,2,6.106014685968175,57.060556324064905,-0.2075939016040813,1,48.546842688771434
96,3,7.032380665190219,60.88427274306231,-0.2075939016040813,1,48.546842688771434
96,4,6.444043249440979,48.894289580923726,-0.2075939016040813,1,48.546842688771434
96,5,6.239568282448191,64.51613448162979,-0.2075939016040813,1,48.546842688771434
96,6,7.015902189890027,65.4904164051575,-0.2075939016040813,1,48.546842688771434
97,1,6.393956820307628,65.82614475755177,-0.2687686155031945,1,48.11861969147764
97,2,5.97614012978095,60.78655954033333,-0.2687686155031945,1,48.11861969147764
97,3,5.365108642352375,57.55917939158014,-0.2687686155031945,1,48.11861969147764
97,4,6.601909206598924,59.07047887903272,-0.2687686155031945,1,48.11861969147764
97,5,7.164341535171611,65.56267118513006,-0.2687686155031945,1,48.11861969147764
97,6,6.304313977932513,56.68565491440524,-0.2687686155031945,1,48.11861969147764
98,1,0.23066610661567077,32.12145191799945,-2.0219227645438926,0,35.84654064819275
98,2,4.499985665601761,46.56370424391584,-2.0219227645438926,0,35.84654064819275
98,3,2.8738299384579915,35.02561375461197,-2.0219227645438926,0,35.84654064819275
98,4,3.6044429987856805,43.75047069469719,-2.0219227645438926,0,35.84654064819275
98,5,3.693447289489706,40.858406734406024,-2.0219227645438926,0,35.84654064819275
98,6,2.9009880290568235,42.48179334916287,-2.0219227645438926,0,35.84654064819275
99,1,4.645576320360746,63.87907177053904,0.11498345061784361,0,50.8048841543249
99,2,3.80777643831543,61.22413599439451,0.11498345061784361,0,50.8048841543249
99,3,4.466954771294803,56.56134760986929,0.11498345061784361,0,50.8048841543249
99,4,5.561393508430646,53.07856518291479,0.11498345061784361,0,50.8048841543249
99,5,8.492120927632502,62.75926841000086,0.11498345061784361,0,50.8048841543249
99,6,4.419661129206588,64.85025456013436,0.11498345061784361,0,50.8048841543249
100,1,7.373528462804045,70.8150171123991,1.4108228304306527,1,59.87575981301457
100,2,7.089084978568393,77.41872225351487,1.4108228304306527,1,59.87575981301457
100,3,8.661401176781578,70.12988427539973,1.4108228304306527,1,59.87575981301457
100,4,7.906105032475521,74.62089429419423,1.4108228304306527,1,59.87575981301457
100,5,11.120778828297546,88.16317267456236,1.4108228304306527,1,59.87575981301457
100,6,9.655640817234048,74.1356037071346,1.4108228304306527,1,59.87575981301457
101,1,2.3995958279985747,48.18767219999222,-0.7320429818400916,0,44.87569912711936
101,2,4.867053322983098,51.37432050170311,-0.7320429818400916,0,44.87569912711936
101,3,3.565814505223006,55.52480774506698,-0.7320429818400916,0,44.87569912711936
101,4,6.563573030240559,56.94803782781321,-0.7320429818400916,0,44.87569912711936
101,5,5.1312483986739466,47.88182046828483,-0.7320429818400916,0,44.87569912711936
101,6,6.070868486418824,56.013827270816975,-0.7320429818400916,0,44.87569912711936
102,1,-0.2382864802333362,26.891343479984418,-2.8949255712445,0,29.7355210012885
102,2,0.5686962276021219,33.01886023758012,-2.8949255712445,0,29.7355210012885
102,3,2.9999497228233754,35.683215068800514,-2.8949255712445,0,29.7355210012885
102,4,0.26745057329305477,30.588675715491494,-2.8949255712445,0,29.7355210012885
102,5,1.0026028150727044,34.04376204070371,-2.8949255712445,0,29.7355210012885
102,6,2.324170110893542,37.09251310429964,-2.8949255712445,0,29.7355210012885
103,1,1.0918029622778087,41.186041885410916,-1.8585666338741211,0,36.99003356288115
103,2,1.0418726888994587,37.46580873341561,-1.8585666338741211,0,36.99003356288115
103,3,1.628461940094941,37.74417583445209,-1.8585666338741211,0,36.99003356288115
103,4,3.5065625658366657,42.02378339774637,-1.8585666338741211,0,36.99003356288115
103,5,0.800758051923502,33.65670436866216,-1.8585666338741211,0,36.99003356288115
103,6,3.7239362078472955,48.01641528122049,-1.8585666338741211,0,36.99003356288115
104,1,4.512833581956678,62.99474705425167,-0.303526282721201,0,47.875316020951594
104,2,3.3537564639570676,58.24329395570124,-0.303526282721201,0,47.875316020951594
104,3,6.614867794023128,56.970353888806194,-0.303526282721201,0,47.875316020951594
104,4,6.371246829223131,60.99745823920459,-0.303526282721201,0,47.875316020951594
104,5,2.359544621411071,59.872292177967694,-0.303526282721201,0,47.875316020951594
104,6,8.576373883571739,61.58199621375956,-0.303526282721201,0,47.875316020951594
105,1,5.519956590173384,57.21574798267336,-0.1712969490845168,1,48.80092135640838
105,2,5.319818199916482,56.6199988098784,-0.1712969490845168,1,48.80092135640838
105,3,7.06497876637287,64.93017459803345,-0.1712969490845168,1,48.80092135640838
105,4,7.3440102889153485,59.56166048861368,-0.1712969490845168,1,48.80092135640838
105,5,7.164802654843457,58.26836039562303,-0.1712969490845168,1,48.80092135640838
105,6,3.9175738304358294,53.227704613847266,-0.1712969490845168,1,48.80092135640838
106,1,1.1911873417147136,45.79660793917036,-0.7467606945964103,0,44.77267513782513
106,2,6.978199618992113,55.275880620310815,-0.7467606945964103,0,44.77267513782513
106,3,4.220271935760993,56.31076312563,-0.7467606945964103,0,44.77267513782513
106,4,4.34139302585987,56.60085684940429,-0.7467606945964103,0,44.77267513782513
106,5,6.558071715206864,62.46791629404667,-0.7467606945964103,0,44.77267513782513
106,6,6.100946531602917,58.185605151079145,-0.7467606945964103,0,44.77267513782513
107,1,2.4394891465448945,46.985628801268106,-0.7293154303385894,0,44.89479198762987
107,2,7.198505987622397,56.735177742429656,-0.7293154303385894,0,44.89479198762987
107,3,2.9516067364076846,57.61730595047837,-0.7293154303385894,0,44.89479198762987
107,4,6.261677329257741,54.18937720987848,-0.7293154303385894,0,44.89479198762987
107,5,6.676432811899099,53.32814784812925,-0.7293154303385894,0,44.89479198762987
107,6,4.496547878910849,53.67471552776271,-0.7293154303385894,0,44.89479198762987
108,1,4.490502894749768,63.91905168881293,0.8481837643414581,1,55.93728635039021
108,2,3.7807400933798174,62.504210373071054,0.8481837643414581,1,55.93728635039021
108,3,8.573902562879445,72.25953574696713,0.8481837643414581,1,55.93728635039021
108,4,6.816335467716195,67.65267286955887,0.8481837643414581,1,55.93728635039021
108,5,7.890495809613367,71.80863310379459,0.8481837643414581,1,55.93728635039021
108,6,9.150653603387402,74.56811030129946,0.8481837643414581,1,55.93728635039021
109,1,6.487952738198643,74.7114911472684,1.643792644545345,1,61.506548511817414
109,2,5.528048429171158,75.70395039804045,1.643792644545345,1,61.506548511817414
109,3,8.533342426086158,69.351024345119,1.643792644545345,1,61.506548511817414
109,4,6.5678908825419295,72.03052690842694,1.643792644545345,1,61.506548511817414
109,5,8.774627764653173,79.86224416082875,1.643792644545345,1,61.506548511817414
109,6,7.080004507691163,75.62297265874264,1.643792644545345,1,61.506548511817414
110,1,4.511399003778641,55.82811729959468,-0.017755193897652687,1,49.875713642716434
110,2,6.83716810698558,62.37687850254978,-0.017755193897652687,1,49.875713642716434
110,3,7.342390690806469,63.98660867256684,-0.017755193897652687,1,49.875713642716434
110,4,4.90023905861821,58.78330631842713,-0.017755193897652687,1,49.875713642716434
110,5,8.137023595000013,64.93965523237878,-0.017755193897652687,1,49.875713642716434
110,6,6.427368116378158,58.64513535755574,-0.017755193897652687,1,49.875713642716434
111,1,6.9795802107368825,69.831230324053,0.18138030845426129,1,51.26966215917983
111,2,4.7480692190381,59.11128882274652,0.18138030845426129,1,51.26966215917983
111,3,5.845970675040026,58.510567057612974,0.18138030845426129,1,51.26966215917983
111,4,6.537084405968268,64.41593963271599,0.18138030845426129,1,51.26966215917983
111,5,8.039542313941372,62.747381961084216,0.18138030845426129,1,51.26966215917983
111,6,8.470553304591128,69.99833393500298,0.18138030845426129,1,51.26966215917983
112,1,3.730032859050588,53.596302537498865,-0.31934525020678134,1,47.76458324855253
112,2,6.089290101671148,58.41624007538729,-0.31934525020678134,1,47.76458324855253
112,3,7.403608278197746,64.8883757634713,-0.31934525020678134,1,47.76458324855253
112,4,5.622383412576309,59.760962043901976,-0.31934525020678134,1,47.76458324855253
112,5,8.416029882064448,60.613332620045064,-0.31934525020678134,1,47.76458324855253
112,6,4.889866863734819,51.08649713603805,-0.31934525020678134,1,47.76458324855253
113,1,5.603007172327436,66.67773311991131,0.32415697523344805,0,52.269098826634135
113,2,6.372637322175445,56.0816361898839,0.32415697523344805,0,52.269098826634135
113,3,4.986528413658622,60.61656121369087,0.32415697523344805,0,52.269098826634135
113,4,5.900768387907929,62.56861452260278,0.32415697523344805,0,52.269098826634135
113,5,7.248898532801736,65.42296025391065,0.32415697523344805,0,52.269098826634135
113,6,6.177083237515144,62.37743614986805,0.32415697523344805,0,52.269098826634135
114,1,3.361689612026448,51.61461855348678,-1.0404612934947937,0,42.716770945536446
114,2,2.9199961634009712,49.243329366043525,-1.0404612934947937,0,42.716770945536446
114,3,4.904987723392736,50.65525636404228,-1.0404612934947937,0,42.716770945536446
114,4,4.792607734110975,50.94560724383749,-1.0404612934947937,0,42.716770945536446
114,5,5.835861322238008,50.02313949287295,-1.0404612934947937,0,42.716770945536446
114,6,5.9804414053250206,50.49987286135765,-1.0404612934947937,0,42.716770945536446
115,1,1.2278266239750866,43.42727544126921,-1.3685799655220194,0,40.41994024134586
115,2,4.224245469704702,41.30519297802028,-1.3685799655220194,0,40.41994024134586
115,3,5.494080556949104,45.28312855293248,-1.3685799655220194,0,40.41994024134586
115,4,5.666398492369761,47.733908094452644,-1.3685799655220194,0,40.41994024134586
115,5,3.0331828333991844,48.16818894559995,-1.3685799655220194,0,40.41994024134586
115,6,2.0712367502520705,48.84381665422436,-1.3685799655220194,0,40.41994024134586
116,1,6.075764165734551,61.38339481360881,0.35353975806319715,1,52.47477830644238
116,2,4.229286397405776,61.40490709705388,0.35353975806319715,1,52.47477830644238
116,3,3.016420019975407,58.87994295867321,0.35353975806319715,1,52.47477830644238
116,4,5.721524947834934,59.88042088789246,0.35353975806319715,1,52.47477830644238
116,5,9.456980407403558,66.59346304188495,0.35353975806319715,1,52.47477830644238
116,6,5.973321296798924,58.60123214239812,0.35353975806319715,1,52.47477830644238
117,1,4.081785076359314,57.032638725195255,-0.3913232431331824,0,47.260737298067724
117,2,4.433360087845022,56.894708571403534,-0.3913232431331824,0,47.260737298067724
117,3,4.992038930978695,57.02920438482236,-0.3913232431331824,0,47.260737298067724
117,4,7.735970677328693,56.97120888295388,-0.3913232431331824,0,47.260737298067724
117,5,6.461219372298304,64.49163767819265,-0.3913232431331824,0,47.260737298067724
117,6,4.98480774281096,53.27105007930535,-0.3913232431331824,0,47.260737298067724
118,1,4.7973908867444806,58.270294116704136,-0.41594463700695244,0,47.08838754095133
118,2,4.445678601505762,57.60407167418658,-0.41594463700695244,0,47.08838754095133
118,3,2.534289749585313,51.46807508713568,-0.41594463700695244,0,47.08838754095133
118,4,4.847345459297487,52.667808083502464,-0.41594463700695244,0,47.08838754095133
118,5,4.119595323738007,52.04914730773618,-0.41594463700695244,0,47.08838754095133
118,6,4.103378588019219,49.10083039650043,-0.41594463700695244,0,47.08838754095133
119,1,3.7857480909171275,60.88158094790693,0.2109772991485089,0,51.476841094039564
119,2,3.6878225592697977,62.1418113220071,0.2109772991485089,0,51.476841094039564
119,3,6.052633289214415,55.82897191535908,0.2109772991485089,0,51.476841094039564
119,4,3.8785455583419086,50.850291880141775,0.2109772991485089,0,51.476841094039564
119,5,5.698441737697278,62.785078282351115,0.2109772991485089,0,51.476841094039564
119,6,7.12584629396033,58.57647965868027,0.2109772991485089,0,51.476841094039564
120,1,2.73043962109523,43.55553217453203,-1.4312556131050365,0,39.98121070826475
120,2,2.3019688882589375,50.158737048981905,-1.4312556131050365,0,39.98121070826475
120,3,3.369503079310239,46.59231417084368,-1.4312556131050365,0,39.98121070826475
120,4,4.293872386420117,50.20372254092721,-1.4312556131050365,0,39.98121070826475
120,5,3.120065404346078,47.396429299159315,-1.4312556131050365,0,39.98121070826475
120,6,4.337151422810012,49.64950644630145,-1.4312556131050365,0,39.98121070826475
