repetition,difference_in_means,running_mean
1,4.407986066133205,4.407986066133205
2,4.7113295157328565,4.559657790933031
3,5.707677250010903,4.942330943958988
4,5.456750238907219,5.070935767696046
5,5.865985342431102,5.2299456826430575
6,4.904218062442553,5.175657745942973
7,3.8595168838536864,4.987637622787361
8,6.2086765441687675,5.1402674879600365
9,5.365313914037017,5.165272646413034
10,4.825877477896668,5.131333129561398
11,5.398281434800765,5.155601157310431
12,6.307111437355559,5.251560347314192
13,4.439329990285373,5.189081089081205
14,5.349764202396173,5.2005584543179895
15,4.583497473427542,5.1594210555919595
16,5.469494148708307,5.178800623911731
17,4.460336036347485,5.136538001113834
18,4.645670651914273,5.10926759282497
19,4.283502890576642,5.065806292706637
20,6.032810198332456,5.114156487987928
21,5.847118489493852,5.149059440440591
22,4.615383343240396,5.1248014360224
23,4.509733147977272,5.098059336542177
24,3.4373841829282696,5.028864538474931
25,4.2070146078917645,4.995990541251604
26,5.168103741002454,5.0026102797035605
27,6.117738777851585,5.043911335190524
28,6.2105892307048265,5.085578402887464
29,3.8322327147787405,5.042359586056128
30,4.613707453745448,5.028071181645772
31,3.5511647488352764,4.980429038651885
32,5.5748930237797225,4.9990060381871295
33,4.192101736566855,4.974554392683486
34,4.532769327303441,4.961560714289954
35,4.283241748438044,4.942180172408471
36,5.132769400876782,4.947474317643702
37,6.237691252043007,4.98234504560044
38,5.3765554223496395,4.992719002883313
39,6.189242603206125,5.0233990951992835
40,4.993395219447066,5.022648998305478
41,5.623015322186262,5.037292079375741
42,4.930005182468506,5.034737629449379
43,4.294871490569506,5.017531440173102
44,4.05620124327713,4.995683026607285
45,5.732681863258108,5.012060778532859
46,4.9412347500382054,5.010521082261236
47,5.8820576941837,5.029064414429798
48,5.567326669813539,5.04027821141696
49,3.983537703244906,5.018712078597122
50,5.122702388550138,5.020791884796182
51,5.879580021261674,5.0376308678641335
52,5.0900368758081385,5.03863867570921
53,5.443773683901242,5.04628273246755
54,5.88787529722272,5.061867779963016
55,5.238114752878715,5.065072270379666
56,4.73215580910751,5.059127333571234
57,6.05370242175654,5.076576019328871
58,5.66922589035218,5.08679412055341
59,5.85896053395696,5.099881686882284
60,6.147855522191946,5.117347917470779
61,3.668307132105454,5.093593150497576
62,4.030863070911963,5.076452342762326
63,5.180174753862005,5.0780987302400975
64,5.411161358245124,5.0833028338026764
65,5.30535154906994,5.086718967883711
66,3.8784267396987246,5.068411509880908
67,6.527842731451841,5.0901940654267435
68,4.423486868642897,5.0803895478269805
69,6.278704971399648,5.097756438023686
70,4.691034205627645,5.0919461204180285
71,5.787183134821859,5.1017381910434345
72,5.402606701186116,5.105916920350972
73,5.156577141949384,5.106610895989306
74,4.826340272548791,5.102823455132002
75,5.73600195337545,5.111265835108581
76,5.717230959339744,5.119239060427412
77,5.621777627336044,5.12576553532233
78,6.134857168377607,5.138702607540988
79,3.611953545860132,5.119376670051356
80,5.508957149303512,5.124246426042008
81,6.539183259760257,5.141714782013838
82,4.033004355603197,5.128193923155172
83,5.188636393823259,5.128922145693341
84,5.546959575611609,5.133898781763797
85,5.2928418465384794,5.135768700172911
86,5.417427280669386,5.139043799946125
87,4.111246863732305,5.127230042058611
88,4.254626438864605,5.1173140920223155
89,5.3022396454913405,5.119391907229832
90,4.394822234133585,5.111341133084318
91,2.3947308754745364,5.081488273110584
92,6.214608363940378,5.093804795836995
93,5.0952114169244,5.093819920794925
94,3.0601055384176306,5.072184661407932
95,5.836125338171186,5.080226142215966
96,5.591596802516847,5.085552919927434
97,6.1410450144686735,5.096434281726828
98,4.168276950904115,5.086963288555167
99,7.3699485759912875,5.110023746004018
100,3.808340427633297,5.09700691282031
101,5.989065362752015,5.105839174700822
102,5.315657241778851,5.1078962145741365
103,4.747325071942669,5.104395523868976
104,4.7951578004233255,5.10142208422046
105,4.215782733714548,5.0929874237394515
106,4.410137768276726,5.086545445857728
107,5.690671146970473,5.092191480447567
108,4.808300409265016,5.089562859418098
109,4.021508888963794,5.079764199138701
110,5.732704157143573,5.085700016938746
111,5.04975477911367,5.085376185967348
112,5.662174859076501,5.090526174120108
113,5.041326635270551,5.090090779970998
114,4.566755795373368,5.085500122211369
115,3.772643695191519,5.074083979367718
116,5.594795997350246,5.078572876074464
117,2.778648484601547,5.058915402643072
118,5.323597935809815,5.061158474958044
119,4.8122294741721845,5.059066634615306
120,6.7378541409560455,5.0730565305014785
121,4.500402909837476,5.068323855950537
122,4.992790100733373,5.067704726809413
123,3.8432150465193473,5.057749526156648
124,5.362547148811899,5.060207571500642
125,5.345319787188231,5.0624884692261425
126,5.724855290616219,5.067745348760984
127,4.075974035274896,5.0599361258201485
128,4.9178417848964955,5.058826013781682
129,5.509995045764214,5.0623234481381365
130,5.578679305891711,5.066295416274702
131,4.192190115473011,5.059622856726597
132,5.537704874599882,5.063244690195335
133,2.85091980968717,5.0466106685373795
134,4.417875375052347,5.041918614108386
135,4.541622996157045,5.038212720642079
136,5.216625190207864,5.039524577035945
137,6.428885294330605,5.0496658961402865
138,5.25582367901265,5.051159793117622
139,5.985647520607515,5.057882726408916
140,5.410209069081233,5.06039934314229
141,5.054470342853293,5.06035729349485
142,4.054343858646249,5.053272691840988
143,5.5178619506795314,5.0565215677769215
144,4.601456982739805,5.053361397047497
145,4.91423423240856,5.052401899360331
146,4.98724721421415,5.051955634393577
147,4.6561640801352695,5.0492631748407995
148,5.098866909432672,5.049598335209663
149,4.542654351254313,5.046196026592513
150,5.962500078104853,5.052304720269262
151,5.281031607980921,5.053819467870002
152,5.585082168729741,5.057314617217763
153,6.413895711712307,5.066181160319035
154,5.462943230564051,5.068757537398548
155,3.225821258943526,5.056867625924644
156,6.1951918604723915,5.064164576146104
157,5.748125568963729,5.068521015590803
158,6.289360203559816,5.076247845894404
159,4.56204582707754,5.073013870933292
160,6.46353894567936,5.081704652650454
161,5.721144424024942,5.085676328249053
162,5.151107665291761,5.086080225391292
163,5.1432253399991055,5.086430808916494
164,3.84137541992979,5.078839007764136
165,3.817101621777624,5.071192114515733
166,5.460728364596122,5.073538718431879
167,4.997567629812977,5.073083801733563
168,4.505025092058304,5.069702499890258
169,5.057499880124084,5.069630295039571
170,5.342962311336905,5.071238130429555
171,5.317711086506563,5.072679492745794
172,4.34061326967533,5.068423293774455
173,4.240749136276506,5.063639050089495
174,6.111645235830807,5.06966207414548
175,5.814801558126561,5.073920014053943
176,6.087665929714319,5.079679934029286
177,5.457652580368588,5.08181537270917
178,3.300347694614757,5.0718071273266165
179,5.427427841509939,5.073793835227082
180,6.5443562491831315,5.081963626415727
181,6.002027343078083,5.087046851369663
182,4.074303778864788,5.081482328993262
183,5.498596994194955,5.083761644103654
184,6.896152439593642,5.093611594079142
185,5.542993934362315,5.096040687810404
186,5.682865758407928,5.09919566130824
187,5.430289687277906,5.100966217596848
188,4.501941940599167,5.097779918251115
189,4.891674450829299,5.096689413132481
190,4.8334558919795825,5.095303973547465
191,5.369145729141408,5.096737700016544
192,5.622365050069078,5.099475342464735
193,4.208776560889319,5.09486032287108
194,4.510995239345732,5.091850709038474
195,5.168463381578633,5.09224359453868
196,2.8775275125714614,5.0809440226919085
197,6.065184529279534,5.0859401673954
198,5.30835150915982,5.08706345700027
199,4.8396964121100865,5.0858204065234345
200,5.373475255712748,5.087258680769382
201,7.050694629007481,5.097027018820317
202,4.381822587558233,5.09348640282397
203,5.170404454525254,5.093865309482598
204,4.663365080258899,5.091755014241305
205,4.423137130795425,5.088493463590349
206,4.210201582546489,5.084229910769748
207,5.25961152158763,5.085077164928288
208,5.160856839319081,5.085441490285937
209,5.364821298852817,5.086778235781472
210,4.249714463859533,5.0827922178199385
211,4.729859201010953,5.08111954949383
212,6.862106707972977,5.089520432316845
213,5.58194529261435,5.0918322861210585
214,4.720602928567743,5.090097569496977
215,5.857061627814559,5.093664844186827
216,6.506440399085946,5.100205471755804
217,6.119347148682735,5.104901977179431
218,6.095206802083538,5.1094446598624765
219,6.934328682705484,5.117777463619751
220,5.514885408740923,5.119582499733938
221,5.508933576851092,5.121344269313654
222,4.278270452676168,5.11754663950898
223,5.093338325648887,5.117438082047724
224,4.278650373095488,5.11369349406133
225,5.707378751035051,5.116332095203436
226,5.512552241132582,5.118085281689848
227,6.012058821208441,5.122023491115041
228,5.217186773724777,5.122440873933504
229,4.275916265738843,5.11874425992392
230,6.1914975295791805,5.123408404574595
231,3.5203372124795607,5.116468702444314
232,4.864022186161378,5.115380570908611
233,5.929488646216313,5.118874596982893
234,4.490226176062549,5.116188065269559
235,3.584584653309804,5.10967060394207
236,5.508317346400048,5.111359785054181
237,4.911180158635531,5.110515145280262
238,5.020018923452483,5.110134909054095
239,4.907982211569035,5.109289081867965
240,5.728587876073803,5.111869493510489
241,4.728916890347065,5.110280478559603
242,5.317497274497285,5.111136746311412
243,5.022698525059241,5.110772803014078
244,5.546791801764769,5.112559766123712
245,3.904526699283039,5.107629018912117
246,4.475436250529597,5.105059129609749
247,4.865517582551476,5.104089325775505
248,5.842516802974714,5.107066855925502
249,4.074999828827217,5.102922008427115
250,4.849013627568169,5.101906374903679
251,5.27358512879951,5.102590354002866
252,4.853273019411205,5.101600999500519
253,5.59589003259228,5.103554711093767
254,4.201307000696545,5.10000255475362
255,6.103354761792303,5.103937269291026
256,4.501079810452509,5.101582357342439
257,4.7232879592712465,5.100110394704029
258,3.808710511231041,5.095104968799095
259,6.017621570221522,5.0986668089590275
260,4.574194633080879,5.096649608282573
261,6.852114330621099,5.103375526758966
262,4.201694519300148,5.099933996196146
263,4.984097624334055,5.099493553717583
264,3.6354616220169476,5.093947978218717
265,6.056059218758151,5.097578586673582
266,4.038182784697341,5.0935958956887095
267,4.56907467620988,5.09163139673935
268,4.20263388278795,5.088314241836547
269,4.349389684017055,5.085567310394839
270,4.542398033073496,5.083555572330686
271,6.465271742001391,5.088654155982606
272,4.726943630414212,5.0873243378739
273,3.2769504770787847,5.080692931790401
274,6.206613304923039,5.084802130232491
275,4.828187560883194,5.083868986343948
276,5.443523153731903,5.085172081153325
277,3.2713385924732847,5.07862394581513
278,5.564061622011607,5.080370124506484
279,4.704142266851136,5.079021637561483
280,4.990713810576921,5.078706252465109
281,5.914791733656287,5.081681645636608
282,4.036534190567963,5.077975448987429
283,5.506557248683009,5.079489872307907
284,5.166042850678238,5.0797946363162545
285,4.727342719677637,5.078557962924539
286,4.645129931042149,5.07704248029558
287,4.912157489817275,5.076467968133635
288,3.5701872780831536,5.071237826848737
289,5.927700682087888,5.0742013661402225
290,4.229040282011866,5.071287017574262
291,4.48358331237894,5.069267417212766
292,5.061952154468614,5.069242364943094
293,4.753605312343808,5.0681651053779095
294,4.0427706331115445,5.064677369077684
295,5.9043952400405715,5.067523870335185
296,4.935580730032157,5.06707811648281
297,6.171692489618849,5.070797356796399
298,4.77021488312694,5.069788690777374
299,3.713223068636708,5.0652516820076725
300,4.973673979984426,5.064946423000929
301,5.222226885418479,5.065468949454143
302,5.002162048305664,5.065259323953651
303,3.7480674080215977,5.060912155914272
304,5.338012863823465,5.061823671400815
305,6.258532645247534,5.06574730738064
306,5.59435833381491,5.067474794395132
307,3.0219347393688736,5.060811797473222
308,5.023430187568437,5.060690428609894
309,4.236113128543479,5.058021893658224
310,4.280029564133585,5.055512240982337
311,3.2581021717937517,5.04973278738366
312,4.470270036070744,5.047875534975606
313,4.736818380160059,5.046881742148719
314,5.974690771202319,5.049836547973731
315,6.623398334095839,5.054831982215388
316,5.025151433029777,5.054738056426826
317,4.310520168599851,5.052390365928949
318,5.036448096904309,5.052340233007488
319,4.466411059572891,5.050503464438727
320,4.599820331947527,5.0490950796496925
321,4.965072190162132,5.048833326099887
322,4.997651254538027,5.048674375567087
323,5.630648634544187,5.050476153458656
324,5.981714300291927,5.05335034526987
325,5.65021552345253,5.055186853510432
326,4.928886211437387,5.054799428228
327,4.941405067072239,5.054452656481346
328,5.092598828556348,5.054568955786452
329,5.969987600989398,5.057351383279471
330,6.31676099717545,5.061167776048852
331,5.510106557326395,5.062524086566308
332,5.33551877574844,5.063346359726494
333,5.427554100092621,5.064440076664531
334,5.101425400919226,5.064550811168288
335,5.220519956342585,5.065016390706121
336,4.944850223247599,5.064658753302971
337,3.964549253301783,5.061394333421662
338,5.848650292597043,5.063723493064193
339,4.160040529442853,5.061057761608082
340,5.233313423606759,5.0615643959080785
341,5.366431431913384,5.062458434136833
342,5.563912131877586,5.063924673019116
343,5.037661562399407,5.0638481041834895
344,6.118530594930149,5.066914041656591
345,3.912137921665689,5.063566864497196
346,3.5770727593325375,5.059270638759727
347,4.450751635229963,5.0575169816890355
348,5.366129401134657,5.058403798986293
349,4.711413774692986,5.057409558229006
350,5.136391464557406,5.057635220818515
351,4.681076260698603,5.056562403268316
352,4.506490472719534,5.054999698920167
353,4.462108646434174,5.053320120867798
354,5.830302653491955,5.0555149867791656
355,3.657471278876244,5.051576835489298
356,3.9753703552046176,5.048553783578386
357,4.649127767373585,5.04743494319686
358,4.9977851355444045,5.047296256583306
359,4.784432184457913,5.046564044683236
360,4.171536598953935,5.0441334128895425
361,6.311535017965987,5.047644220659838
362,5.34424692136453,5.048463565136922
363,5.26836384849787,5.049069351041498
364,4.9711890864983985,5.048855394270775
365,5.099668608924972,5.048994608557499
366,6.486245494927246,5.05292152354758
367,5.756758637309886,5.05483933584666
368,6.069477485103121,5.057596504730509
369,5.513059069592359,5.058830820624444
370,2.9964201136643567,5.05325673763266
371,5.0315321346925685,5.053198180751419
372,5.28512562239392,5.05382164161605
373,4.10358498390265,5.051274090254888
374,4.907269545725583,5.050889051365772
375,5.041072278101183,5.050862873303733
376,6.322544352175051,5.054245004896476
377,4.752003961793704,5.053443304516893
378,5.217704479078748,5.053877857888749
379,3.7897424681671765,5.050542408311649
380,5.802367858055575,5.05252089633729
381,3.46977459571832,5.048366706571886
382,3.193155525160762,5.043510132798558
383,3.916284830420409,5.04056698579496
384,6.423382663882542,5.04416806828998
385,4.191785772458346,5.041954088300806
386,4.765749827753439,5.0412385332216685
387,6.407264454952468,5.044768315965159
388,6.355773304882966,5.048147194802576
389,4.318154642035523,5.046270607263329
390,4.770786500374598,5.045564237758486
391,5.748486075593405,5.047361991819446
392,3.781873747445644,5.044133705481757
393,5.239301186605857,5.044630314848485
394,4.421079240754054,5.0430476979091585
395,4.571845179576641,5.041854780141229
396,4.301047811580986,5.0399840554731465
397,4.4864863931028935,5.0385898548122645
398,6.153770697799146,5.041391816729317
399,3.0733534894061023,5.036459389843795
400,4.660814957843726,5.035520278763795
401,6.048377584740919,5.038046107457005
402,4.655297306315106,5.037093996011379
403,4.741102862405327,5.036359526697219
404,4.393584298309619,5.034768498904181
405,4.443381434501674,5.033308283930348
406,5.993598420674829,5.035673530572575
407,5.784598802204755,5.037513641805086
408,4.194273747148301,5.035446877357399
409,5.305194702998094,5.03610640749344
410,3.4617038926335937,5.032266401359635
411,5.705931548029426,5.033905489307736
412,4.530158682939913,5.032682802884514
413,4.294985240585973,5.030896610239723
414,6.8719580776820095,5.035343618615187
415,5.103341338514838,5.035507468542656
416,5.3848929180297205,5.036347337411616
417,5.2673134469553275,5.03690121297407
418,4.704139425971377,5.036105132143922
419,6.086526469013975,5.038612104308288
420,5.818292766594638,5.040468486837542
421,6.167394898644432,5.043145271663687
422,5.706914782531626,5.044718185196548
423,4.774702103354315,5.044079849305668
424,4.552171178831301,5.042919687347003
425,5.392411530149516,5.043742021094773
426,4.768342202026616,5.043095542646257
427,4.509832862490711,5.04184668391053
428,6.59144061637523,5.045467230481709
429,3.9901099673713105,5.043007190241358
430,4.074415547778926,5.0407546515379575
431,4.474104171771273,5.039439917246155
432,3.8684133783532246,5.036729207665384
433,5.66283314140162,5.038175175179787
434,4.329416820088014,5.036542091412294
435,5.71448208165431,5.038100574148482
436,4.544143102516912,5.036967644167675
437,5.655904325518307,5.038383975246282
438,6.056077584075666,5.040707476636303
439,4.459910885732782,5.039384477568186
440,3.8628119870791977,5.036710449180711
441,5.753480846006141,5.038335778878727
442,4.501409034407985,5.037121012488522
443,3.9447836245344234,5.03465523960375
444,5.8311153192094025,5.036449068611871
445,7.05535184687573,5.040985928787745
446,5.380640073863049,5.041747485166837
447,5.325725160093668,5.042382781978755
448,6.245051017263471,5.045067309289657
449,6.2302640763071935,5.047706945741813
450,3.6326739593262545,5.044562427994222
451,4.674022797799722,5.043740832361862
452,4.898600482987106,5.043419725394219
453,4.418910046801983,5.042041116832205
454,4.498648928888969,5.040844217739819
455,3.908292411976049,5.038355092891987
456,3.9548174717506157,5.035978913898256
457,4.701164337944192,5.035246278064658
458,3.9640336327748287,5.032907385826034
459,6.489945583296802,5.036081760983922
460,5.69986187834715,5.03752476123906
461,3.6335796653316947,5.034479327191538
462,4.968989701312893,5.034337574754572
463,5.273079123738469,5.034853215249138
464,4.837159759871653,5.034427151767721
465,4.236245004974791,5.032710631021929
466,3.835804428565268,5.030142162776314
467,5.672764304341641,5.03151822731928
468,4.658384403575255,5.030720932824101
469,5.4890176496273,5.031698111324747
470,4.731169854158168,5.031058689500989
471,4.788034181797755,5.030542713900769
472,4.143929484680811,5.028664296042253
473,5.590667213666308,5.029852462887123
474,6.0190446910904285,5.031939366322152
475,3.7240770162363788,5.029185971900918
476,6.128223255860675,5.031494873757977
477,6.355052453303024,5.034269627593502
478,5.310516682536786,5.034847550302588
479,5.413402466508231,5.035637852841639
480,5.60045529757771,5.036814555851506
481,5.112656575655137,5.0369722315683525
482,6.5003664205991925,5.0400083190974625
483,6.86294104074301,5.0437825069269575
484,5.385501082842993,5.044488537042486
485,4.117121502278437,5.04257644006359
486,6.488182159344568,5.045550937428366
487,6.2109434991037915,5.047943940635092
488,6.584354112972136,5.051092322135783
489,5.42505379601576,5.051857069526131
490,4.3004241266227865,5.05032353290796
491,5.268132006742931,5.050767134687665
492,4.473502430004004,5.0495938324423735
493,3.7855508732406804,5.047029850780706
494,5.773207572774979,5.048499846169358
495,4.967371305277666,5.048335950127154
496,5.277978279368611,5.048798938694173
497,4.2968971527510575,5.047286057837144
498,5.2610554192633145,5.047715313582979
499,4.601573113680146,5.046821241038084
500,5.49365635710231,5.047714911270213
501,5.03472946533816,5.047688992216456
502,4.028675020278769,5.045659083905823
503,4.422057350041584,5.044419319027366
504,5.379269537522575,5.045083704381522
505,3.463075659081312,5.041951015182908
506,5.831323190459486,5.043511039244719
507,5.342385674811737,5.0441005355673365
508,5.363032010453892,5.044728353431287
509,5.0242188787725155,5.04468805976791
510,4.552934446902256,5.043723836997585
511,4.99504942775458,5.043628583750534
512,5.701531907936996,5.044913551180586
513,4.990104826857191,5.044806711562022
514,4.3239093843017145,5.043404187579026
515,5.42655821180486,5.04414817597558
516,4.2780640086460835,5.04266351673657
517,5.897303005014294,5.044316591181981
518,5.422924870318653,5.0450474951957585
519,4.321766072745987,5.043653889372155
520,5.7109685140879805,5.0449371867273785
521,5.205180774354375,5.0452447559934575
522,6.043933153550242,5.0471579521573595
523,5.032022538602547,5.047129012552092
524,5.806636701839324,5.04857845470722
525,5.094321410632489,5.048665584147078
526,5.033711510429342,5.0486371543491355
527,4.276592636135732,5.047172174238673
528,5.2719052713330115,5.047597805104383
529,3.8105362253294146,5.045259314405375
530,5.905118685571978,5.046881690577387
531,3.765204585769098,5.044467986048558
532,5.836336025392569,5.045956459806724
533,4.101656219155075,5.044184789561599
534,5.061808569500158,5.044217792894817
535,6.361388214460341,5.04667979368279
536,4.639954616505179,5.0459209780537275
537,2.9446327568688986,5.042007964606456
538,3.741557411860626,5.039590770270497
539,5.365713181625793,5.040195821126443
540,6.272579392588597,5.042478012925447
541,6.061454210675393,5.044361517912046
542,5.78894493371034,5.045735288051895
543,5.17625948905237,5.04597566411267
544,5.2505377087285865,5.04635169728292
545,6.468006303512105,5.048960237844808
546,7.04350114335211,5.052613243166251
547,3.8393662539690894,5.050395241357846
548,6.052543082154926,5.052223978293607
549,4.855362443531291,5.051865396263074
550,4.126580311257669,5.0501830597448825
551,5.162566877755765,5.050387023116953
552,3.548491870569194,5.047666198565236
553,4.322869460361417,5.046355535385845
554,6.248538987301593,5.048525541616739
555,5.653313099381236,5.049615248928027
556,5.21121721428878,5.0499058999448625
557,6.3018716699744814,5.052153594325525
558,6.1853216821887145,5.054184361508076
559,5.086605189103835,5.054242359410752
560,4.796745920887744,5.053782544341961
561,5.4335332781916605,5.054459461871105
562,4.5060920779091305,5.0534837191950155
563,4.966449751193778,5.0533291295538065
564,2.425404707708168,5.048669689089541
565,5.290395509354298,5.0490975223997445
566,6.12163949512032,5.050992472881583
567,6.697643586866249,5.053896619467093
568,6.288493951429793,5.0560702063191405
569,4.625469155261172,5.0553134382153475
570,4.814637173982376,5.05489119915529
571,5.316973672071214,5.055350187724319
572,6.0543852169693935,5.057096752460762
573,4.6689426937933405,5.056419345726613
574,4.654556146909741,5.055719235624144
575,4.991560179346209,5.055607654656705
576,5.224620976849465,5.05590108056329
577,6.372993289259881,5.058183736037633
578,4.400522987843786,5.057045914673977
579,4.348589664325061,5.055822328749366
580,4.77320709012362,5.055335061096564
581,4.984964524215997,5.055213941411743
582,5.7272362171693345,5.056368618861499
583,4.321203162376932,5.055107614647975
584,4.481549337674835,5.054125494310692
585,5.255701424149038,5.054470068549732
586,5.512489726389489,5.055251672061403
587,4.764358090809949,5.054756112297773
588,4.72164665867389,5.054189599621542
589,4.033588409037549,5.0524568301978
590,5.590871673925747,5.053369397729542
591,5.981547223560526,5.054939918585432
592,4.080975893298813,5.053294709083259
593,5.256343149898797,5.053637117921059
594,5.475501456939526,5.054347327246005
595,5.883237281818992,5.055740419606632
596,5.581105907816067,5.0566219053251045
597,4.800005592219691,5.056192062254577
598,5.438025927582885,5.0568305804240214
599,6.407953255788222,5.0590862109338115
600,5.4960407517357766,5.0598144685018145
601,4.780982848133391,5.059350522378074
602,5.350330297709249,5.059833877486597
603,7.473139050834703,5.063836041953178
604,5.72587188454537,5.064932127785284
605,4.922042004019531,5.064695945762531
606,5.792038024380915,5.065896180215697
607,4.962759060422073,5.065726267333005
608,5.909852570715401,5.067114632963569
609,4.816379185531261,5.066702916301118
610,6.449062785792407,5.068969080021596
611,4.849696932557322,5.06861020580316
612,6.4554742710850945,5.070876323556888
613,5.783768068144923,5.072039279094553
614,5.870200805507764,5.073339216433987
615,4.453355714133181,5.0723311131782145
616,5.90571683547779,5.073684012078051
617,4.060545443394631,5.072041972258467
618,6.239237318463246,5.073930637867212
619,4.847361950562231,5.073564614139741
620,3.892819044922163,5.071660185802293
621,4.057169923537884,5.070026546088502
622,5.720794837218577,5.071072797360415
623,7.383660659538101,5.074784816400828
624,4.782154911175269,5.074315858219378
625,4.591903414426838,5.073543998309309
626,6.298859142487373,5.075501370744099
627,3.754522648753934,5.073394546626092
628,5.711245787836546,5.074410233315918
629,5.2243264643040845,5.074648573905724
630,4.523923587133126,5.073774407260053
631,4.427749810302288,5.072750596488329
632,4.644663325561893,5.0720732432115465
633,4.434990004019369,5.071066792596709
634,4.182212804945223,5.069664814698205
635,5.07942469331806,5.0696801845857955
636,4.762859954874031,5.0691977628409655
637,3.9712351547360214,5.067474116674396
638,4.1901528953647755,5.06609900504225
639,6.711538466253579,5.068674027673253
640,5.970477717982817,5.070083095939362
641,6.20116429188127,5.071847653187321
642,5.923178418831981,5.073173713569945
643,5.332966685270776,5.073577746185343
644,5.463566512159574,5.074183318803316
645,4.148002313204529,5.072747379259751
646,5.61191244453525,5.073582000103831
647,4.205201531723986,5.07223983554683
648,5.896623496976957,5.073512032555209
649,5.94411201103091,5.074853480904171
650,4.837100975079025,5.074487707818285
651,4.227360397112193,5.073186436987708
652,5.143616024691823,5.073294457827745
653,4.5180234142570725,5.072444119323043
654,5.500676706513175,5.073098909211712
655,6.214102006457736,5.074840898673156
656,6.662389910048972,5.077260942897815
657,3.692287790698643,5.075152916790967
658,4.616565474752392,5.074455975389693
659,5.437452773470312,5.0750068051288135
660,5.322827975987778,5.075382291751327
661,5.168071818587904,5.075522517964393
662,4.3830764095806956,5.074476526864116
663,5.519830630489338,5.075148252510609
664,3.9778809129126813,5.073495741456997
665,5.41428188619669,5.074008201825027
666,4.884250589909044,5.0737232804858134
667,4.316978019561162,5.072588729869735
668,6.103118096240763,5.074131438502027
669,4.552589320287225,5.073351853870913
670,3.779290622103659,5.0714204191966346
671,4.900828147874563,5.071166183322831
672,5.468795238896007,5.071757893226957
673,4.9990590450553185,5.071649871164295
674,4.906289049423023,5.071404528698804
675,5.196646613083686,5.071590072527522
676,4.949967859513876,5.07141015801123
677,4.830279023811727,5.071053982037523
678,5.208667743903959,5.071256952187769
679,3.2347543597106068,5.0685522355567265
680,4.779815476287254,5.068127622675449
681,5.381042706854828,5.0685871161911304
682,5.472254047652001,5.069179003187408
683,4.468492794623515,5.068299521183654
684,6.442365775805328,5.07030838997696
685,4.370746581169911,5.0692871318619135
686,4.331520532515469,5.06821167034683
687,4.158541459780238,5.066887550680795
688,5.430083284303677,5.06741545145641
689,5.001564212632971,5.067319876363778
690,5.328139944106098,5.067697876461955
691,5.443747119368055,5.068242086654294
692,5.205488156003867,5.068440419124452
693,5.65423766301673,5.069285725392695
694,3.49795048676134,5.067021553579106
695,5.387361977879749,5.067482475052919
696,5.476829046554755,5.06807061667864
697,5.137274818378415,5.068169905346789
698,4.4301226479762335,5.067255797528206
699,5.566727139749133,5.067970348804631
700,5.146535585677157,5.068082584857306
701,4.7664438186350395,5.067652287045291
702,5.471118850560714,5.068227025739758
703,5.804363787646551,5.069274161958687
704,5.057358959640169,5.069257236955393
705,5.030793354269889,5.0692026782565485
706,6.231159728862828,5.070848509772988
707,5.046439029853218,5.070813984341701
708,4.399323475857898,5.069865551420114
709,5.771960180275016,5.070855811827526
710,4.541935206057801,5.07011085322785
711,3.7527368315810463,5.068258006502608
712,5.269595913536591,5.068540784461926
713,5.641965774362774,5.069345027084507
714,5.172781606681127,5.069489896243606
715,4.041976462963802,5.068052814518739
716,4.622405956046947,5.067430402705232
717,4.939388797592514,5.067251823060722
718,4.404743847942925,5.066329110003456
719,5.365490642253576,5.066745190020494
720,5.893648023040342,5.067893666177465
721,5.7112616630953426,5.068785993496354
722,4.717329907992919,5.068299212214493
723,5.2264463391721705,5.068517949596177
724,4.862260288057001,5.068233063323333
725,4.862040087515211,5.06794865921877
726,6.04871352935983,5.069299575017862
727,5.720854124258068,5.070195798606913
728,5.252430135641461,5.070446120498445
729,6.319518609923591,5.072159525833732
730,6.008071350175086,5.0734415968259805
731,4.893677610678594,5.073195681660252
732,4.715753152503808,5.072707372194191
733,4.74386800153512,5.0722587509518196
734,5.251321848938446,5.072502706126188
735,5.079747237580676,5.072512562631569
736,4.579555296952904,5.071842783737983
737,5.718275396953885,5.072719897188751
738,5.427425714612156,5.073200528377671
739,5.470373959331695,5.0737379755102205
740,4.899367361485531,5.073502339545322
741,6.36145252508414,5.075240463952257
742,5.60895777238261,5.07595975951618
743,5.220358764962526,5.07615410541853
744,5.105196950452736,5.076193141500566
745,3.750846546827262,5.074414152782883
746,3.4909727433551723,5.072291577167028
747,6.226377668840371,5.073836538467796
748,5.942520478284337,5.074997880633326
749,6.045929913745724,5.076294185083409
750,5.018021278795672,5.076216487875025
751,6.246024827312141,5.077774155437525
752,4.244707918474674,5.0766663545905
753,5.719127728913477,5.0775195569468385
754,5.738717964309998,5.078396477911512
755,5.356524899879318,5.078764859927363
756,5.441301511412021,5.07924440576266
757,6.064417556830392,5.080545823399474
758,4.725510789751581,5.08007743945007
759,5.770093796874249,5.080986551910444
760,5.270412740173725,5.081235796895001
761,4.036156965797218,5.079862500139288
762,5.514000154927231,5.08043223459439
763,3.697022295615639,5.078619115408311
764,3.2128237091134366,5.076176974824155
765,6.555688207821831,5.078110976435917
766,3.9471634299085423,5.076634543607551
767,5.04403560786227,5.076592041735655
768,6.728582200567438,5.0787430705883
769,4.856020085750643,5.07845344381998
770,4.806855899193991,5.07810071973605
771,5.852549787004193,5.079105193234453
772,5.493474682644774,5.079641941277731
773,5.7851741918043444,5.080554660877377
774,5.117736202706908,5.080602699045115
775,4.701344087523239,5.080113333094765
776,5.9169081021087635,5.081191676869267
777,4.4759307178914725,5.080412705236092
778,5.63857109974596,5.081130132478392
779,6.111824494351097,5.082453231787599
780,4.361490483919084,5.081528920572383
781,4.274554905238645,5.080495663190393
782,6.464989693795687,5.082266115914953
783,4.144524057720716,5.08106848876528
784,4.675504894477527,5.080551188262362
785,5.81550426861638,5.081487434224596
786,5.82467362095818,5.082432963724258
787,4.571848789049255,5.081784190948304
788,3.505480446074202,5.079783805485266
789,4.71872279668672,5.079326186969679
790,5.602842366033826,5.079988865677355
791,6.4871112433829055,5.08176778145195
792,5.665741183161302,5.082505121605624
793,5.9070767443038505,5.0835449344967945
794,4.21092770743337,5.082445920356916
795,4.461150044202412,5.081664416110181
796,3.896431584157895,5.080175430140391
797,5.500608979415347,5.0807029502775
798,5.884014570850496,5.081709606443631
799,4.456071944252059,5.080926580583567
800,6.4310564270521695,5.082614242891652
801,3.95311732441661,5.081204134379199
802,4.016830188918718,5.079876984821269
803,5.463080668126807,5.080354199868972
804,5.378520596708512,5.0807250535963835
805,4.121557929414308,5.0795335416408784
806,5.775556953189522,5.0803970942606655
807,5.779460002917034,5.081263343218108
808,5.39017868524995,5.081645664185969
809,4.970499945108827,5.0815082776358125
810,4.3422791654158885,5.080595649102207
811,3.823091804035016,5.079045089490534
812,4.233980548620082,5.078004369612614
813,4.289137298913005,5.0770340534124925
814,4.399972761481649,5.076202282783585
815,4.536460647609573,5.075540023108525
816,3.5537325578212062,5.073675062979496
817,6.047420812472609,5.074866918242033
818,5.267291787437543,5.075102156468434
819,4.91567504651772,5.074907495772524
820,3.8500230889389258,5.073413734300775
821,3.98911485316367,5.0720930292080375
822,5.3431960815998,5.072422838274209
823,5.231801287037726,5.072616493740506
824,5.125126873715843,5.072680219929797
825,5.353421712577145,5.073020512648157
826,5.132229063527518,5.07309219370249
827,5.408524586004475,5.073497795144211
828,5.211313064434179,5.073664238706154
829,4.3074820420227695,5.072740014102194
830,4.99100689965114,5.072641540470325
831,5.4994641776931985,5.0731551657858756
832,6.077179224255502,5.074361925471536
833,6.059821307395765,5.075544949939633
834,6.697574234538429,5.077489829177761
835,3.491083793106611,5.075589941709412
836,4.319922190012051,5.0746860329155155
837,5.394548245766714,5.075068186096939
838,6.129463554917294,5.076326414460686
839,5.099858356814195,5.0763544620677825
840,4.209760014241468,5.075322802010847
841,3.9663588810654744,5.074004176658949
842,4.940074541367238,5.073845115334374
843,5.498298319943359,5.074348618542689
844,3.80315763005369,5.072842468082394
845,4.907268286294425,5.07264652230513
846,5.2818198110632295,5.072893772055435
847,5.342491549250326,5.073212069313045
848,4.492285278002782,5.072527014134613
849,3.111556634567904,5.070217272815924
850,4.282722010239652,5.069290807801129
851,4.635585960898965,5.068781166382911
852,5.495234817753712,5.069281698837573
853,5.824001151658351,5.0701664813145015
854,3.9331851837156933,5.068835121481248
855,5.352103843765235,5.069166429928363
856,4.014787438851485,5.0679346787705635
857,5.127974460559443,5.068004736858999
858,6.161876295178374,5.069279645435128
859,6.0628569240675745,5.070436312814211
860,5.1542214215982085,5.07053373735931
861,4.836124164036349,5.070261484660908
862,4.998564349437828,5.070178309330024
863,4.976085380580315,5.070069279285122
864,3.9296561099939282,5.06874935663548
865,6.0857187800969115,5.069925043830233
866,4.99147180963223,5.069834451181043
867,4.821164521970985,5.069547634653697
868,4.272325276206374,5.068629175715393
869,4.733013303880199,5.068242966426745
870,3.429043963845416,5.066358829642168
871,6.111965883968793,5.067559296983531
872,3.866462929975654,5.066181892892926
873,6.514435696125851,5.067840831957339
874,5.781924634531549,5.068657861479735
875,4.387203434728704,5.067879056420591
876,6.322145861020239,5.069310867841367
877,5.520395934964682,5.069825217974917
878,4.801737687165769,5.069519879101558
879,4.960163610807811,5.069395469240018
880,4.364864451738114,5.068594865811038
881,5.680143927790212,5.06928901911635
882,5.5179216081572235,5.069797672845421
883,4.550150962733582,5.069209171474966
884,5.192936777332932,5.069349134830008
885,4.672587288257262,5.068900816359305
886,6.189022955730138,5.07016506256627
887,6.330410932728753,5.071585858361267
888,6.695903718186294,5.073415045140349
889,4.2229366648810185,5.072458376546132
890,4.486231632979965,5.071799694811788
891,6.851936341599718,5.073797603506274
892,5.274728792177797,5.0740228626864
893,4.906136234678641,5.073834859743502
894,4.83734912859137,5.073570334317157
895,6.743658895433924,5.075436355055835
896,5.018020309112629,5.075372274647417
897,4.908923892742038,5.075186713463576
898,5.2507540446253245,5.075382222741038
899,4.6258247379699355,5.074882158798022
900,3.521622403725374,5.07315631462572
901,3.219902300925213,5.07109942892794
902,5.836074617255804,5.071947516719877
903,5.364012267187846,5.072270954981747
904,6.096816840384989,5.073404302200113
905,5.763349146873466,5.0741666721942265
906,6.641462380912138,5.075896579157492
907,5.5278210819895435,5.07639484211541
908,4.487309616514963,5.07574606984052
909,5.01460664964452,5.075678809752295
910,4.687702949786626,5.075252462653432
911,5.133335730795011,5.07531622035721
912,6.372860145512945,5.076738965889179
913,5.727390011290112,5.077451617636605
914,6.3874703601924026,5.078884898536558
915,3.7265903451587405,5.077406980991881
916,5.10360214239229,5.077435578329656
917,5.3805714254486645,5.077766151772533
918,5.4998580170461935,5.078225946832744
919,4.747793886810129,5.077866390728258
920,4.335075295402305,5.0770590091029035
921,5.8211788033188725,5.077866956762205
922,5.442347752945082,5.078262272159366
923,4.978266937692567,5.078153934852251
924,5.16601920721898,5.078249027138363
925,5.153183754628245,5.078330037654569
926,4.643709630785722,5.0778606851633485
927,5.230295030362484,5.078025123507685
928,5.588403008340649,5.078575099676686
929,5.019707571525501,5.07851173312324
930,3.999145685196666,5.077351124469556
931,5.494617888404932,5.077799316482375
932,5.863049352136372,5.078641859439085
933,5.091392322605003,5.078655525530367
934,5.023813501214903,5.078596808159579
935,4.013756402242464,5.077457941415283
936,5.140700033509006,5.07752550775299
937,6.427357011307578,5.078966096337361
938,4.799922979549905,5.07866860900603
939,4.596122710276006,5.078154715610151
940,4.052988525106741,5.077064113279829
941,5.615026801365005,5.077635805828273
942,5.206228881398047,5.077772316524206
943,5.580130593356898,5.078305040041526
944,4.97301506646933,5.078193504052573
945,5.219827071340788,5.0783433808433545
946,4.50523685711012,5.077737559993741
947,5.14264834449439,5.077806103588779
948,4.832025583893582,5.077546841437202
949,4.770073330101567,5.077222844059609
950,5.035880115877262,5.077179325398364
951,3.9824614104221467,5.076028202459378
952,4.155824499973335,5.075061601931556
953,5.143609125531285,5.075133530078041
954,4.124572298386028,5.07413713465698
955,6.237426542008684,5.075355238748448
956,4.138801712166227,5.074375580247839
957,5.381365081240915,5.07469636342547
958,4.374203058238322,5.073965159557843
959,5.112636931815871,5.074005484659258
960,3.9891825129008964,5.0728754607303435
961,4.863154202997748,5.072657228412203
962,5.673675263328278,5.0732819872842585
963,4.273826490940891,5.07245181542928
964,6.148501660529135,5.073568049708429
965,6.174038353723034,5.07470843344316
966,6.516349876135742,5.0762008158890115
967,4.459843842781069,5.0755634250171315
968,4.80418364161352,5.075283074001218
969,4.773514044002155,5.074971650853644
970,4.198079375104683,5.074067638198234
971,4.933689930775003,5.073923067953719
972,4.629858289574415,5.073466211185839
973,4.743500830789799,5.0731270895204785
974,6.466651207670282,5.07455781243439
975,5.133680281421718,5.07461845086412
976,5.915158109327379,5.075479659530578
977,4.412392533727328,5.074800962370085
978,4.85058677425323,5.074571704509023
979,5.60049913869598,5.075108913328418
980,6.023131171082355,5.076076282979187
981,6.0846582664980815,5.077104399170338
982,5.86589694623143,5.077907650236591
983,6.531796992936073,5.079386683138626
984,4.1076209940192,5.078399116381391
985,4.098534119860787,5.077404329582893
986,6.06692729469772,5.0784079025698246
987,6.077674892086165,5.079420331130631
988,6.5501564515107376,5.080908930442757
989,5.859634564068557,5.081696317332167
990,5.645116768605163,5.082265428899109
991,4.1030333381369815,5.081277303681388
992,5.155352583029654,5.081351976342021
993,4.75104457552662,5.081019340490243
994,5.663366824175142,5.081605203149886
995,5.043854425071416,5.081567262669404
996,4.149584354455811,5.080631536857945
997,5.2397513675148275,5.080791135484482
998,5.218295063530292,5.080928914971501
999,4.42816184699484,5.080275494483036
1000,5.252596124107967,5.080447815112661
1001,4.727461972348664,5.080095181903107
1002,5.413602528323267,5.080428023566201
1003,5.45671181140716,5.080803181879103
1004,4.1346599221476765,5.0798608081144305
1005,4.974792606740564,5.0797562626404265
1006,4.3436655912434645,5.079024562171841
1007,4.385278611302866,5.0783356386853775
1008,6.02105821792442,5.079270879339385
1009,6.287177095407799,5.080468011367203
1010,5.536650102527133,5.080919676803994
1011,5.066475777920573,5.080905390059303
1012,4.986829915365362,5.080812430104071
1013,5.1822323328187565,5.080912548468055
1014,4.530162389077162,5.080369402354257
1015,6.280273014488429,5.081551573400694
1016,5.247556323421776,5.081714963902683
1017,5.897889143189005,5.082517495052424
1018,5.376827178260484,5.082806600831607
1019,6.408972893668931,5.084108039784343
1020,4.7423319333860405,5.083772965170226
1021,3.8829064309496033,5.082596798143566
1022,5.040821025255269,5.0825559216534595
1023,4.207804425344335,5.081700837101838
1024,5.470422950491383,5.082080448540695
1025,5.562068409201331,5.082548729477924
1026,2.695027396889742,5.0802217106352465
1027,6.20649605787068,5.08131837504346
1028,4.533215711832938,5.080785201246562
1029,5.373192751222604,5.081069367961796
1030,6.366573026310093,5.082317429766018
1031,4.663071225536058,5.08191078941274
1032,5.250480137491849,5.08207413180429
1033,4.958168394935569,5.0819541843339415
1034,3.4258773440939763,5.080352562631583
1035,5.109009828710526,5.080380250811369
1036,4.992713806966989,5.080295630691828
1037,4.382525944715709,5.079622757320588
1038,5.919275338609779,5.080431671175394
1039,4.502344147938331,5.079875282798843
1040,5.642403971100677,5.080416175768363
1041,4.209984676512363,5.079580026393478
1042,5.0817675855793,5.079582125778493
1043,3.6528434609837603,5.078214207595564
1044,5.059819507833012,5.078196588151347
1045,4.324113074697365,5.077474977133687
1046,5.59767640256355,5.077972301632187
1047,4.987353775884401,5.077885750986773
1048,5.77481899157479,5.078550763620923
1049,5.151267321403651,5.078620083504414
1050,4.819496019367676,5.078373298681427
1051,3.6298440901107654,5.076995059662806
1052,5.301783165035189,5.0772087365690535
1053,5.884445185454368,5.077975342883284
1054,4.482573994929666,5.0774104459687175
1055,4.405133759950644,5.076773216882445
1056,5.347188299529449,5.077029291771315
1057,4.53293970272415,5.076514542869662
1058,5.047582055684188,5.076487196473456
1059,5.113344383781296,5.0765220002386195
1060,5.4527004641481085,5.076876885581931
1061,5.1180087098673255,5.076915652617072
1062,3.9192527980250134,5.075825574599565
1063,5.724601706344089,5.076435900217387
1064,5.0002284974001725,5.076364276718499
1065,6.5011631391503215,5.077702116025947
1066,3.688662578934043,5.076399077060569
1067,5.3681436714559965,5.0766725021724675
1068,4.2781051895899935,5.075924779969675
1069,5.7462893670027455,5.076551874999641
1070,5.325272838542702,5.076784324498279
1071,4.991802937428261,5.0767049767979335
1072,4.209952692793891,5.075896439219572
1073,4.042485544489637,5.074933334937437
1074,6.236454021461711,5.076014825334574
1075,7.033097459692918,5.077835367320023
1076,4.562435321530245,5.07735637099494
1077,4.57504268898505,5.076889970175989
1078,5.530882147520273,5.077311113197644
1079,6.695303176027764,5.078810642449572
1080,4.89415803409409,5.078639667812205
1081,6.709908187999638,5.080148704371121
1082,3.532137660720565,5.078718010245751
1083,4.021600021386135,5.077741908686323
1084,6.98225001729471,5.079498834985778
1085,2.8489407767866766,5.077443021107253
1086,5.491937894880934,5.077824692261741
1087,5.413796328382972,5.07813377380371
1088,4.891973041732882,5.077962670189676
1089,4.933598140826419,5.077830104047009
1090,4.319750709859264,5.077134618364268
1091,3.9925566674750854,5.076140504752088
1092,5.246962351622969,5.07629693501479
1093,6.004617621713265,5.0771462677565085
1094,6.369588999350668,5.078327659650104
1095,5.48953099026555,5.0787031878059175
1096,4.391579277007949,5.078076249931103
1097,4.206160599467665,5.07728143165356
1098,5.853419792947406,5.077988297192079
1099,3.738971153178298,5.076769901246662
1100,5.952358616719977,5.077565890988001
1101,5.229097542117088,5.077703521915457
1102,5.08785430152183,5.07771273314922
1103,4.746124486880021,5.077412109172547
1104,4.821795345034644,5.07718057224851
1105,5.874566465721884,5.077902188441699
1106,4.354714833132363,5.077248311990243
1107,5.331292044395539,5.077477800456734
1108,4.731870681206502,5.077165880674017
1109,5.270552230504592,5.077340259709032
1110,5.124237952971072,5.077382509883142
1111,4.504246711132026,5.076866636076884
1112,5.600302662205152,5.07733735192772
1113,4.605853859786919,5.076913736930289
1114,4.420354630805235,5.0763243660989374
1115,5.281780562945755,5.076508631746333
1116,4.316727612114846,5.075827824381072
1117,3.827578440680128,5.0747103226946795
1118,4.649612135116669,5.074330091757669
1119,4.917819417400409,5.074190225203283
1120,5.881339239415368,5.074910893965973
1121,5.0712478123792835,5.074907626274994
1122,4.851254012647857,5.074708291503491
1123,6.336931737119066,5.075832266076612
1124,5.086947297990378,5.0758421548950405
1125,4.5105460294664255,5.075339669450215
1126,5.194993566182262,5.075445934012144
1127,4.948713567305816,5.075333482932547
1128,5.44757732979113,5.075663486342883
1129,4.6593000580791255,5.075294696769575
1130,5.207852921801219,5.0754120049333205
1131,4.3470650089492295,5.074768019967817
1132,6.24908670605442,5.075805403966127
1133,6.240193761098013,5.076833107723525
1134,7.1403624056215875,5.078652798462412
1135,4.59684343566542,5.078228296821181
1136,4.368493242547061,5.077603530048052
1137,5.489570190605605,5.077965857805799
1138,5.694098895374211,5.078507275237757
1139,5.123624673537989,5.078546886649785
1140,5.1525505894595085,5.078611802178566
1141,5.354668577396026,5.078853745013989
1142,3.8166299597837536,5.077748470245836
1143,5.664960661781521,5.078262216695124
1144,4.452411298240506,5.077715144213957
1145,5.331503679072398,5.077936793589379
1146,5.396869372626057,5.078215094269167
1147,5.4119439635744016,5.078506052306922
1148,6.06562707832137,5.07936591382784
1149,5.225734050426041,5.079493301240023
1150,6.01158180734663,5.080303812984464
1151,4.837814982537893,5.080093136328993
1152,6.180342049421341,5.081048213510497
1153,5.276835192087319,5.081218020083417
1154,6.24049361495171,5.082222591656094
1155,6.095558618306669,5.083099938865315
1156,4.7473559446351885,5.082809502884147
1157,4.506435209735216,5.0823113401415805
1158,4.74994163382398,5.082024319669804
1159,4.813905187655635,5.08179298305892
1160,5.510083875174558,5.082162199345227
1161,5.267694561790364,5.082322003274982
1162,3.585986667712163,5.08103427923405
1163,6.340641571830275,5.082117346553565
1164,4.852091811517099,5.08191973011453
1165,3.9310559923114994,5.080931864245171
1166,5.351720660280762,5.081164101634568
1167,5.566668616379815,5.0815801294963885
1168,4.901200290107894,5.081425694702391
1169,5.868066881893597,5.082098612741049
1170,5.7770770625494094,5.082692611416099
1171,5.134436523904412,5.082736799214979
1172,5.409507282575774,5.083015613620577
1173,5.368261158464932,5.083258789703138
1174,5.7914894293118095,5.083862052598886
1175,4.720940715310618,5.083553183375663
1176,4.348730976978516,5.082928334560699
1177,5.607717850080434,5.08337420500719
1178,5.9953536124175315,5.084148381074601
1179,5.487764847704739,5.0844907190446005
1180,5.909743170497848,5.085190085528884
1181,4.829699623562561,5.0849737515221385
1182,3.872830305174773,5.083948249452471
1183,6.7194495183679095,5.085330752638367
1184,6.3416389943281715,5.086391823788443
1185,5.012041341111285,5.086329080765086
1186,5.5191689809599325,5.086694038522418
1187,4.253796893513282,5.085992356007667
1188,4.139946551933448,5.0851960211557525
1189,6.06360904639007,5.086018908477229
1190,5.750970721933626,5.086577691513746
1191,5.464332946660463,5.086894866371132
1192,4.499262353812426,5.086401886075361
1193,6.645422045893042,5.0877086925798185
1194,3.6964907424862616,5.086543518417262
1195,5.6373643007162,5.087004456310398
1196,6.559691023098175,5.088235799593666
1197,6.417025499197315,5.089345899593335
1198,5.721206259542541,5.089873328942207
1199,5.207800026568535,5.08997168315207
1200,5.593464000407877,5.090391260083117
1201,5.567518753117085,5.090788535264661
1202,5.604152734702382,5.0912156269447255
1203,5.845055733627774,5.091842260449865
1204,5.970253371192015,5.0925718377843685
1205,4.091285373205807,5.091740894660237
1206,6.205373950110712,5.092664305153977
1207,6.2847471205669265,5.093651946260367
1208,5.254109091482107,5.093784775022968
1209,5.512260723148032,5.094130908975098
1210,6.017468441595042,5.094893997845031
1211,5.3161840304833845,5.095076731150265
1212,5.321772969476797,5.095263774251196
1213,4.88250089420616,5.09508837204176
1214,4.99200063378639,5.0950034562771345
1215,4.13796685103371,5.094215771828375
1216,6.901387927755131,5.0957019331408135
1217,5.359611156540623,5.095918785419697
1218,6.332321242976533,5.096933894169743
1219,3.632932028148957,5.09573290822551
1220,3.2566543252633977,5.094225466764065
1221,4.716612003284155,5.093916201028209
1222,5.341901175869694,5.094119134722843
1223,5.002091039373582,5.094043886893448
1224,5.819430878846745,5.094636523324782
1225,6.445182434976935,5.095739009783274
1226,7.297334083955796,5.097534764329907
1227,5.075802558389128,5.097517052670624
1228,4.877546192796089,5.097337923305905
1229,4.334087788036456,5.096716889835385
1230,3.5817091992347656,5.095485176265791
1231,5.022341750812245,5.095425758373465
1232,4.01971128157119,5.094552613505931
1233,4.848214806432324,5.094352826152262
1234,4.636145254497123,5.093981507212509
1235,4.851871735475427,5.093785466911507
1236,4.522935254444988,5.093323613988799
1237,6.135402938839434,5.094166038665316
1238,3.4882906449377202,5.092868885681691
1239,5.943870763376225,5.0935557314264
1240,3.6285038886044845,5.09237423800477
1241,4.637383013679951,5.092007605269616
1242,4.513729743084198,5.09154200312615
1243,5.650548538498214,5.09199172680706
1244,5.008446504854348,5.091924568268514
1245,7.050181505436747,5.093497465406801
1246,6.638398563298367,5.094737353928384
1247,4.9356703514075235,5.094609794182978
1248,6.0504827706359805,5.095375718042315
1249,5.564727371375113,5.0957514999905404
1250,4.958350847286354,5.095641579468377
1251,4.475457862732753,5.095145829095286
1252,6.050189113215993,5.095908643219984
1253,4.996540895499024,5.095829339351092
1254,3.032033379972532,5.094183569048558
1255,5.18898388871915,5.09425910715188
1256,3.5938622094716237,5.093064523634619
1257,3.7415826205258753,5.091989359033897
1258,3.8499448578218534,5.0910020422602775
1259,5.473829660983526,5.091306115031305
1260,6.552877461537058,5.092466092290437
1261,4.835521570313077,5.092262329782921
1262,4.961735152000969,5.09215890095742
1263,4.238231972097623,5.091482790958323
1264,5.434237516515566,5.09175395767158
1265,4.987418362300829,5.091671478940062
1266,4.484170293472403,5.091191620183769
1267,4.685591248416685,5.0908714936077875
1268,5.949528964116553,5.0915486682690725
1269,5.204307251372214,5.091637524520532
1270,5.811584801361747,5.0922044121400925
1271,5.704981402616625,5.092686534083819
1272,5.151972839649389,5.09273314281461
1273,4.905940690869983,5.092586408759665
1274,4.928556447010067,5.092457656827365
1275,5.403108340988453,5.0927013044227865
1276,4.378715796011534,5.092141754651304
1277,5.393307520009557,5.092377593151976
1278,5.193637222260591,5.092456826038603
1279,4.392827634980449,5.0919098133794485
1280,4.334113657931965,5.091317785133005
1281,5.7191507790664105,5.091807896759807
1282,4.347487032048363,5.091227303261593
1283,4.035317058467669,5.090404302291371
1284,5.258232482111424,5.090535009596527
1285,5.1738307569773525,5.090599831189819
1286,4.059148308279973,5.089797769352408
1287,6.069353313573288,5.090558884771384
1288,6.455035989246653,5.0916182614052925
1289,4.751944684161643,5.091354744277873
1290,4.120138916871213,5.0906018637915125
1291,3.1010780198538015,5.089060791875217
1292,6.250072960486428,5.089959408104792
1293,5.681077247926368,5.090416575807669
1294,4.303303505848078,5.089808296773698
1295,2.9232722839251153,5.0881352959915755
1296,5.251875148451106,5.088261638470325
1297,6.2428511257426464,5.089151838537613
1298,4.136879772134634,5.0884181928778265
1299,5.655931975163469,5.088855078006607
1300,5.9644280860507735,5.089528595705102
1301,3.2840963072666227,5.088140869119062
1302,4.135966087342453,5.087409552082367
1303,4.864784646800686,5.087238696437485
1304,5.8918904225643445,5.087855760644637
1305,5.365689669538611,5.0880686601916825
1306,5.127980929528846,5.088099220887959
1307,3.815994535556513,5.087125919675004
1308,5.351064132352093,5.087327707299375
1309,6.523244249767089,5.088424664169098
1310,5.742940862540422,5.088924294854878
1311,5.048090621168299,5.088893147887917
1312,5.12412052052899,5.088919998019502
1313,5.0349644587935956,5.088878904691837
1314,6.1000369310277875,5.089648431348104
1315,6.0424824021782655,5.090373019919078
1316,6.071734432348478,5.091118735278067
1317,5.326609090657286,5.091297543444642
1318,4.510280189912791,5.090856710854709
1319,4.426832559201486,5.0903532808686185
1320,4.044046609280656,5.089560624299233
1321,4.058007548596194,5.088779736278262
1322,5.340618797668526,5.08897023481184
1323,6.321415638070498,5.089901788404629
1324,5.33808899752475,5.090089240979492
1325,5.150371069134792,5.090134736698855
1326,5.855505022228641,5.090711939025801
1327,5.368225722103517,5.090921067724427
1328,3.489246088417815,5.089714987167721
1329,4.972816398451215,5.089627027356798
1330,5.795968810859037,5.090158111404543
1331,5.824889684353124,5.09071012610999
1332,5.727929159673138,5.09118851877783
1333,5.651978246489918,5.091609216247981
1334,4.146721765409637,5.090900904815569
1335,5.684431575993514,5.091345497078623
1336,5.148328359228017,5.091388148921549
1337,3.9898306327284416,5.09056424651602
1338,5.892681402425666,5.091163736169166
1339,4.666822386324881,5.090846827020664
1340,3.499922132145457,5.089659569785683
1341,6.101891473863404,5.0904144034203425
1342,4.560634739589418,5.09001963466935
1343,4.967136469799243,5.08992813566349
1344,4.992688916996656,5.089855785054363
1345,3.5947357984486814,5.088744171681422
1346,4.675833920909724,5.088437403293033
1347,4.709116511214958,5.088155799067288
1348,4.803214467290914,5.087944418257365
1349,4.3954194148521,5.087431056505396
1350,4.767896765852157,5.087194364438246
1351,3.9440982636607487,5.0863482533347835
1352,5.271460581224474,5.086485170737069
1353,5.113855792132242,5.086505400316814
1354,6.246574238527899,5.087362171984622
1355,5.174889562785296,5.087426767844991
1356,5.095808146430002,5.0874329488026495
1357,4.949328092987415,5.087331176617082
1358,4.223861858613219,5.08669533764948
1359,5.283566680181224,5.0868402025078545
1360,6.4349066409621685,5.087831427830247
1361,4.070768265357302,5.087084136748342
1362,4.6683582265575865,5.086776702159362
1363,4.587713964748275,5.086410551948496
1364,3.549461370948933,5.085283756361253
1365,5.164563625935912,5.085341836851784
1366,5.507737168149177,5.085651057445706
1367,5.427022239363566,5.085900780329332
1368,3.534998884230589,5.084767080112886
1369,5.9619138337063475,5.085407800897103
1370,4.380449921322352,5.084893233101794
1371,6.909241502969749,5.086223902882878
1372,5.699072124921358,5.086670585260458
1373,5.408306862678529,5.08690484329208
1374,7.111582733275519,5.088378407986392
1375,4.990878734720084,5.088307499133108
1376,5.953032727640647,5.088935933165453
1377,6.984909855513983,5.090312820545517
1378,5.954382558688437,5.090939866799612
1379,5.053545775131539,5.090912749981868
1380,4.210200176068753,5.09027455246454
1381,5.675081452432849,5.090698018720853
1382,6.105255144969675,5.091432141098747
1383,6.299332845643882,5.092305532786776
1384,5.107255071722591,5.092316334476759
1385,4.85514281734072,5.092145090060055
1386,5.373621842080269,5.092348175739723
1387,5.940474007744285,5.092959657954578
1388,4.572143299466134,5.092584430030595
1389,6.604826009942144,5.0936731568699845
1390,6.328885941645396,5.094561799161189
1391,4.248140184934456,5.093953300516886
1392,5.376504267092599,5.0941562825331035
1393,5.96440471999486,5.094781012208238
1394,5.099618573787865,5.094784482481968
1395,4.102951918721985,5.094073491396835
1396,5.27452899211859,5.0942027575148305
1397,5.803079154633778,5.094710185143406
1398,5.820757922160652,5.095229532594777
1399,4.148659176229586,5.094552927622393
1400,5.4184585245756836,5.094784288763074
1401,5.025638633509928,5.094734934262536
1402,6.438594323311186,5.095693464497236
1403,4.537777866754084,5.095295805482451
1404,4.950689305640367,5.095192809399943
1405,4.299049251242067,5.0946261591806135
1406,4.489637646464146,5.0941958686310285
1407,4.95520093345057,5.094097080475249
1408,5.247346812706766,5.094205922614619
1409,4.020558752091915,5.093443930300549
1410,4.643620048860598,5.09312490627116
1411,5.291065066486723,5.093265189871596
1412,4.454032710280444,5.0928124756509225
1413,4.071716291315397,5.092089831500649
1414,3.7463372376915913,5.091138096993005
1415,5.025334891604572,5.091091592960929
1416,5.604092983869535,5.091453882078802
1417,4.732818358911217,5.09120078714361
1418,5.151242241157846,5.091243129494819
1419,5.099557692195063,5.091248988947038
1420,5.605153747580573,5.0916108937066396
1421,6.107891005746993,5.092326080273874
1422,5.930850904203865,5.092915760178185
1423,4.945590213607247,5.092812228522126
1424,4.817160108083414,5.092618652594853
1425,6.526268790492949,5.0936247228670615
1426,4.314164859223524,5.093078117072079
1427,4.91854780613761,5.092955811318097
1428,5.712358005748513,5.093389566356214
1429,5.4465277653761035,5.093636688958746
1430,5.329449163221767,5.093801592786902
1431,6.4248593149266,5.094731751921871
1432,5.544465586917767,5.09504581186251
1433,5.526384760143571,5.095346816013439
1434,4.667890617304124,5.0950487294034605
1435,3.874334817596406,5.094198057687915
1436,6.547041612103541,5.095209787182634
1437,5.415444102832396,5.095432636393246
1438,4.38850387826902,5.094941030859085
1439,5.299647454978185,5.095083286886965
1440,4.168345258861223,5.094439718811946
1441,4.236109905895447,5.0938440700868135
1442,5.629343653233207,5.094215429021035
1443,2.969612555413377,5.092743077757273
1444,4.695003456118016,5.092467634806
1445,6.035393443526601,5.093120178618262
1446,4.994550384828756,5.093052011402641
1447,5.04309651139269,5.093017487905743
1448,5.786447860692007,5.09349637628474
1449,4.228445266765732,5.092899377589419
1450,4.303009443604907,5.09235462591081
1451,5.936516252822628,5.092936405116124
1452,3.196014462947801,5.091629985045761
1453,4.617583312829524,5.091303731314022
1454,5.582355837148967,5.091641456283647
1455,4.567165090370025,5.0912809914273485
1456,4.9113566864592,5.091157417042068
1457,5.323847354635518,5.0913171218722635
1458,6.28101855300153,5.092133103649444
1459,7.091797641633725,5.093503675642578
1460,6.12733962660289,5.094211782458305
1461,4.102867399003486,5.093533244208165
1462,4.125758066073288,5.092871291281944
1463,4.68677574524952,5.092593714011929
1464,6.800699734644262,5.09376045309706
1465,6.03812820395315,5.094405072722218
1466,4.496454477120508,5.093997193734768
1467,4.804252636986035,5.093799685516125
1468,4.055833639303117,5.093092624176743
1469,3.7385473344984774,5.092170537526179
1470,5.0086616906558845,5.092113728786812
1471,4.883978524288821,5.091972236465603
1472,5.216168884221645,5.092056609188263
1473,4.829389116375481,5.091878287740325
1474,5.739376444937307,5.092317567358505
1475,2.4411827070371146,5.090520187792185
1476,4.718308143337154,5.090268011610306
1477,5.608396386103479,5.090618809426482
1478,5.962606154881456,5.091208787332744
1479,6.322093801422788,5.092041028721581
1480,6.246288742631435,5.092820925825574
1481,5.031690032805997,5.092779649057836
1482,4.630313458496957,5.092467593598619
1483,4.046188556936286,5.091762078401948
1484,4.674805990391221,5.091481110687655
1485,4.449910247059066,5.091049076436053
1486,4.873657989481188,5.090902783645371
1487,6.07345078402291,5.0915635422199355
1488,5.29242276192673,5.0916985282546845
1489,3.351190727584793,5.090529617710245
1490,3.4507511669537934,5.089429095260073
1491,4.732486082729864,5.089189696861327
1492,5.8229402122409795,5.089681486750991
1493,4.039773738278072,5.088978266557775
1494,5.60034394427997,5.08932054612787
1495,4.694741648928911,5.089056613755162
1496,5.713877297384499,5.08947427463994
1497,5.87835358199284,5.090001248125146
1498,6.144984167163244,5.090705509085786
1499,4.372657836975819,5.090226491292517
1500,4.940852895043761,5.0901269088950185
